{
  "type": "FeatureCollection",
  "features": [
    {
      "type": "Feature",
      "properties": {
        "name": "Unnamed",
        "type": "point"
      },
      "geometry": {
        "type": "Point",
        "coordinates": [
          9.968978299679641,
          33.5451552587573
        ]
      }
    },
    {
      "type": "Feature",
      "properties": {
        "name": "Unnamed",
        "type": "point"
      },
      "geometry": {
        "type": "Point",
        "coordinates": [
          10.1815316,
          36.8064948
        ]
      }
    },
    {
      "type": "Feature",
      "properties": {
        "name": "Techine",
        "type": "point"
      },
      "geometry": {
        "type": "Point",
        "coordinates": [
          10.00251676715874,
          33.47783802008408
        ]
      }
    },
    {
      "type": "Feature",
      "properties": {
        "name": "Untitled placemark",
        "type": "point"
      },
      "geometry": {
        "type": "Point",
        "coordinates": [
          10.08714165797187,
          33.31814114977097
        ]
      }
    },
    {
      "type": "Feature",
      "properties": {
        "name": "Bir Zouay",
        "type": "point"
      },
      "geometry": {
        "type": "Point",
        "coordinates": [
          10.05680296087118,
          33.26749416423145
        ]
      }
    },
    {
      "type": "Feature",
      "properties": {
        "name": "Bir soltan",
        "type": "point"
      },
      "geometry": {
        "type": "Point",
        "coordinates": [
          9.735872304109412,
          33.28431553478461
        ]
      }
    },
    {
      "type": "Feature",
      "properties": {
        "name": "Untitled placemark",
        "type": "point"
      },
      "geometry": {
        "type": "Point",
        "coordinates": [
          9.777987050347958,
          33.0416527483416
        ]
      }
    },
    {
      "type": "Feature",
      "properties": {
        "name": "Ksar Ghilen",
        "type": "point"
      },
      "geometry": {
        "type": "Point",
        "coordinates": [
          9.636671625174634,
          32.98510806932996
        ]
      }
    },
    {
      "type": "Feature",
      "properties": {
        "name": "Douz",
        "type": "point"
      },
      "geometry": {
        "type": "Point",
        "coordinates": [
          9.025055245452405,
          33.45704656847015
        ]
      }
    },
    {
      "type": "Feature",
      "properties": {
        "name": "Untitled placemark",
        "type": "point"
      },
      "geometry": {
        "type": "Point",
        "coordinates": [
          9.023543496629161,
          33.75840613176356
        ]
      }
    },
    {
      "type": "Feature",
      "properties": {
        "name": "Untitled placemark",
        "type": "point"
      },
      "geometry": {
        "type": "Point",
        "coordinates": [
          9.005775640388139,
          33.78073778903572
        ]
      }
    },
    {
      "type": "Feature",
      "properties": {
        "name": "Untitled placemark",
        "type": "point"
      },
      "geometry": {
        "type": "Point",
        "coordinates": [
          9.167529028278308,
          34.14169543869049
        ]
      }
    },
    {
      "type": "Feature",
      "properties": {
        "name": "Untitled placemark",
        "type": "point"
      },
      "geometry": {
        "type": "Point",
        "coordinates": [
          9.147201726036407,
          34.23931816442735
        ]
      }
    },
    {
      "type": "Feature",
      "properties": {
        "name": "Untitled placemark",
        "type": "point"
      },
      "geometry": {
        "type": "Point",
        "coordinates": [
          9.391326978877066,
          34.27411857654594
        ]
      }
    },
    {
      "type": "Feature",
      "properties": {
        "name": "Untitled placemark",
        "type": "point"
      },
      "geometry": {
        "type": "Point",
        "coordinates": [
          9.419901827560784,
          34.33646716482151
        ]
      }
    },
    {
      "type": "Feature",
      "properties": {
        "name": "Untitled placemark",
        "type": "point"
      },
      "geometry": {
        "type": "Point",
        "coordinates": [
          9.43118976827125,
          34.35458234524185
        ]
      }
    },
    {
      "type": "Feature",
      "properties": {
        "name": "Bouhedma National Park",
        "type": "point"
      },
      "geometry": {
        "type": "Point",
        "coordinates": [
          9.449650148695133,
          34.39782734790001
        ]
      }
    },
    {
      "type": "Feature",
      "properties": {
        "name": "Untitled placemark",
        "type": "point"
      },
      "geometry": {
        "type": "Point",
        "coordinates": [
          9.8606995875957,
          34.53680084289049
        ]
      }
    },
    {
      "type": "Feature",
      "properties": {
        "name": "Untitled placemark",
        "type": "point"
      },
      "geometry": {
        "type": "Point",
        "coordinates": [
          9.842591624067165,
          34.58108641380944
        ]
      }
    },
    {
      "type": "Feature",
      "properties": {
        "name": "Untitled placemark",
        "type": "point"
      },
      "geometry": {
        "type": "Point",
        "coordinates": [
          10.09430993267079,
          34.74052700649474
        ]
      }
    },
    {
      "type": "Feature",
      "properties": {
        "name": "Untitled placemark",
        "type": "point"
      },
      "geometry": {
        "type": "Point",
        "coordinates": [
          10.5906764887369,
          34.73281442276838
        ]
      }
    },
    {
      "type": "Feature",
      "properties": {
        "name": "Tunis",
        "type": "point"
      },
      "geometry": {
        "type": "Point",
        "coordinates": [
          10.1815316,
          36.8064948
        ]
      }
    },
    {
      "type": "Feature",
      "properties": {
        "name": "Matmata - \u2d4e\u2d30\u2d5c\u2d4e\u2d30\u2d5c\u2d30",
        "type": "point"
      },
      "geometry": {
        "type": "Point",
        "coordinates": [
          9.9676466,
          33.5445423
        ]
      }
    },
    {
      "type": "Feature",
      "properties": {
        "name": "Directions from Tunis to Techine",
        "type": "route"
      },
      "geometry": {
        "type": "LineString",
        "coordinates": [
          [
            10.18163,
            36.80652
          ],
          [
            10.18172,
            36.80625
          ],
          [
            10.18214,
            36.80631
          ],
          [
            10.18296,
            36.80639
          ],
          [
            10.18362,
            36.80647
          ],
          [
            10.18422,
            36.80652
          ],
          [
            10.18425,
            36.80652
          ],
          [
            10.18428,
            36.80653
          ],
          [
            10.18433,
            36.80653
          ],
          [
            10.18487,
            36.80658
          ],
          [
            10.18518,
            36.80662
          ],
          [
            10.18521,
            36.80663
          ],
          [
            10.18536,
            36.80664
          ],
          [
            10.18551,
            36.80666
          ],
          [
            10.18663,
            36.80677
          ],
          [
            10.18675,
            36.80679
          ],
          [
            10.1878,
            36.80689
          ],
          [
            10.18791,
            36.80689
          ],
          [
            10.18797,
            36.80687
          ],
          [
            10.18808,
            36.8068
          ],
          [
            10.18814,
            36.80674
          ],
          [
            10.18818,
            36.80657
          ],
          [
            10.18844,
            36.80465
          ],
          [
            10.18844,
            36.80435
          ],
          [
            10.18841,
            36.80385
          ],
          [
            10.18844,
            36.80375
          ],
          [
            10.18844,
            36.80372
          ],
          [
            10.18838,
            36.80293
          ],
          [
            10.18838,
            36.80263
          ],
          [
            10.18839,
            36.8025
          ],
          [
            10.18846,
            36.80235
          ],
          [
            10.18846,
            36.80217
          ],
          [
            10.18849,
            36.80182
          ],
          [
            10.18854,
            36.80146
          ],
          [
            10.18855,
            36.80141
          ],
          [
            10.18858,
            36.8011
          ],
          [
            10.18861,
            36.80062
          ],
          [
            10.18864,
            36.80037
          ],
          [
            10.18866,
            36.80026
          ],
          [
            10.18866,
            36.80024
          ],
          [
            10.18871,
            36.80001
          ],
          [
            10.18894,
            36.79909
          ],
          [
            10.18911,
            36.79847
          ],
          [
            10.18941,
            36.79723
          ],
          [
            10.18956,
            36.79667
          ],
          [
            10.1901,
            36.79441
          ],
          [
            10.19012,
            36.79436
          ],
          [
            10.19032,
            36.79351
          ],
          [
            10.19044,
            36.79307
          ],
          [
            10.19054,
            36.79274
          ],
          [
            10.19073,
            36.79224
          ],
          [
            10.19082,
            36.79203
          ],
          [
            10.19093,
            36.79171
          ],
          [
            10.1911,
            36.79127
          ],
          [
            10.19121,
            36.79095
          ],
          [
            10.19133,
            36.79054
          ],
          [
            10.19179,
            36.78864
          ],
          [
            10.19187,
            36.78839
          ],
          [
            10.19201,
            36.788
          ],
          [
            10.19209,
            36.78782
          ],
          [
            10.19218,
            36.78764
          ],
          [
            10.19252,
            36.78708
          ],
          [
            10.1926,
            36.78696
          ],
          [
            10.19284,
            36.78664
          ],
          [
            10.19308,
            36.78636
          ],
          [
            10.19468,
            36.78462
          ],
          [
            10.19497,
            36.78432
          ],
          [
            10.195,
            36.78428
          ],
          [
            10.19535,
            36.78393
          ],
          [
            10.19572,
            36.78359
          ],
          [
            10.19625,
            36.78318
          ],
          [
            10.19633,
            36.78311
          ],
          [
            10.19647,
            36.78297
          ],
          [
            10.1965,
            36.78295
          ],
          [
            10.1967,
            36.78271
          ],
          [
            10.19682,
            36.78254
          ],
          [
            10.1969,
            36.78236
          ],
          [
            10.19703,
            36.78193
          ],
          [
            10.19706,
            36.78174
          ],
          [
            10.19706,
            36.78097
          ],
          [
            10.19702,
            36.77935
          ],
          [
            10.197,
            36.77891
          ],
          [
            10.19698,
            36.77729
          ],
          [
            10.19699,
            36.77709
          ],
          [
            10.19701,
            36.77691
          ],
          [
            10.19711,
            36.77638
          ],
          [
            10.19716,
            36.77618
          ],
          [
            10.19725,
            36.77591
          ],
          [
            10.19757,
            36.77512
          ],
          [
            10.19778,
            36.77457
          ],
          [
            10.19782,
            36.77444
          ],
          [
            10.19788,
            36.7742
          ],
          [
            10.1979,
            36.77404
          ],
          [
            10.19792,
            36.77375
          ],
          [
            10.19792,
            36.77343
          ],
          [
            10.19791,
            36.77332
          ],
          [
            10.19788,
            36.77311
          ],
          [
            10.19784,
            36.77293
          ],
          [
            10.19773,
            36.77254
          ],
          [
            10.19768,
            36.77243
          ],
          [
            10.19755,
            36.7721
          ],
          [
            10.19639,
            36.76956
          ],
          [
            10.19617,
            36.76904
          ],
          [
            10.1961,
            36.76883
          ],
          [
            10.19597,
            36.76837
          ],
          [
            10.19596,
            36.7683
          ],
          [
            10.19592,
            36.76813
          ],
          [
            10.19585,
            36.76777
          ],
          [
            10.19582,
            36.76748
          ],
          [
            10.1958,
            36.76708
          ],
          [
            10.1958,
            36.76653
          ],
          [
            10.19582,
            36.7662
          ],
          [
            10.19584,
            36.76607
          ],
          [
            10.19584,
            36.76603
          ],
          [
            10.19592,
            36.76558
          ],
          [
            10.19599,
            36.76532
          ],
          [
            10.19599,
            36.76531
          ],
          [
            10.19609,
            36.76494
          ],
          [
            10.19615,
            36.76477
          ],
          [
            10.19626,
            36.76449
          ],
          [
            10.19648,
            36.764
          ],
          [
            10.19661,
            36.76378
          ],
          [
            10.19668,
            36.76365
          ],
          [
            10.19676,
            36.76354
          ],
          [
            10.197,
            36.76318
          ],
          [
            10.19701,
            36.76314
          ],
          [
            10.19792,
            36.76187
          ],
          [
            10.19853,
            36.7609
          ],
          [
            10.19856,
            36.76084
          ],
          [
            10.1987,
            36.76061
          ],
          [
            10.19887,
            36.76035
          ],
          [
            10.19895,
            36.76021
          ],
          [
            10.19924,
            36.75975
          ],
          [
            10.20059,
            36.75738
          ],
          [
            10.20068,
            36.75721
          ],
          [
            10.20159,
            36.75569
          ],
          [
            10.20244,
            36.75444
          ],
          [
            10.20352,
            36.75304
          ],
          [
            10.20487,
            36.75153
          ],
          [
            10.20772,
            36.74858
          ],
          [
            10.20854,
            36.74766
          ],
          [
            10.20863,
            36.74757
          ],
          [
            10.20866,
            36.74753
          ],
          [
            10.20873,
            36.74746
          ],
          [
            10.20875,
            36.74745
          ],
          [
            10.20886,
            36.74732
          ],
          [
            10.20914,
            36.74703
          ],
          [
            10.20992,
            36.74626
          ],
          [
            10.21043,
            36.74567
          ],
          [
            10.21053,
            36.74557
          ],
          [
            10.21056,
            36.74555
          ],
          [
            10.2106,
            36.7455
          ],
          [
            10.21094,
            36.74515
          ],
          [
            10.21107,
            36.745
          ],
          [
            10.21121,
            36.74486
          ],
          [
            10.21148,
            36.74457
          ],
          [
            10.21178,
            36.74427
          ],
          [
            10.21212,
            36.74395
          ],
          [
            10.21341,
            36.74254
          ],
          [
            10.21353,
            36.74242
          ],
          [
            10.21368,
            36.74225
          ],
          [
            10.21647,
            36.7394
          ],
          [
            10.21743,
            36.73854
          ],
          [
            10.21937,
            36.73694
          ],
          [
            10.21968,
            36.73667
          ],
          [
            10.22105,
            36.73576
          ],
          [
            10.22201,
            36.7352
          ],
          [
            10.22275,
            36.7348
          ],
          [
            10.22362,
            36.73436
          ],
          [
            10.2245,
            36.73394
          ],
          [
            10.22503,
            36.7337
          ],
          [
            10.22635,
            36.73317
          ],
          [
            10.22727,
            36.73284
          ],
          [
            10.23444,
            36.73042
          ],
          [
            10.23578,
            36.73
          ],
          [
            10.23778,
            36.72952
          ],
          [
            10.23915,
            36.72927
          ],
          [
            10.24035,
            36.72909
          ],
          [
            10.24057,
            36.72905
          ],
          [
            10.24344,
            36.72861
          ],
          [
            10.24683,
            36.72794
          ],
          [
            10.24776,
            36.72772
          ],
          [
            10.24893,
            36.72741
          ],
          [
            10.25104,
            36.72679
          ],
          [
            10.25165,
            36.72658
          ],
          [
            10.25186,
            36.72649
          ],
          [
            10.25287,
            36.72615
          ],
          [
            10.25396,
            36.72572
          ],
          [
            10.25422,
            36.7256
          ],
          [
            10.25441,
            36.72553
          ],
          [
            10.25542,
            36.7251
          ],
          [
            10.25667,
            36.72451
          ],
          [
            10.25859,
            36.72352
          ],
          [
            10.25947,
            36.72301
          ],
          [
            10.25966,
            36.72291
          ],
          [
            10.2608,
            36.72221
          ],
          [
            10.2626,
            36.72106
          ],
          [
            10.26575,
            36.71895
          ],
          [
            10.26758,
            36.71782
          ],
          [
            10.26807,
            36.71756
          ],
          [
            10.26849,
            36.71731
          ],
          [
            10.26955,
            36.71678
          ],
          [
            10.27045,
            36.71636
          ],
          [
            10.27171,
            36.71583
          ],
          [
            10.27196,
            36.71574
          ],
          [
            10.2722,
            36.71564
          ],
          [
            10.27408,
            36.71497
          ],
          [
            10.27652,
            36.71425
          ],
          [
            10.27716,
            36.71405
          ],
          [
            10.27724,
            36.71403
          ],
          [
            10.27808,
            36.71378
          ],
          [
            10.27934,
            36.71337
          ],
          [
            10.27971,
            36.71324
          ],
          [
            10.28058,
            36.7129
          ],
          [
            10.28152,
            36.71248
          ],
          [
            10.28235,
            36.71208
          ],
          [
            10.28337,
            36.71153
          ],
          [
            10.28381,
            36.71127
          ],
          [
            10.28467,
            36.71073
          ],
          [
            10.28509,
            36.71044
          ],
          [
            10.2863,
            36.70952
          ],
          [
            10.28843,
            36.70766
          ],
          [
            10.28879,
            36.70733
          ],
          [
            10.28954,
            36.7067
          ],
          [
            10.29033,
            36.70609
          ],
          [
            10.29075,
            36.7058
          ],
          [
            10.29095,
            36.70565
          ],
          [
            10.29159,
            36.70523
          ],
          [
            10.29246,
            36.70469
          ],
          [
            10.29382,
            36.70388
          ],
          [
            10.294,
            36.70378
          ],
          [
            10.29576,
            36.70272
          ],
          [
            10.29748,
            36.70162
          ],
          [
            10.29833,
            36.70104
          ],
          [
            10.29902,
            36.70055
          ],
          [
            10.29972,
            36.70003
          ],
          [
            10.30135,
            36.69873
          ],
          [
            10.30209,
            36.69809
          ],
          [
            10.30406,
            36.69629
          ],
          [
            10.3042,
            36.69615
          ],
          [
            10.30508,
            36.69533
          ],
          [
            10.30523,
            36.6952
          ],
          [
            10.30574,
            36.69473
          ],
          [
            10.30648,
            36.69409
          ],
          [
            10.30691,
            36.69375
          ],
          [
            10.30856,
            36.69251
          ],
          [
            10.31028,
            36.69131
          ],
          [
            10.31164,
            36.69032
          ],
          [
            10.31298,
            36.6893
          ],
          [
            10.31343,
            36.68894
          ],
          [
            10.31438,
            36.68815
          ],
          [
            10.31542,
            36.68725
          ],
          [
            10.31633,
            36.68641
          ],
          [
            10.31682,
            36.68594
          ],
          [
            10.31732,
            36.68544
          ],
          [
            10.31741,
            36.68536
          ],
          [
            10.31872,
            36.68403
          ],
          [
            10.31885,
            36.68388
          ],
          [
            10.31902,
            36.68371
          ],
          [
            10.3198,
            36.68288
          ],
          [
            10.32189,
            36.68073
          ],
          [
            10.32252,
            36.68005
          ],
          [
            10.32286,
            36.67972
          ],
          [
            10.32382,
            36.67868
          ],
          [
            10.32421,
            36.67824
          ],
          [
            10.32448,
            36.67795
          ],
          [
            10.32461,
            36.6778
          ],
          [
            10.32464,
            36.67777
          ],
          [
            10.3254,
            36.6771
          ],
          [
            10.32551,
            36.67701
          ],
          [
            10.32723,
            36.67572
          ],
          [
            10.3282,
            36.67507
          ],
          [
            10.32863,
            36.67471
          ],
          [
            10.33073,
            36.67308
          ],
          [
            10.33148,
            36.67252
          ],
          [
            10.33182,
            36.67228
          ],
          [
            10.3321,
            36.67207
          ],
          [
            10.33215,
            36.67204
          ],
          [
            10.33415,
            36.67059
          ],
          [
            10.336,
            36.6693
          ],
          [
            10.33607,
            36.66924
          ],
          [
            10.33633,
            36.66906
          ],
          [
            10.337,
            36.66857
          ],
          [
            10.3378,
            36.66796
          ],
          [
            10.33856,
            36.66735
          ],
          [
            10.3386,
            36.66731
          ],
          [
            10.33979,
            36.66626
          ],
          [
            10.34038,
            36.6657
          ],
          [
            10.34143,
            36.66463
          ],
          [
            10.34189,
            36.66413
          ],
          [
            10.34198,
            36.66404
          ],
          [
            10.34202,
            36.66399
          ],
          [
            10.34252,
            36.66343
          ],
          [
            10.34254,
            36.6634
          ],
          [
            10.34391,
            36.66183
          ],
          [
            10.34407,
            36.66163
          ],
          [
            10.34442,
            36.66122
          ],
          [
            10.34911,
            36.65546
          ],
          [
            10.34944,
            36.65504
          ],
          [
            10.35037,
            36.65391
          ],
          [
            10.35108,
            36.65309
          ],
          [
            10.35183,
            36.65228
          ],
          [
            10.35251,
            36.65161
          ],
          [
            10.35293,
            36.65124
          ],
          [
            10.35315,
            36.65106
          ],
          [
            10.35371,
            36.65063
          ],
          [
            10.35443,
            36.65013
          ],
          [
            10.35467,
            36.64998
          ],
          [
            10.35518,
            36.64968
          ],
          [
            10.35609,
            36.6492
          ],
          [
            10.35636,
            36.64907
          ],
          [
            10.35661,
            36.64894
          ],
          [
            10.35781,
            36.64838
          ],
          [
            10.35902,
            36.64784
          ],
          [
            10.35903,
            36.64784
          ],
          [
            10.36038,
            36.64724
          ],
          [
            10.3612,
            36.6469
          ],
          [
            10.3619,
            36.64663
          ],
          [
            10.36277,
            36.64637
          ],
          [
            10.36336,
            36.64622
          ],
          [
            10.3644,
            36.646
          ],
          [
            10.36487,
            36.64592
          ],
          [
            10.36593,
            36.64579
          ],
          [
            10.36605,
            36.64577
          ],
          [
            10.36771,
            36.64556
          ],
          [
            10.36816,
            36.64549
          ],
          [
            10.36861,
            36.6454
          ],
          [
            10.3692,
            36.64526
          ],
          [
            10.36949,
            36.64518
          ],
          [
            10.37005,
            36.645
          ],
          [
            10.37088,
            36.64468
          ],
          [
            10.37167,
            36.64432
          ],
          [
            10.37243,
            36.6439
          ],
          [
            10.37278,
            36.64367
          ],
          [
            10.37347,
            36.64318
          ],
          [
            10.3738,
            36.64291
          ],
          [
            10.37411,
            36.64264
          ],
          [
            10.37441,
            36.64236
          ],
          [
            10.37472,
            36.64205
          ],
          [
            10.37517,
            36.64154
          ],
          [
            10.37528,
            36.6414
          ],
          [
            10.37611,
            36.64042
          ],
          [
            10.37666,
            36.63983
          ],
          [
            10.37685,
            36.63964
          ],
          [
            10.37699,
            36.63951
          ],
          [
            10.37745,
            36.63912
          ],
          [
            10.37779,
            36.63885
          ],
          [
            10.37835,
            36.63845
          ],
          [
            10.37895,
            36.63808
          ],
          [
            10.37898,
            36.63807
          ],
          [
            10.37994,
            36.63754
          ],
          [
            10.38161,
            36.6367
          ],
          [
            10.38348,
            36.6357
          ],
          [
            10.38489,
            36.6349
          ],
          [
            10.38672,
            36.63381
          ],
          [
            10.38863,
            36.6326
          ],
          [
            10.38968,
            36.63189
          ],
          [
            10.38991,
            36.63172
          ],
          [
            10.38992,
            36.63171
          ],
          [
            10.39076,
            36.63111
          ],
          [
            10.39093,
            36.631
          ],
          [
            10.39259,
            36.62979
          ],
          [
            10.39275,
            36.62966
          ],
          [
            10.39617,
            36.62712
          ],
          [
            10.39621,
            36.6271
          ],
          [
            10.39853,
            36.62546
          ],
          [
            10.40002,
            36.62446
          ],
          [
            10.40133,
            36.62365
          ],
          [
            10.40157,
            36.62349
          ],
          [
            10.40289,
            36.6227
          ],
          [
            10.40406,
            36.62203
          ],
          [
            10.40425,
            36.62193
          ],
          [
            10.40435,
            36.62187
          ],
          [
            10.40473,
            36.62167
          ],
          [
            10.40534,
            36.62133
          ],
          [
            10.40754,
            36.62018
          ],
          [
            10.41065,
            36.61871
          ],
          [
            10.41272,
            36.61779
          ],
          [
            10.41481,
            36.61693
          ],
          [
            10.41497,
            36.61687
          ],
          [
            10.41696,
            36.61605
          ],
          [
            10.41701,
            36.61604
          ],
          [
            10.41761,
            36.6158
          ],
          [
            10.41763,
            36.61578
          ],
          [
            10.41801,
            36.61564
          ],
          [
            10.4183,
            36.61552
          ],
          [
            10.41841,
            36.61548
          ],
          [
            10.41975,
            36.61493
          ],
          [
            10.41981,
            36.6149
          ],
          [
            10.42015,
            36.61476
          ],
          [
            10.42053,
            36.61458
          ],
          [
            10.42059,
            36.61456
          ],
          [
            10.42093,
            36.61441
          ],
          [
            10.4218,
            36.61399
          ],
          [
            10.4227,
            36.61353
          ],
          [
            10.42291,
            36.61341
          ],
          [
            10.42353,
            36.61309
          ],
          [
            10.42474,
            36.61242
          ],
          [
            10.42639,
            36.61142
          ],
          [
            10.42707,
            36.61096
          ],
          [
            10.42752,
            36.61067
          ],
          [
            10.42841,
            36.61005
          ],
          [
            10.42941,
            36.60933
          ],
          [
            10.42954,
            36.60925
          ],
          [
            10.4297,
            36.60913
          ],
          [
            10.42971,
            36.60913
          ],
          [
            10.42986,
            36.60902
          ],
          [
            10.42988,
            36.60901
          ],
          [
            10.43099,
            36.60824
          ],
          [
            10.43158,
            36.60785
          ],
          [
            10.43177,
            36.60774
          ],
          [
            10.43194,
            36.60763
          ],
          [
            10.43195,
            36.60762
          ],
          [
            10.43281,
            36.60713
          ],
          [
            10.43286,
            36.60711
          ],
          [
            10.43307,
            36.607
          ],
          [
            10.43359,
            36.60675
          ],
          [
            10.43439,
            36.6064
          ],
          [
            10.43467,
            36.60629
          ],
          [
            10.43548,
            36.606
          ],
          [
            10.43604,
            36.60582
          ],
          [
            10.43605,
            36.60582
          ],
          [
            10.43669,
            36.60564
          ],
          [
            10.43674,
            36.60562
          ],
          [
            10.43733,
            36.60548
          ],
          [
            10.43747,
            36.60544
          ],
          [
            10.43833,
            36.60527
          ],
          [
            10.43863,
            36.60522
          ],
          [
            10.43887,
            36.60517
          ],
          [
            10.44136,
            36.60481
          ],
          [
            10.44158,
            36.60477
          ],
          [
            10.4416,
            36.60477
          ],
          [
            10.44246,
            36.60463
          ],
          [
            10.44332,
            36.60445
          ],
          [
            10.44334,
            36.60445
          ],
          [
            10.44376,
            36.60436
          ],
          [
            10.44379,
            36.60435
          ],
          [
            10.44503,
            36.60403
          ],
          [
            10.44523,
            36.60397
          ],
          [
            10.44525,
            36.60397
          ],
          [
            10.44552,
            36.60389
          ],
          [
            10.44607,
            36.60371
          ],
          [
            10.44608,
            36.6037
          ],
          [
            10.4467,
            36.60349
          ],
          [
            10.44732,
            36.60326
          ],
          [
            10.44826,
            36.60287
          ],
          [
            10.44865,
            36.60269
          ],
          [
            10.44992,
            36.60205
          ],
          [
            10.45029,
            36.60185
          ],
          [
            10.45102,
            36.60143
          ],
          [
            10.45138,
            36.60121
          ],
          [
            10.45186,
            36.6009
          ],
          [
            10.45267,
            36.60035
          ],
          [
            10.45268,
            36.60035
          ],
          [
            10.45402,
            36.59942
          ],
          [
            10.45533,
            36.59855
          ],
          [
            10.45633,
            36.59792
          ],
          [
            10.45759,
            36.59718
          ],
          [
            10.45875,
            36.59655
          ],
          [
            10.4597,
            36.59607
          ],
          [
            10.46103,
            36.59545
          ],
          [
            10.4625,
            36.59482
          ],
          [
            10.46377,
            36.59433
          ],
          [
            10.46927,
            36.59237
          ],
          [
            10.46943,
            36.59232
          ],
          [
            10.46953,
            36.59228
          ],
          [
            10.46991,
            36.59215
          ],
          [
            10.47208,
            36.59135
          ],
          [
            10.47233,
            36.59125
          ],
          [
            10.47259,
            36.59116
          ],
          [
            10.47444,
            36.59044
          ],
          [
            10.47576,
            36.5899
          ],
          [
            10.47587,
            36.58985
          ],
          [
            10.47607,
            36.58977
          ],
          [
            10.47921,
            36.58838
          ],
          [
            10.48171,
            36.58717
          ],
          [
            10.48285,
            36.58659
          ],
          [
            10.48514,
            36.58537
          ],
          [
            10.48525,
            36.5853
          ],
          [
            10.48612,
            36.58482
          ],
          [
            10.4863,
            36.58471
          ],
          [
            10.48747,
            36.58404
          ],
          [
            10.48831,
            36.58354
          ],
          [
            10.49067,
            36.58206
          ],
          [
            10.49149,
            36.58152
          ],
          [
            10.49381,
            36.57993
          ],
          [
            10.49383,
            36.57992
          ],
          [
            10.49415,
            36.57969
          ],
          [
            10.49658,
            36.57807
          ],
          [
            10.49672,
            36.57797
          ],
          [
            10.49825,
            36.57702
          ],
          [
            10.49904,
            36.57655
          ],
          [
            10.50055,
            36.57571
          ],
          [
            10.50188,
            36.57502
          ],
          [
            10.5034,
            36.57428
          ],
          [
            10.50407,
            36.57397
          ],
          [
            10.50422,
            36.57391
          ],
          [
            10.50814,
            36.5721
          ],
          [
            10.50892,
            36.57172
          ],
          [
            10.50903,
            36.57166
          ],
          [
            10.5093,
            36.57153
          ],
          [
            10.50977,
            36.57132
          ],
          [
            10.51099,
            36.57066
          ],
          [
            10.51182,
            36.57018
          ],
          [
            10.51265,
            36.56968
          ],
          [
            10.5141,
            36.56872
          ],
          [
            10.51532,
            36.56785
          ],
          [
            10.5162,
            36.56717
          ],
          [
            10.5162,
            36.56716
          ],
          [
            10.51635,
            36.56705
          ],
          [
            10.51686,
            36.56662
          ],
          [
            10.5181,
            36.56553
          ],
          [
            10.51868,
            36.56499
          ],
          [
            10.51949,
            36.56417
          ],
          [
            10.52044,
            36.56315
          ],
          [
            10.52102,
            36.56248
          ],
          [
            10.52142,
            36.56199
          ],
          [
            10.52432,
            36.55827
          ],
          [
            10.52737,
            36.55478
          ],
          [
            10.52769,
            36.5544
          ],
          [
            10.52851,
            36.55334
          ],
          [
            10.52889,
            36.55281
          ],
          [
            10.52913,
            36.55245
          ],
          [
            10.52994,
            36.55113
          ],
          [
            10.53044,
            36.55019
          ],
          [
            10.53336,
            36.54395
          ],
          [
            10.5336,
            36.54348
          ],
          [
            10.53393,
            36.54288
          ],
          [
            10.53426,
            36.54233
          ],
          [
            10.53436,
            36.54219
          ],
          [
            10.53444,
            36.54206
          ],
          [
            10.53464,
            36.54176
          ],
          [
            10.53491,
            36.54138
          ],
          [
            10.53524,
            36.54094
          ],
          [
            10.53584,
            36.54019
          ],
          [
            10.53678,
            36.53917
          ],
          [
            10.5373,
            36.53864
          ],
          [
            10.53773,
            36.53825
          ],
          [
            10.53922,
            36.53683
          ],
          [
            10.54,
            36.53602
          ],
          [
            10.54029,
            36.53568
          ],
          [
            10.54041,
            36.53555
          ],
          [
            10.54066,
            36.53526
          ],
          [
            10.54126,
            36.53448
          ],
          [
            10.54155,
            36.53408
          ],
          [
            10.54279,
            36.53228
          ],
          [
            10.54338,
            36.53146
          ],
          [
            10.54346,
            36.53136
          ],
          [
            10.54365,
            36.5311
          ],
          [
            10.54464,
            36.52983
          ],
          [
            10.54518,
            36.52916
          ],
          [
            10.54701,
            36.52681
          ],
          [
            10.54775,
            36.52583
          ],
          [
            10.54869,
            36.52452
          ],
          [
            10.54941,
            36.52345
          ],
          [
            10.54951,
            36.52329
          ],
          [
            10.54958,
            36.5232
          ],
          [
            10.55012,
            36.52233
          ],
          [
            10.55014,
            36.52229
          ],
          [
            10.55065,
            36.52146
          ],
          [
            10.55117,
            36.52053
          ],
          [
            10.55123,
            36.52041
          ],
          [
            10.55167,
            36.51962
          ],
          [
            10.55228,
            36.51842
          ],
          [
            10.55308,
            36.51665
          ],
          [
            10.55313,
            36.51652
          ],
          [
            10.55342,
            36.51588
          ],
          [
            10.55343,
            36.51584
          ],
          [
            10.55351,
            36.51567
          ],
          [
            10.55358,
            36.5155
          ],
          [
            10.554,
            36.51456
          ],
          [
            10.55466,
            36.51301
          ],
          [
            10.55474,
            36.5128
          ],
          [
            10.55636,
            36.50894
          ],
          [
            10.55638,
            36.5089
          ],
          [
            10.55685,
            36.50777
          ],
          [
            10.5575,
            36.50633
          ],
          [
            10.55815,
            36.50502
          ],
          [
            10.5585,
            36.50438
          ],
          [
            10.5585,
            36.50437
          ],
          [
            10.55867,
            36.50407
          ],
          [
            10.55877,
            36.50391
          ],
          [
            10.55886,
            36.50374
          ],
          [
            10.55942,
            36.50279
          ],
          [
            10.55995,
            36.50197
          ],
          [
            10.55995,
            36.50196
          ],
          [
            10.56077,
            36.50071
          ],
          [
            10.56078,
            36.50069
          ],
          [
            10.56088,
            36.50053
          ],
          [
            10.5609,
            36.50051
          ],
          [
            10.56246,
            36.49815
          ],
          [
            10.56266,
            36.49783
          ],
          [
            10.56268,
            36.49781
          ],
          [
            10.56351,
            36.49656
          ],
          [
            10.56356,
            36.49647
          ],
          [
            10.56456,
            36.49498
          ],
          [
            10.56457,
            36.49496
          ],
          [
            10.56585,
            36.49306
          ],
          [
            10.56676,
            36.49163
          ],
          [
            10.56707,
            36.49112
          ],
          [
            10.56749,
            36.49039
          ],
          [
            10.5677,
            36.49
          ],
          [
            10.56771,
            36.48997
          ],
          [
            10.56778,
            36.48984
          ],
          [
            10.56779,
            36.48981
          ],
          [
            10.56784,
            36.48973
          ],
          [
            10.56824,
            36.48892
          ],
          [
            10.56848,
            36.48839
          ],
          [
            10.56889,
            36.48741
          ],
          [
            10.56926,
            36.48634
          ],
          [
            10.56927,
            36.4863
          ],
          [
            10.56932,
            36.48616
          ],
          [
            10.56958,
            36.48529
          ],
          [
            10.56962,
            36.48511
          ],
          [
            10.56966,
            36.48498
          ],
          [
            10.56975,
            36.48464
          ],
          [
            10.56976,
            36.48458
          ],
          [
            10.5699,
            36.48397
          ],
          [
            10.56995,
            36.4837
          ],
          [
            10.56997,
            36.48363
          ],
          [
            10.57008,
            36.48299
          ],
          [
            10.57009,
            36.48295
          ],
          [
            10.57018,
            36.48238
          ],
          [
            10.57019,
            36.48227
          ],
          [
            10.57022,
            36.48209
          ],
          [
            10.57026,
            36.48173
          ],
          [
            10.57027,
            36.48155
          ],
          [
            10.57029,
            36.48138
          ],
          [
            10.57029,
            36.48135
          ],
          [
            10.57031,
            36.4812
          ],
          [
            10.57034,
            36.48066
          ],
          [
            10.57036,
            36.48048
          ],
          [
            10.57037,
            36.4803
          ],
          [
            10.57037,
            36.48012
          ],
          [
            10.57038,
            36.47994
          ],
          [
            10.57038,
            36.47973
          ],
          [
            10.57039,
            36.47955
          ],
          [
            10.57039,
            36.47937
          ],
          [
            10.57038,
            36.47919
          ],
          [
            10.57038,
            36.47883
          ],
          [
            10.57036,
            36.47847
          ],
          [
            10.57036,
            36.4783
          ],
          [
            10.57034,
            36.47812
          ],
          [
            10.57031,
            36.47758
          ],
          [
            10.57029,
            36.4774
          ],
          [
            10.57029,
            36.47733
          ],
          [
            10.57027,
            36.47722
          ],
          [
            10.57021,
            36.47668
          ],
          [
            10.57021,
            36.47664
          ],
          [
            10.57016,
            36.47632
          ],
          [
            10.57013,
            36.47606
          ],
          [
            10.57011,
            36.47597
          ],
          [
            10.56999,
            36.47525
          ],
          [
            10.56992,
            36.47493
          ],
          [
            10.56992,
            36.4749
          ],
          [
            10.5698,
            36.47437
          ],
          [
            10.56978,
            36.47425
          ],
          [
            10.56971,
            36.47401
          ],
          [
            10.56967,
            36.47384
          ],
          [
            10.56957,
            36.47349
          ],
          [
            10.56953,
            36.47331
          ],
          [
            10.56948,
            36.47315
          ],
          [
            10.56948,
            36.47313
          ],
          [
            10.56943,
            36.47296
          ],
          [
            10.56937,
            36.47279
          ],
          [
            10.56932,
            36.47261
          ],
          [
            10.5692,
            36.47226
          ],
          [
            10.56917,
            36.47215
          ],
          [
            10.56914,
            36.47209
          ],
          [
            10.56902,
            36.47174
          ],
          [
            10.56897,
            36.47157
          ],
          [
            10.56885,
            36.47122
          ],
          [
            10.56878,
            36.47105
          ],
          [
            10.56816,
            36.46923
          ],
          [
            10.56791,
            36.46844
          ],
          [
            10.56775,
            36.46786
          ],
          [
            10.56768,
            36.46751
          ],
          [
            10.5676,
            36.46716
          ],
          [
            10.56746,
            36.46635
          ],
          [
            10.56742,
            36.466
          ],
          [
            10.56735,
            36.46506
          ],
          [
            10.56734,
            36.4647
          ],
          [
            10.56734,
            36.46398
          ],
          [
            10.56735,
            36.46377
          ],
          [
            10.56735,
            36.46353
          ],
          [
            10.56737,
            36.46318
          ],
          [
            10.56739,
            36.46236
          ],
          [
            10.56739,
            36.46092
          ],
          [
            10.5673,
            36.45967
          ],
          [
            10.56723,
            36.45905
          ],
          [
            10.56717,
            36.45865
          ],
          [
            10.56703,
            36.45793
          ],
          [
            10.56678,
            36.45693
          ],
          [
            10.56618,
            36.4551
          ],
          [
            10.56582,
            36.45395
          ],
          [
            10.56555,
            36.45297
          ],
          [
            10.56533,
            36.45207
          ],
          [
            10.56525,
            36.45144
          ],
          [
            10.56525,
            36.45128
          ],
          [
            10.56522,
            36.45074
          ],
          [
            10.56522,
            36.45056
          ],
          [
            10.56526,
            36.44961
          ],
          [
            10.5653,
            36.44931
          ],
          [
            10.5657,
            36.44683
          ],
          [
            10.5657,
            36.44681
          ],
          [
            10.56578,
            36.44631
          ],
          [
            10.56578,
            36.44627
          ],
          [
            10.5658,
            36.44609
          ],
          [
            10.56584,
            36.44517
          ],
          [
            10.56581,
            36.4447
          ],
          [
            10.56574,
            36.44405
          ],
          [
            10.56569,
            36.44376
          ],
          [
            10.56567,
            36.44348
          ],
          [
            10.56558,
            36.44303
          ],
          [
            10.56547,
            36.44263
          ],
          [
            10.56535,
            36.44227
          ],
          [
            10.56496,
            36.44128
          ],
          [
            10.56479,
            36.44098
          ],
          [
            10.56442,
            36.44026
          ],
          [
            10.56407,
            36.43971
          ],
          [
            10.56348,
            36.4389
          ],
          [
            10.56268,
            36.43799
          ],
          [
            10.56093,
            36.4363
          ],
          [
            10.56085,
            36.43623
          ],
          [
            10.55942,
            36.43487
          ],
          [
            10.55812,
            36.43369
          ],
          [
            10.55806,
            36.43363
          ],
          [
            10.55628,
            36.43202
          ],
          [
            10.55518,
            36.43091
          ],
          [
            10.55482,
            36.43048
          ],
          [
            10.55481,
            36.43046
          ],
          [
            10.5545,
            36.43002
          ],
          [
            10.55449,
            36.42999
          ],
          [
            10.55421,
            36.4295
          ],
          [
            10.55414,
            36.42939
          ],
          [
            10.55412,
            36.42933
          ],
          [
            10.55403,
            36.42917
          ],
          [
            10.55381,
            36.42869
          ],
          [
            10.55368,
            36.42831
          ],
          [
            10.55363,
            36.42818
          ],
          [
            10.55357,
            36.42797
          ],
          [
            10.55351,
            36.42779
          ],
          [
            10.55341,
            36.42745
          ],
          [
            10.55341,
            36.42744
          ],
          [
            10.55337,
            36.42726
          ],
          [
            10.55332,
            36.42695
          ],
          [
            10.55331,
            36.42691
          ],
          [
            10.55324,
            36.42629
          ],
          [
            10.55324,
            36.42565
          ],
          [
            10.55323,
            36.42555
          ],
          [
            10.55324,
            36.42547
          ],
          [
            10.55326,
            36.42511
          ],
          [
            10.55328,
            36.42493
          ],
          [
            10.55328,
            36.42491
          ],
          [
            10.5533,
            36.42475
          ],
          [
            10.55338,
            36.4243
          ],
          [
            10.55344,
            36.42404
          ],
          [
            10.55349,
            36.42387
          ],
          [
            10.55353,
            36.42369
          ],
          [
            10.55358,
            36.42351
          ],
          [
            10.55358,
            36.42349
          ],
          [
            10.55369,
            36.42317
          ],
          [
            10.55374,
            36.42299
          ],
          [
            10.55409,
            36.422
          ],
          [
            10.5543,
            36.42133
          ],
          [
            10.55437,
            36.42113
          ],
          [
            10.55441,
            36.42087
          ],
          [
            10.55445,
            36.42069
          ],
          [
            10.55454,
            36.42017
          ],
          [
            10.55456,
            36.41951
          ],
          [
            10.55453,
            36.41874
          ],
          [
            10.55444,
            36.41801
          ],
          [
            10.55427,
            36.4173
          ],
          [
            10.5539,
            36.41604
          ],
          [
            10.55375,
            36.4154
          ],
          [
            10.55371,
            36.41504
          ],
          [
            10.55368,
            36.41486
          ],
          [
            10.55366,
            36.41468
          ],
          [
            10.55364,
            36.4146
          ],
          [
            10.55364,
            36.4145
          ],
          [
            10.55362,
            36.41433
          ],
          [
            10.55361,
            36.41428
          ],
          [
            10.55361,
            36.41415
          ],
          [
            10.5536,
            36.41405
          ],
          [
            10.5536,
            36.41351
          ],
          [
            10.55361,
            36.41343
          ],
          [
            10.55363,
            36.41307
          ],
          [
            10.55367,
            36.4127
          ],
          [
            10.5537,
            36.41253
          ],
          [
            10.55372,
            36.41235
          ],
          [
            10.55386,
            36.41151
          ],
          [
            10.55387,
            36.41141
          ],
          [
            10.55389,
            36.41133
          ],
          [
            10.55397,
            36.41084
          ],
          [
            10.55398,
            36.4108
          ],
          [
            10.554,
            36.41062
          ],
          [
            10.55406,
            36.41026
          ],
          [
            10.55407,
            36.41024
          ],
          [
            10.55409,
            36.41006
          ],
          [
            10.55409,
            36.41004
          ],
          [
            10.55441,
            36.40814
          ],
          [
            10.55442,
            36.4081
          ],
          [
            10.55445,
            36.40792
          ],
          [
            10.55447,
            36.40774
          ],
          [
            10.5545,
            36.40756
          ],
          [
            10.55458,
            36.40685
          ],
          [
            10.55459,
            36.40667
          ],
          [
            10.55459,
            36.40649
          ],
          [
            10.5546,
            36.40644
          ],
          [
            10.55459,
            36.40631
          ],
          [
            10.55459,
            36.40613
          ],
          [
            10.55454,
            36.40528
          ],
          [
            10.55452,
            36.4051
          ],
          [
            10.55451,
            36.40506
          ],
          [
            10.55449,
            36.40492
          ],
          [
            10.55449,
            36.40489
          ],
          [
            10.55446,
            36.40475
          ],
          [
            10.55446,
            36.40474
          ],
          [
            10.55443,
            36.40456
          ],
          [
            10.55442,
            36.40454
          ],
          [
            10.55435,
            36.40421
          ],
          [
            10.55434,
            36.4042
          ],
          [
            10.5543,
            36.40403
          ],
          [
            10.55427,
            36.40394
          ],
          [
            10.55415,
            36.40351
          ],
          [
            10.55414,
            36.4035
          ],
          [
            10.55403,
            36.40317
          ],
          [
            10.55403,
            36.40316
          ],
          [
            10.55376,
            36.40249
          ],
          [
            10.55375,
            36.40248
          ],
          [
            10.55367,
            36.40231
          ],
          [
            10.55366,
            36.40228
          ],
          [
            10.55358,
            36.40214
          ],
          [
            10.55344,
            36.40186
          ],
          [
            10.55332,
            36.40165
          ],
          [
            10.5533,
            36.40163
          ],
          [
            10.55313,
            36.40133
          ],
          [
            10.55305,
            36.40122
          ],
          [
            10.5527,
            36.4007
          ],
          [
            10.55224,
            36.40014
          ],
          [
            10.55203,
            36.3999
          ],
          [
            10.5516,
            36.39944
          ],
          [
            10.5513,
            36.39915
          ],
          [
            10.5509,
            36.39879
          ],
          [
            10.55038,
            36.39838
          ],
          [
            10.54984,
            36.398
          ],
          [
            10.54926,
            36.39763
          ],
          [
            10.54879,
            36.39736
          ],
          [
            10.54842,
            36.39716
          ],
          [
            10.54794,
            36.39692
          ],
          [
            10.54755,
            36.39674
          ],
          [
            10.54717,
            36.39659
          ],
          [
            10.54689,
            36.3965
          ],
          [
            10.54637,
            36.39626
          ],
          [
            10.54573,
            36.396
          ],
          [
            10.54489,
            36.39563
          ],
          [
            10.54373,
            36.39506
          ],
          [
            10.54313,
            36.39472
          ],
          [
            10.54258,
            36.39438
          ],
          [
            10.54188,
            36.39391
          ],
          [
            10.54156,
            36.39368
          ],
          [
            10.54115,
            36.39336
          ],
          [
            10.54066,
            36.39295
          ],
          [
            10.54015,
            36.3925
          ],
          [
            10.53913,
            36.39153
          ],
          [
            10.53909,
            36.39148
          ],
          [
            10.53628,
            36.3887
          ],
          [
            10.53625,
            36.38866
          ],
          [
            10.53288,
            36.38534
          ],
          [
            10.5326,
            36.38508
          ],
          [
            10.53196,
            36.38443
          ],
          [
            10.52967,
            36.38232
          ],
          [
            10.5283,
            36.38112
          ],
          [
            10.5272,
            36.38019
          ],
          [
            10.52021,
            36.37454
          ],
          [
            10.51883,
            36.37351
          ],
          [
            10.51794,
            36.37289
          ],
          [
            10.51736,
            36.37252
          ],
          [
            10.51719,
            36.3724
          ],
          [
            10.51599,
            36.37167
          ],
          [
            10.51528,
            36.37126
          ],
          [
            10.5128,
            36.36993
          ],
          [
            10.51235,
            36.3697
          ],
          [
            10.51114,
            36.36905
          ],
          [
            10.5103,
            36.36858
          ],
          [
            10.5097,
            36.36822
          ],
          [
            10.50847,
            36.36743
          ],
          [
            10.50792,
            36.36706
          ],
          [
            10.50738,
            36.36668
          ],
          [
            10.50642,
            36.36597
          ],
          [
            10.50509,
            36.36488
          ],
          [
            10.50393,
            36.36383
          ],
          [
            10.50302,
            36.36293
          ],
          [
            10.50189,
            36.3617
          ],
          [
            10.50132,
            36.36102
          ],
          [
            10.50077,
            36.36033
          ],
          [
            10.49988,
            36.3591
          ],
          [
            10.49912,
            36.35796
          ],
          [
            10.49076,
            36.34462
          ],
          [
            10.48939,
            36.34248
          ],
          [
            10.48852,
            36.34121
          ],
          [
            10.48794,
            36.34041
          ],
          [
            10.48781,
            36.34025
          ],
          [
            10.48771,
            36.3401
          ],
          [
            10.48659,
            36.33872
          ],
          [
            10.48579,
            36.33782
          ],
          [
            10.48497,
            36.33698
          ],
          [
            10.48436,
            36.33642
          ],
          [
            10.48381,
            36.33595
          ],
          [
            10.48291,
            36.33522
          ],
          [
            10.48226,
            36.33473
          ],
          [
            10.48175,
            36.33439
          ],
          [
            10.48078,
            36.33379
          ],
          [
            10.47967,
            36.33318
          ],
          [
            10.47964,
            36.33316
          ],
          [
            10.47862,
            36.33267
          ],
          [
            10.47728,
            36.33211
          ],
          [
            10.47646,
            36.33181
          ],
          [
            10.47462,
            36.33122
          ],
          [
            10.46838,
            36.32934
          ],
          [
            10.46817,
            36.32927
          ],
          [
            10.4642,
            36.32807
          ],
          [
            10.46275,
            36.3276
          ],
          [
            10.46094,
            36.32689
          ],
          [
            10.46021,
            36.32656
          ],
          [
            10.4591,
            36.32602
          ],
          [
            10.45758,
            36.32515
          ],
          [
            10.45655,
            36.32448
          ],
          [
            10.4551,
            36.32339
          ],
          [
            10.45474,
            36.3231
          ],
          [
            10.45404,
            36.32247
          ],
          [
            10.45355,
            36.32201
          ],
          [
            10.45296,
            36.32139
          ],
          [
            10.45273,
            36.32116
          ],
          [
            10.45186,
            36.32015
          ],
          [
            10.45099,
            36.31899
          ],
          [
            10.45008,
            36.3176
          ],
          [
            10.44988,
            36.31727
          ],
          [
            10.44885,
            36.31523
          ],
          [
            10.44731,
            36.31207
          ],
          [
            10.44701,
            36.3115
          ],
          [
            10.44473,
            36.30681
          ],
          [
            10.44419,
            36.30566
          ],
          [
            10.44365,
            36.30442
          ],
          [
            10.44362,
            36.30432
          ],
          [
            10.44274,
            36.30196
          ],
          [
            10.44234,
            36.30063
          ],
          [
            10.44231,
            36.30055
          ],
          [
            10.4421,
            36.29987
          ],
          [
            10.44176,
            36.29862
          ],
          [
            10.44173,
            36.29853
          ],
          [
            10.44138,
            36.29726
          ],
          [
            10.44107,
            36.29606
          ],
          [
            10.44083,
            36.2952
          ],
          [
            10.44006,
            36.29267
          ],
          [
            10.43983,
            36.29197
          ],
          [
            10.43909,
            36.2899
          ],
          [
            10.43803,
            36.28706
          ],
          [
            10.43757,
            36.28578
          ],
          [
            10.43723,
            36.28478
          ],
          [
            10.4372,
            36.28472
          ],
          [
            10.43684,
            36.28359
          ],
          [
            10.4366,
            36.28278
          ],
          [
            10.43521,
            36.27774
          ],
          [
            10.43472,
            36.27622
          ],
          [
            10.43439,
            36.27528
          ],
          [
            10.43436,
            36.27517
          ],
          [
            10.43365,
            36.2733
          ],
          [
            10.43282,
            36.27133
          ],
          [
            10.43263,
            36.27091
          ],
          [
            10.43177,
            36.26888
          ],
          [
            10.43169,
            36.26871
          ],
          [
            10.43148,
            36.2682
          ],
          [
            10.4314,
            36.26803
          ],
          [
            10.43126,
            36.26769
          ],
          [
            10.43118,
            36.26752
          ],
          [
            10.43111,
            36.26735
          ],
          [
            10.43103,
            36.26718
          ],
          [
            10.43096,
            36.26701
          ],
          [
            10.43088,
            36.26685
          ],
          [
            10.43081,
            36.26668
          ],
          [
            10.43073,
            36.26651
          ],
          [
            10.43066,
            36.26634
          ],
          [
            10.43058,
            36.26617
          ],
          [
            10.43037,
            36.26565
          ],
          [
            10.43031,
            36.26548
          ],
          [
            10.42982,
            36.26429
          ],
          [
            10.42974,
            36.26412
          ],
          [
            10.42946,
            36.26344
          ],
          [
            10.42938,
            36.26327
          ],
          [
            10.42937,
            36.26324
          ],
          [
            10.42937,
            36.26323
          ],
          [
            10.42931,
            36.2631
          ],
          [
            10.42926,
            36.26297
          ],
          [
            10.42924,
            36.26293
          ],
          [
            10.42917,
            36.26276
          ],
          [
            10.42911,
            36.26264
          ],
          [
            10.42862,
            36.26148
          ],
          [
            10.42812,
            36.2601
          ],
          [
            10.42766,
            36.25862
          ],
          [
            10.42731,
            36.25732
          ],
          [
            10.42693,
            36.2557
          ],
          [
            10.42693,
            36.25569
          ],
          [
            10.42645,
            36.25366
          ],
          [
            10.42642,
            36.25351
          ],
          [
            10.42587,
            36.25119
          ],
          [
            10.42561,
            36.25016
          ],
          [
            10.4253,
            36.24905
          ],
          [
            10.42516,
            36.24871
          ],
          [
            10.4248,
            36.24765
          ],
          [
            10.42432,
            36.24646
          ],
          [
            10.42385,
            36.24543
          ],
          [
            10.4235,
            36.24472
          ],
          [
            10.42262,
            36.24317
          ],
          [
            10.4221,
            36.24239
          ],
          [
            10.42155,
            36.24165
          ],
          [
            10.42123,
            36.24131
          ],
          [
            10.4211,
            36.24116
          ],
          [
            10.42102,
            36.24108
          ],
          [
            10.42064,
            36.24077
          ],
          [
            10.42048,
            36.24065
          ],
          [
            10.42027,
            36.24048
          ],
          [
            10.42016,
            36.2404
          ],
          [
            10.42,
            36.24027
          ],
          [
            10.41934,
            36.23979
          ],
          [
            10.41918,
            36.23966
          ],
          [
            10.41917,
            36.23966
          ],
          [
            10.41882,
            36.23945
          ],
          [
            10.41845,
            36.23925
          ],
          [
            10.41827,
            36.23914
          ],
          [
            10.41809,
            36.23904
          ],
          [
            10.41773,
            36.23882
          ],
          [
            10.41755,
            36.23872
          ],
          [
            10.41719,
            36.2385
          ],
          [
            10.41696,
            36.23837
          ],
          [
            10.41684,
            36.23828
          ],
          [
            10.41667,
            36.23817
          ],
          [
            10.41544,
            36.23713
          ],
          [
            10.41529,
            36.23698
          ],
          [
            10.4149,
            36.23655
          ],
          [
            10.41432,
            36.2358
          ],
          [
            10.41421,
            36.23564
          ],
          [
            10.41402,
            36.23539
          ],
          [
            10.41399,
            36.23532
          ],
          [
            10.41383,
            36.23499
          ],
          [
            10.41349,
            36.23433
          ],
          [
            10.41349,
            36.23432
          ],
          [
            10.41343,
            36.23415
          ],
          [
            10.41338,
            36.23398
          ],
          [
            10.41328,
            36.23368
          ],
          [
            10.41326,
            36.23363
          ],
          [
            10.41321,
            36.23339
          ],
          [
            10.41318,
            36.23328
          ],
          [
            10.41315,
            36.2331
          ],
          [
            10.41303,
            36.23257
          ],
          [
            10.413,
            36.23239
          ],
          [
            10.41296,
            36.23221
          ],
          [
            10.41294,
            36.23185
          ],
          [
            10.41294,
            36.23167
          ],
          [
            10.41292,
            36.23127
          ],
          [
            10.41293,
            36.23113
          ],
          [
            10.41293,
            36.23095
          ],
          [
            10.41295,
            36.23059
          ],
          [
            10.41295,
            36.23035
          ],
          [
            10.41301,
            36.23006
          ],
          [
            10.4131,
            36.22952
          ],
          [
            10.41312,
            36.22944
          ],
          [
            10.41334,
            36.22883
          ],
          [
            10.41342,
            36.22866
          ],
          [
            10.41349,
            36.22849
          ],
          [
            10.41418,
            36.22697
          ],
          [
            10.41427,
            36.22681
          ],
          [
            10.41525,
            36.22483
          ],
          [
            10.41674,
            36.22226
          ],
          [
            10.41907,
            36.21792
          ],
          [
            10.41934,
            36.21748
          ],
          [
            10.41954,
            36.21713
          ],
          [
            10.41981,
            36.21672
          ],
          [
            10.42006,
            36.21636
          ],
          [
            10.42031,
            36.21607
          ],
          [
            10.42133,
            36.21483
          ],
          [
            10.42259,
            36.21357
          ],
          [
            10.42322,
            36.21296
          ],
          [
            10.4243,
            36.21205
          ],
          [
            10.42622,
            36.21033
          ],
          [
            10.42698,
            36.20963
          ],
          [
            10.42783,
            36.20878
          ],
          [
            10.42801,
            36.20859
          ],
          [
            10.42906,
            36.20742
          ],
          [
            10.42996,
            36.20608
          ],
          [
            10.43054,
            36.20494
          ],
          [
            10.43082,
            36.20432
          ],
          [
            10.43132,
            36.20315
          ],
          [
            10.4317,
            36.20198
          ],
          [
            10.43175,
            36.2018
          ],
          [
            10.43181,
            36.20163
          ],
          [
            10.43216,
            36.20043
          ],
          [
            10.43241,
            36.19902
          ],
          [
            10.43255,
            36.19775
          ],
          [
            10.43269,
            36.19617
          ],
          [
            10.43264,
            36.19471
          ],
          [
            10.43253,
            36.19359
          ],
          [
            10.43252,
            36.19341
          ],
          [
            10.43249,
            36.19324
          ],
          [
            10.43245,
            36.19306
          ],
          [
            10.43216,
            36.19155
          ],
          [
            10.43176,
            36.19034
          ],
          [
            10.43159,
            36.18986
          ],
          [
            10.43062,
            36.18742
          ],
          [
            10.42962,
            36.18473
          ],
          [
            10.42792,
            36.17995
          ],
          [
            10.42724,
            36.17782
          ],
          [
            10.42625,
            36.17505
          ],
          [
            10.42474,
            36.17063
          ],
          [
            10.42417,
            36.16923
          ],
          [
            10.42383,
            36.16834
          ],
          [
            10.42327,
            36.16706
          ],
          [
            10.4223,
            36.1654
          ],
          [
            10.42102,
            36.16328
          ],
          [
            10.42012,
            36.16173
          ],
          [
            10.42009,
            36.16169
          ],
          [
            10.41887,
            36.15953
          ],
          [
            10.4163,
            36.15523
          ],
          [
            10.41626,
            36.15515
          ],
          [
            10.41518,
            36.1534
          ],
          [
            10.41413,
            36.1516
          ],
          [
            10.41407,
            36.15151
          ],
          [
            10.4131,
            36.14992
          ],
          [
            10.41309,
            36.14989
          ],
          [
            10.41248,
            36.14878
          ],
          [
            10.41203,
            36.14812
          ],
          [
            10.4117,
            36.14753
          ],
          [
            10.41112,
            36.14643
          ],
          [
            10.4102,
            36.14423
          ],
          [
            10.40943,
            36.14206
          ],
          [
            10.40904,
            36.14085
          ],
          [
            10.40863,
            36.13944
          ],
          [
            10.40812,
            36.13695
          ],
          [
            10.4079,
            36.13599
          ],
          [
            10.40711,
            36.13163
          ],
          [
            10.40677,
            36.13008
          ],
          [
            10.40649,
            36.12868
          ],
          [
            10.40617,
            36.12722
          ],
          [
            10.40561,
            36.12445
          ],
          [
            10.40539,
            36.12282
          ],
          [
            10.40523,
            36.12081
          ],
          [
            10.4051,
            36.11952
          ],
          [
            10.40509,
            36.11919
          ],
          [
            10.40498,
            36.11727
          ],
          [
            10.40494,
            36.11464
          ],
          [
            10.4047,
            36.10883
          ],
          [
            10.40469,
            36.10783
          ],
          [
            10.40462,
            36.10686
          ],
          [
            10.40452,
            36.10588
          ],
          [
            10.40444,
            36.10534
          ],
          [
            10.40353,
            36.10042
          ],
          [
            10.40352,
            36.1004
          ],
          [
            10.40179,
            36.09207
          ],
          [
            10.40155,
            36.08991
          ],
          [
            10.40148,
            36.08899
          ],
          [
            10.40146,
            36.0886
          ],
          [
            10.40146,
            36.08647
          ],
          [
            10.40157,
            36.08488
          ],
          [
            10.40159,
            36.0847
          ],
          [
            10.40159,
            36.08464
          ],
          [
            10.4016,
            36.08456
          ],
          [
            10.40161,
            36.08452
          ],
          [
            10.4017,
            36.08358
          ],
          [
            10.40189,
            36.08244
          ],
          [
            10.40201,
            36.08158
          ],
          [
            10.40208,
            36.08126
          ],
          [
            10.40271,
            36.0789
          ],
          [
            10.40482,
            36.07233
          ],
          [
            10.4049,
            36.07205
          ],
          [
            10.40504,
            36.07163
          ],
          [
            10.40509,
            36.07145
          ],
          [
            10.40678,
            36.06605
          ],
          [
            10.40681,
            36.06597
          ],
          [
            10.40739,
            36.06408
          ],
          [
            10.40806,
            36.06203
          ],
          [
            10.40837,
            36.061
          ],
          [
            10.40946,
            36.05786
          ],
          [
            10.41012,
            36.0563
          ],
          [
            10.41071,
            36.05503
          ],
          [
            10.41138,
            36.0538
          ],
          [
            10.41242,
            36.05178
          ],
          [
            10.4132,
            36.05045
          ],
          [
            10.41362,
            36.04968
          ],
          [
            10.41375,
            36.04946
          ],
          [
            10.41378,
            36.04939
          ],
          [
            10.41416,
            36.04869
          ],
          [
            10.41424,
            36.04853
          ],
          [
            10.41439,
            36.04826
          ],
          [
            10.41506,
            36.04713
          ],
          [
            10.41656,
            36.04436
          ],
          [
            10.41819,
            36.04152
          ],
          [
            10.4199,
            36.03845
          ],
          [
            10.42068,
            36.03709
          ],
          [
            10.42169,
            36.03526
          ],
          [
            10.42172,
            36.03523
          ],
          [
            10.42248,
            36.03386
          ],
          [
            10.42269,
            36.03351
          ],
          [
            10.42329,
            36.03241
          ],
          [
            10.42385,
            36.03124
          ],
          [
            10.42444,
            36.02992
          ],
          [
            10.42503,
            36.02833
          ],
          [
            10.42559,
            36.02674
          ],
          [
            10.42582,
            36.02568
          ],
          [
            10.42614,
            36.02431
          ],
          [
            10.42668,
            36.02181
          ],
          [
            10.42737,
            36.01881
          ],
          [
            10.42752,
            36.01825
          ],
          [
            10.42775,
            36.0175
          ],
          [
            10.42802,
            36.01656
          ],
          [
            10.42866,
            36.01482
          ],
          [
            10.4293,
            36.01335
          ],
          [
            10.4299,
            36.01211
          ],
          [
            10.43041,
            36.01118
          ],
          [
            10.43099,
            36.01017
          ],
          [
            10.43169,
            36.00904
          ],
          [
            10.43229,
            36.00818
          ],
          [
            10.43287,
            36.00727
          ],
          [
            10.43358,
            36.00632
          ],
          [
            10.4359,
            36.00285
          ],
          [
            10.43675,
            36.00166
          ],
          [
            10.43867,
            35.99888
          ],
          [
            10.43901,
            35.99841
          ],
          [
            10.43909,
            35.99831
          ],
          [
            10.44006,
            35.99689
          ],
          [
            10.44018,
            35.99673
          ],
          [
            10.44089,
            35.99562
          ],
          [
            10.44175,
            35.99434
          ],
          [
            10.44193,
            35.99409
          ],
          [
            10.44889,
            35.98356
          ],
          [
            10.44897,
            35.98343
          ],
          [
            10.44985,
            35.98221
          ],
          [
            10.45051,
            35.98125
          ],
          [
            10.45095,
            35.98071
          ],
          [
            10.45098,
            35.98066
          ],
          [
            10.45128,
            35.98029
          ],
          [
            10.45219,
            35.97923
          ],
          [
            10.45305,
            35.97831
          ],
          [
            10.45423,
            35.97718
          ],
          [
            10.45567,
            35.97594
          ],
          [
            10.4569,
            35.975
          ],
          [
            10.4584,
            35.97394
          ],
          [
            10.45913,
            35.97348
          ],
          [
            10.46038,
            35.97273
          ],
          [
            10.46219,
            35.97173
          ],
          [
            10.46315,
            35.97129
          ],
          [
            10.46415,
            35.97086
          ],
          [
            10.46483,
            35.97053
          ],
          [
            10.46576,
            35.97016
          ],
          [
            10.46904,
            35.96877
          ],
          [
            10.47315,
            35.96694
          ],
          [
            10.47391,
            35.96653
          ],
          [
            10.47394,
            35.96651
          ],
          [
            10.47409,
            35.96643
          ],
          [
            10.47477,
            35.96603
          ],
          [
            10.47481,
            35.966
          ],
          [
            10.47581,
            35.96535
          ],
          [
            10.47585,
            35.96533
          ],
          [
            10.47766,
            35.96414
          ],
          [
            10.47838,
            35.96371
          ],
          [
            10.47938,
            35.96316
          ],
          [
            10.47967,
            35.96299
          ],
          [
            10.48064,
            35.96253
          ],
          [
            10.48145,
            35.96218
          ],
          [
            10.48225,
            35.96189
          ],
          [
            10.48287,
            35.96165
          ],
          [
            10.48291,
            35.96163
          ],
          [
            10.48374,
            35.96138
          ],
          [
            10.48395,
            35.96131
          ],
          [
            10.4843,
            35.96121
          ],
          [
            10.48667,
            35.96071
          ],
          [
            10.48804,
            35.96051
          ],
          [
            10.48808,
            35.9605
          ],
          [
            10.49014,
            35.96031
          ],
          [
            10.49048,
            35.96029
          ],
          [
            10.49307,
            35.96007
          ],
          [
            10.4942,
            35.95988
          ],
          [
            10.49528,
            35.95965
          ],
          [
            10.49635,
            35.95931
          ],
          [
            10.49735,
            35.95897
          ],
          [
            10.49816,
            35.95862
          ],
          [
            10.49935,
            35.95799
          ],
          [
            10.49965,
            35.95782
          ],
          [
            10.50039,
            35.95736
          ],
          [
            10.50089,
            35.95702
          ],
          [
            10.50141,
            35.95661
          ],
          [
            10.50177,
            35.95631
          ],
          [
            10.50225,
            35.95589
          ],
          [
            10.50309,
            35.95508
          ],
          [
            10.50725,
            35.95086
          ],
          [
            10.50812,
            35.9499
          ],
          [
            10.5086,
            35.94928
          ],
          [
            10.50901,
            35.94867
          ],
          [
            10.50926,
            35.94824
          ],
          [
            10.50941,
            35.94801
          ],
          [
            10.50993,
            35.94691
          ],
          [
            10.5102,
            35.94615
          ],
          [
            10.51043,
            35.9453
          ],
          [
            10.51059,
            35.9444
          ],
          [
            10.51067,
            35.9435
          ],
          [
            10.51067,
            35.94254
          ],
          [
            10.51064,
            35.94193
          ],
          [
            10.51046,
            35.94097
          ],
          [
            10.51046,
            35.94095
          ],
          [
            10.51018,
            35.93976
          ],
          [
            10.51003,
            35.93931
          ],
          [
            10.50985,
            35.93884
          ],
          [
            10.50934,
            35.93768
          ],
          [
            10.50889,
            35.9368
          ],
          [
            10.50834,
            35.93565
          ],
          [
            10.50777,
            35.93453
          ],
          [
            10.5072,
            35.9333
          ],
          [
            10.50715,
            35.93321
          ],
          [
            10.50661,
            35.93214
          ],
          [
            10.50604,
            35.93096
          ],
          [
            10.50602,
            35.93091
          ],
          [
            10.50594,
            35.93074
          ],
          [
            10.50587,
            35.93057
          ],
          [
            10.50555,
            35.92989
          ],
          [
            10.50502,
            35.92885
          ],
          [
            10.50453,
            35.92773
          ],
          [
            10.50394,
            35.92655
          ],
          [
            10.50328,
            35.92544
          ],
          [
            10.50283,
            35.92475
          ],
          [
            10.50261,
            35.92448
          ],
          [
            10.50202,
            35.92372
          ],
          [
            10.50103,
            35.92262
          ],
          [
            10.50001,
            35.92162
          ],
          [
            10.49764,
            35.91963
          ],
          [
            10.49668,
            35.91888
          ],
          [
            10.49639,
            35.91864
          ],
          [
            10.49556,
            35.91792
          ],
          [
            10.49462,
            35.917
          ],
          [
            10.4946,
            35.91699
          ],
          [
            10.49401,
            35.91634
          ],
          [
            10.49339,
            35.9156
          ],
          [
            10.49292,
            35.9149
          ],
          [
            10.49291,
            35.91489
          ],
          [
            10.49228,
            35.91375
          ],
          [
            10.49211,
            35.91342
          ],
          [
            10.49208,
            35.91337
          ],
          [
            10.49182,
            35.91274
          ],
          [
            10.49182,
            35.91273
          ],
          [
            10.49158,
            35.91212
          ],
          [
            10.49141,
            35.91158
          ],
          [
            10.49121,
            35.91064
          ],
          [
            10.49118,
            35.91046
          ],
          [
            10.49109,
            35.91001
          ],
          [
            10.49102,
            35.90934
          ],
          [
            10.491,
            35.90858
          ],
          [
            10.49107,
            35.90777
          ],
          [
            10.49111,
            35.90711
          ],
          [
            10.49123,
            35.90636
          ],
          [
            10.49142,
            35.90564
          ],
          [
            10.49172,
            35.90459
          ],
          [
            10.49172,
            35.90458
          ],
          [
            10.49234,
            35.90286
          ],
          [
            10.49241,
            35.90269
          ],
          [
            10.49275,
            35.90172
          ],
          [
            10.49334,
            35.90023
          ],
          [
            10.49384,
            35.89909
          ],
          [
            10.49463,
            35.89741
          ],
          [
            10.49488,
            35.89691
          ],
          [
            10.49565,
            35.89545
          ],
          [
            10.496,
            35.89485
          ],
          [
            10.49641,
            35.89421
          ],
          [
            10.49696,
            35.89346
          ],
          [
            10.49764,
            35.89266
          ],
          [
            10.49766,
            35.89263
          ],
          [
            10.49793,
            35.89234
          ],
          [
            10.49806,
            35.89219
          ],
          [
            10.49886,
            35.89133
          ],
          [
            10.49945,
            35.89073
          ],
          [
            10.49948,
            35.89071
          ],
          [
            10.50004,
            35.89009
          ],
          [
            10.50007,
            35.89004
          ],
          [
            10.50053,
            35.88945
          ],
          [
            10.5009,
            35.88885
          ],
          [
            10.50135,
            35.88795
          ],
          [
            10.50161,
            35.88723
          ],
          [
            10.50169,
            35.88691
          ],
          [
            10.50174,
            35.88674
          ],
          [
            10.50182,
            35.88641
          ],
          [
            10.50182,
            35.88638
          ],
          [
            10.50185,
            35.8862
          ],
          [
            10.50191,
            35.88568
          ],
          [
            10.50192,
            35.88513
          ],
          [
            10.50193,
            35.88495
          ],
          [
            10.50193,
            35.88471
          ],
          [
            10.50199,
            35.88379
          ],
          [
            10.50208,
            35.88296
          ],
          [
            10.5022,
            35.88231
          ],
          [
            10.50233,
            35.88187
          ],
          [
            10.50259,
            35.88115
          ],
          [
            10.50276,
            35.88079
          ],
          [
            10.50298,
            35.88037
          ],
          [
            10.50326,
            35.8799
          ],
          [
            10.50355,
            35.87944
          ],
          [
            10.50376,
            35.87915
          ],
          [
            10.50392,
            35.879
          ],
          [
            10.50431,
            35.87853
          ],
          [
            10.5048,
            35.87788
          ],
          [
            10.50522,
            35.87735
          ],
          [
            10.5058,
            35.87658
          ],
          [
            10.50589,
            35.87645
          ],
          [
            10.50591,
            35.87643
          ],
          [
            10.50784,
            35.87386
          ],
          [
            10.50821,
            35.87341
          ],
          [
            10.50874,
            35.87268
          ],
          [
            10.51038,
            35.87064
          ],
          [
            10.51123,
            35.86968
          ],
          [
            10.51135,
            35.86953
          ],
          [
            10.51161,
            35.86924
          ],
          [
            10.51162,
            35.86922
          ],
          [
            10.51209,
            35.86864
          ],
          [
            10.51211,
            35.86861
          ],
          [
            10.51249,
            35.86815
          ],
          [
            10.51281,
            35.86782
          ],
          [
            10.51286,
            35.86776
          ],
          [
            10.51298,
            35.8676
          ],
          [
            10.51302,
            35.86756
          ],
          [
            10.5131,
            35.86745
          ],
          [
            10.51335,
            35.86718
          ],
          [
            10.51336,
            35.86716
          ],
          [
            10.5135,
            35.86702
          ],
          [
            10.51358,
            35.86693
          ],
          [
            10.51473,
            35.86575
          ],
          [
            10.51522,
            35.86523
          ],
          [
            10.5163,
            35.86416
          ],
          [
            10.51724,
            35.86319
          ],
          [
            10.51924,
            35.86118
          ],
          [
            10.51975,
            35.86065
          ],
          [
            10.52098,
            35.85933
          ],
          [
            10.52151,
            35.85874
          ],
          [
            10.52174,
            35.85845
          ],
          [
            10.52257,
            35.85746
          ],
          [
            10.52322,
            35.85665
          ],
          [
            10.52335,
            35.8565
          ],
          [
            10.5241,
            35.85545
          ],
          [
            10.52459,
            35.85474
          ],
          [
            10.5251,
            35.85391
          ],
          [
            10.52543,
            35.85333
          ],
          [
            10.52566,
            35.85295
          ],
          [
            10.52616,
            35.85206
          ],
          [
            10.52618,
            35.85203
          ],
          [
            10.52626,
            35.85186
          ],
          [
            10.52751,
            35.84951
          ],
          [
            10.52815,
            35.84841
          ],
          [
            10.52825,
            35.84825
          ],
          [
            10.52842,
            35.84794
          ],
          [
            10.5293,
            35.84648
          ],
          [
            10.5305,
            35.84471
          ],
          [
            10.53076,
            35.84426
          ],
          [
            10.53301,
            35.84093
          ],
          [
            10.53446,
            35.83887
          ],
          [
            10.53573,
            35.83694
          ],
          [
            10.5378,
            35.83392
          ],
          [
            10.53781,
            35.8339
          ],
          [
            10.53844,
            35.83298
          ],
          [
            10.53854,
            35.83282
          ],
          [
            10.53951,
            35.83139
          ],
          [
            10.53957,
            35.83131
          ],
          [
            10.54046,
            35.82986
          ],
          [
            10.54127,
            35.82846
          ],
          [
            10.54177,
            35.82749
          ],
          [
            10.54243,
            35.8261
          ],
          [
            10.54246,
            35.826
          ],
          [
            10.54301,
            35.82464
          ],
          [
            10.54361,
            35.82285
          ],
          [
            10.54393,
            35.82173
          ],
          [
            10.54399,
            35.82156
          ],
          [
            10.54551,
            35.81513
          ],
          [
            10.54594,
            35.8132
          ],
          [
            10.54636,
            35.81119
          ],
          [
            10.5464,
            35.81103
          ],
          [
            10.54673,
            35.80938
          ],
          [
            10.54688,
            35.80809
          ],
          [
            10.54698,
            35.80678
          ],
          [
            10.54698,
            35.80655
          ],
          [
            10.54703,
            35.80534
          ],
          [
            10.54716,
            35.80435
          ],
          [
            10.54723,
            35.80361
          ],
          [
            10.54735,
            35.80282
          ],
          [
            10.54759,
            35.80171
          ],
          [
            10.54799,
            35.80014
          ],
          [
            10.54818,
            35.79948
          ],
          [
            10.54835,
            35.79899
          ],
          [
            10.54838,
            35.79892
          ],
          [
            10.54844,
            35.79874
          ],
          [
            10.54876,
            35.7979
          ],
          [
            10.54923,
            35.79687
          ],
          [
            10.54925,
            35.79684
          ],
          [
            10.55008,
            35.79502
          ],
          [
            10.55015,
            35.79485
          ],
          [
            10.55046,
            35.79417
          ],
          [
            10.55054,
            35.79401
          ],
          [
            10.55061,
            35.79384
          ],
          [
            10.55077,
            35.7935
          ],
          [
            10.55078,
            35.79346
          ],
          [
            10.55141,
            35.79209
          ],
          [
            10.55244,
            35.78993
          ],
          [
            10.55248,
            35.78983
          ],
          [
            10.55308,
            35.78858
          ],
          [
            10.55371,
            35.78705
          ],
          [
            10.55372,
            35.78704
          ],
          [
            10.55389,
            35.78653
          ],
          [
            10.55396,
            35.78636
          ],
          [
            10.55408,
            35.78602
          ],
          [
            10.55416,
            35.78577
          ],
          [
            10.55463,
            35.78451
          ],
          [
            10.555,
            35.78342
          ],
          [
            10.55502,
            35.78335
          ],
          [
            10.55506,
            35.78325
          ],
          [
            10.55517,
            35.78292
          ],
          [
            10.55563,
            35.78133
          ],
          [
            10.55569,
            35.78117
          ],
          [
            10.55624,
            35.77927
          ],
          [
            10.55624,
            35.77926
          ],
          [
            10.55629,
            35.77909
          ],
          [
            10.55663,
            35.77754
          ],
          [
            10.55666,
            35.77736
          ],
          [
            10.55716,
            35.77489
          ],
          [
            10.55744,
            35.77327
          ],
          [
            10.55764,
            35.77221
          ],
          [
            10.55779,
            35.7713
          ],
          [
            10.55797,
            35.76976
          ],
          [
            10.5581,
            35.76847
          ],
          [
            10.55811,
            35.76809
          ],
          [
            10.55813,
            35.76773
          ],
          [
            10.55813,
            35.76755
          ],
          [
            10.55815,
            35.76719
          ],
          [
            10.55818,
            35.76468
          ],
          [
            10.5581,
            35.76283
          ],
          [
            10.55809,
            35.76278
          ],
          [
            10.55801,
            35.76198
          ],
          [
            10.558,
            35.76197
          ],
          [
            10.55798,
            35.7618
          ],
          [
            10.55774,
            35.76034
          ],
          [
            10.55773,
            35.76018
          ],
          [
            10.55757,
            35.75912
          ],
          [
            10.55755,
            35.75903
          ],
          [
            10.55731,
            35.75752
          ],
          [
            10.55709,
            35.75642
          ],
          [
            10.55705,
            35.75628
          ],
          [
            10.5568,
            35.75525
          ],
          [
            10.55639,
            35.75382
          ],
          [
            10.55633,
            35.75364
          ],
          [
            10.55622,
            35.75324
          ],
          [
            10.55555,
            35.75111
          ],
          [
            10.55555,
            35.7511
          ],
          [
            10.55495,
            35.74911
          ],
          [
            10.55486,
            35.74887
          ],
          [
            10.55481,
            35.74869
          ],
          [
            10.55441,
            35.7474
          ],
          [
            10.55391,
            35.74593
          ],
          [
            10.55319,
            35.74337
          ],
          [
            10.55292,
            35.74222
          ],
          [
            10.55269,
            35.74103
          ],
          [
            10.55254,
            35.73986
          ],
          [
            10.55252,
            35.73976
          ],
          [
            10.55233,
            35.73807
          ],
          [
            10.55232,
            35.73805
          ],
          [
            10.55232,
            35.73789
          ],
          [
            10.5523,
            35.73753
          ],
          [
            10.5523,
            35.73735
          ],
          [
            10.55225,
            35.73598
          ],
          [
            10.55235,
            35.73433
          ],
          [
            10.55243,
            35.73328
          ],
          [
            10.55285,
            35.7291
          ],
          [
            10.55307,
            35.72728
          ],
          [
            10.55319,
            35.72612
          ],
          [
            10.55319,
            35.72605
          ],
          [
            10.5533,
            35.72498
          ],
          [
            10.55346,
            35.72371
          ],
          [
            10.55356,
            35.72253
          ],
          [
            10.5536,
            35.72229
          ],
          [
            10.55388,
            35.72015
          ],
          [
            10.5542,
            35.71903
          ],
          [
            10.55422,
            35.71899
          ],
          [
            10.55463,
            35.71766
          ],
          [
            10.55477,
            35.71731
          ],
          [
            10.55517,
            35.71643
          ],
          [
            10.55582,
            35.7152
          ],
          [
            10.55585,
            35.71515
          ],
          [
            10.55669,
            35.71391
          ],
          [
            10.55778,
            35.71253
          ],
          [
            10.55828,
            35.712
          ],
          [
            10.55931,
            35.71087
          ],
          [
            10.56082,
            35.70929
          ],
          [
            10.56128,
            35.70872
          ],
          [
            10.5623,
            35.70733
          ],
          [
            10.5629,
            35.70636
          ],
          [
            10.56325,
            35.7057
          ],
          [
            10.56375,
            35.70464
          ],
          [
            10.56412,
            35.7036
          ],
          [
            10.56428,
            35.70307
          ],
          [
            10.56456,
            35.70203
          ],
          [
            10.56477,
            35.70098
          ],
          [
            10.56482,
            35.70057
          ],
          [
            10.56487,
            35.70024
          ],
          [
            10.56492,
            35.69959
          ],
          [
            10.56494,
            35.69901
          ],
          [
            10.56492,
            35.69819
          ],
          [
            10.56489,
            35.69763
          ],
          [
            10.56483,
            35.69698
          ],
          [
            10.5647,
            35.69618
          ],
          [
            10.5646,
            35.69566
          ],
          [
            10.56448,
            35.69516
          ],
          [
            10.56425,
            35.69433
          ],
          [
            10.56367,
            35.69252
          ],
          [
            10.56301,
            35.69067
          ],
          [
            10.56245,
            35.68895
          ],
          [
            10.56154,
            35.68588
          ],
          [
            10.56122,
            35.68469
          ],
          [
            10.56109,
            35.68409
          ],
          [
            10.56083,
            35.68266
          ],
          [
            10.56073,
            35.68194
          ],
          [
            10.5607,
            35.68178
          ],
          [
            10.56062,
            35.68104
          ],
          [
            10.56058,
            35.68074
          ],
          [
            10.56053,
            35.68013
          ],
          [
            10.56046,
            35.67862
          ],
          [
            10.56032,
            35.66931
          ],
          [
            10.56032,
            35.66805
          ],
          [
            10.56038,
            35.66686
          ],
          [
            10.56048,
            35.66585
          ],
          [
            10.56054,
            35.66539
          ],
          [
            10.56082,
            35.6639
          ],
          [
            10.56102,
            35.66305
          ],
          [
            10.56125,
            35.66223
          ],
          [
            10.56131,
            35.66205
          ],
          [
            10.56141,
            35.6617
          ],
          [
            10.56159,
            35.66118
          ],
          [
            10.56219,
            35.6596
          ],
          [
            10.56243,
            35.65907
          ],
          [
            10.56281,
            35.65829
          ],
          [
            10.5635,
            35.65701
          ],
          [
            10.56381,
            35.65649
          ],
          [
            10.56432,
            35.65569
          ],
          [
            10.56518,
            35.65447
          ],
          [
            10.56571,
            35.65379
          ],
          [
            10.5663,
            35.65309
          ],
          [
            10.56721,
            35.65207
          ],
          [
            10.57061,
            35.64864
          ],
          [
            10.57096,
            35.64831
          ],
          [
            10.5727,
            35.64657
          ],
          [
            10.57295,
            35.6463
          ],
          [
            10.57764,
            35.6416
          ],
          [
            10.57766,
            35.64159
          ],
          [
            10.58363,
            35.63558
          ],
          [
            10.58393,
            35.63529
          ],
          [
            10.58488,
            35.63432
          ],
          [
            10.58573,
            35.63349
          ],
          [
            10.58665,
            35.63256
          ],
          [
            10.58668,
            35.63252
          ],
          [
            10.58693,
            35.63228
          ],
          [
            10.58804,
            35.63116
          ],
          [
            10.5884,
            35.63078
          ],
          [
            10.58917,
            35.62993
          ],
          [
            10.5902,
            35.62866
          ],
          [
            10.59114,
            35.62734
          ],
          [
            10.5916,
            35.62662
          ],
          [
            10.59208,
            35.62583
          ],
          [
            10.59261,
            35.62482
          ],
          [
            10.59277,
            35.62448
          ],
          [
            10.59286,
            35.62432
          ],
          [
            10.59303,
            35.62396
          ],
          [
            10.5936,
            35.62267
          ],
          [
            10.59397,
            35.62166
          ],
          [
            10.59421,
            35.6209
          ],
          [
            10.59611,
            35.61435
          ],
          [
            10.59624,
            35.61387
          ],
          [
            10.5976,
            35.60924
          ],
          [
            10.59763,
            35.60912
          ],
          [
            10.59765,
            35.60907
          ],
          [
            10.5979,
            35.60819
          ],
          [
            10.59794,
            35.60807
          ],
          [
            10.59795,
            35.60802
          ],
          [
            10.59801,
            35.60784
          ],
          [
            10.59811,
            35.60749
          ],
          [
            10.59877,
            35.60542
          ],
          [
            10.59945,
            35.60346
          ],
          [
            10.6003,
            35.60125
          ],
          [
            10.60107,
            35.59939
          ],
          [
            10.60115,
            35.59922
          ],
          [
            10.60137,
            35.59869
          ],
          [
            10.60196,
            35.59736
          ],
          [
            10.60276,
            35.59549
          ],
          [
            10.60281,
            35.59539
          ],
          [
            10.60335,
            35.59413
          ],
          [
            10.60343,
            35.59397
          ],
          [
            10.60407,
            35.59248
          ],
          [
            10.60409,
            35.59244
          ],
          [
            10.60449,
            35.59149
          ],
          [
            10.6046,
            35.59125
          ],
          [
            10.60461,
            35.59121
          ],
          [
            10.60462,
            35.5912
          ],
          [
            10.60482,
            35.59074
          ],
          [
            10.60536,
            35.58943
          ],
          [
            10.60658,
            35.58623
          ],
          [
            10.60661,
            35.58613
          ],
          [
            10.6082,
            35.58157
          ],
          [
            10.6082,
            35.58156
          ],
          [
            10.60836,
            35.5811
          ],
          [
            10.60843,
            35.58093
          ],
          [
            10.60851,
            35.58069
          ],
          [
            10.60949,
            35.57818
          ],
          [
            10.60955,
            35.57801
          ],
          [
            10.60961,
            35.57787
          ],
          [
            10.60968,
            35.57767
          ],
          [
            10.61137,
            35.57327
          ],
          [
            10.61167,
            35.57245
          ],
          [
            10.61211,
            35.57131
          ],
          [
            10.61271,
            35.56961
          ],
          [
            10.61444,
            35.56523
          ],
          [
            10.61476,
            35.56434
          ],
          [
            10.6166,
            35.55956
          ],
          [
            10.61753,
            35.55698
          ],
          [
            10.61755,
            35.55691
          ],
          [
            10.61814,
            35.55516
          ],
          [
            10.6192,
            35.55184
          ],
          [
            10.61992,
            35.54939
          ],
          [
            10.61998,
            35.54921
          ],
          [
            10.62013,
            35.54869
          ],
          [
            10.62019,
            35.54851
          ],
          [
            10.62139,
            35.54449
          ],
          [
            10.62144,
            35.5443
          ],
          [
            10.62201,
            35.5424
          ],
          [
            10.62207,
            35.54222
          ],
          [
            10.62238,
            35.54117
          ],
          [
            10.62244,
            35.54099
          ],
          [
            10.624,
            35.53576
          ],
          [
            10.62401,
            35.53576
          ],
          [
            10.62467,
            35.53335
          ],
          [
            10.62519,
            35.53113
          ],
          [
            10.6257,
            35.52837
          ],
          [
            10.62585,
            35.52736
          ],
          [
            10.62587,
            35.52726
          ],
          [
            10.62599,
            35.52637
          ],
          [
            10.62611,
            35.5253
          ],
          [
            10.6262,
            35.52466
          ],
          [
            10.6262,
            35.52458
          ],
          [
            10.62629,
            35.5236
          ],
          [
            10.62629,
            35.5235
          ],
          [
            10.62639,
            35.52212
          ],
          [
            10.62646,
            35.52049
          ],
          [
            10.62647,
            35.51953
          ],
          [
            10.62646,
            35.51733
          ],
          [
            10.6264,
            35.51573
          ],
          [
            10.62635,
            35.51487
          ],
          [
            10.62624,
            35.51344
          ],
          [
            10.62623,
            35.51339
          ],
          [
            10.62607,
            35.51189
          ],
          [
            10.62607,
            35.51183
          ],
          [
            10.62602,
            35.51147
          ],
          [
            10.62582,
            35.50974
          ],
          [
            10.62582,
            35.50968
          ],
          [
            10.62571,
            35.50877
          ],
          [
            10.62557,
            35.50777
          ],
          [
            10.62525,
            35.50493
          ],
          [
            10.62519,
            35.50426
          ],
          [
            10.62512,
            35.50243
          ],
          [
            10.62514,
            35.50091
          ],
          [
            10.62525,
            35.4993
          ],
          [
            10.6255,
            35.49737
          ],
          [
            10.62575,
            35.49592
          ],
          [
            10.62614,
            35.49436
          ],
          [
            10.62615,
            35.4943
          ],
          [
            10.62807,
            35.48715
          ],
          [
            10.62827,
            35.48645
          ],
          [
            10.62915,
            35.48312
          ],
          [
            10.62936,
            35.48238
          ],
          [
            10.63004,
            35.47982
          ],
          [
            10.63013,
            35.47952
          ],
          [
            10.63136,
            35.47495
          ],
          [
            10.6314,
            35.47478
          ],
          [
            10.6318,
            35.47331
          ],
          [
            10.63231,
            35.47131
          ],
          [
            10.63232,
            35.47126
          ],
          [
            10.63274,
            35.46976
          ],
          [
            10.63372,
            35.46598
          ],
          [
            10.6344,
            35.4636
          ],
          [
            10.63465,
            35.4626
          ],
          [
            10.63526,
            35.46088
          ],
          [
            10.6357,
            35.45989
          ],
          [
            10.63617,
            35.4589
          ],
          [
            10.63672,
            35.45795
          ],
          [
            10.63728,
            35.45708
          ],
          [
            10.63779,
            35.45634
          ],
          [
            10.63787,
            35.45621
          ],
          [
            10.6379,
            35.45618
          ],
          [
            10.63862,
            35.45528
          ],
          [
            10.63913,
            35.45469
          ],
          [
            10.63923,
            35.45456
          ],
          [
            10.63979,
            35.45397
          ],
          [
            10.63992,
            35.45382
          ],
          [
            10.64076,
            35.45299
          ],
          [
            10.6408,
            35.45294
          ],
          [
            10.64155,
            35.45227
          ],
          [
            10.64231,
            35.45163
          ],
          [
            10.64291,
            35.45118
          ],
          [
            10.64409,
            35.45035
          ],
          [
            10.64631,
            35.44889
          ],
          [
            10.64648,
            35.44877
          ],
          [
            10.64665,
            35.44866
          ],
          [
            10.64677,
            35.44859
          ],
          [
            10.64682,
            35.44855
          ],
          [
            10.64932,
            35.44692
          ],
          [
            10.65269,
            35.44478
          ],
          [
            10.65578,
            35.44256
          ],
          [
            10.65854,
            35.44006
          ],
          [
            10.65963,
            35.43896
          ],
          [
            10.66056,
            35.43774
          ],
          [
            10.66132,
            35.43665
          ],
          [
            10.66142,
            35.43649
          ],
          [
            10.66232,
            35.4352
          ],
          [
            10.66934,
            35.42165
          ],
          [
            10.66943,
            35.42149
          ],
          [
            10.66951,
            35.42132
          ],
          [
            10.67216,
            35.41618
          ],
          [
            10.67225,
            35.41602
          ],
          [
            10.6725,
            35.41552
          ],
          [
            10.67254,
            35.41545
          ],
          [
            10.67334,
            35.41385
          ],
          [
            10.67411,
            35.41238
          ],
          [
            10.67411,
            35.41236
          ],
          [
            10.67435,
            35.41186
          ],
          [
            10.67458,
            35.41135
          ],
          [
            10.67463,
            35.41126
          ],
          [
            10.67465,
            35.41118
          ],
          [
            10.67506,
            35.41007
          ],
          [
            10.67513,
            35.4098
          ],
          [
            10.67524,
            35.40945
          ],
          [
            10.6754,
            35.40889
          ],
          [
            10.67557,
            35.40771
          ],
          [
            10.67562,
            35.40714
          ],
          [
            10.67566,
            35.40653
          ],
          [
            10.67571,
            35.40543
          ],
          [
            10.6757,
            35.40534
          ],
          [
            10.67562,
            35.40389
          ],
          [
            10.67543,
            35.40275
          ],
          [
            10.67539,
            35.40246
          ],
          [
            10.67517,
            35.40126
          ],
          [
            10.67513,
            35.40108
          ],
          [
            10.6747,
            35.39877
          ],
          [
            10.67466,
            35.39859
          ],
          [
            10.67456,
            35.39806
          ],
          [
            10.67452,
            35.39788
          ],
          [
            10.67449,
            35.3977
          ],
          [
            10.67445,
            35.39753
          ],
          [
            10.67442,
            35.39737
          ],
          [
            10.67442,
            35.39735
          ],
          [
            10.67366,
            35.39362
          ],
          [
            10.67363,
            35.39344
          ],
          [
            10.67351,
            35.39291
          ],
          [
            10.67348,
            35.39274
          ],
          [
            10.67314,
            35.39115
          ],
          [
            10.67279,
            35.39004
          ],
          [
            10.67208,
            35.3881
          ],
          [
            10.67121,
            35.38617
          ],
          [
            10.67027,
            35.38447
          ],
          [
            10.66944,
            35.38307
          ],
          [
            10.66943,
            35.38306
          ],
          [
            10.6655,
            35.37644
          ],
          [
            10.66536,
            35.37622
          ],
          [
            10.66536,
            35.37621
          ],
          [
            10.6648,
            35.37527
          ],
          [
            10.66396,
            35.37362
          ],
          [
            10.66383,
            35.3733
          ],
          [
            10.66329,
            35.37185
          ],
          [
            10.66291,
            35.37068
          ],
          [
            10.66288,
            35.37061
          ],
          [
            10.6627,
            35.37002
          ],
          [
            10.66218,
            35.3679
          ],
          [
            10.662,
            35.36692
          ],
          [
            10.66184,
            35.36594
          ],
          [
            10.66097,
            35.3586
          ],
          [
            10.66094,
            35.35842
          ],
          [
            10.66031,
            35.3531
          ],
          [
            10.66018,
            35.35212
          ],
          [
            10.65993,
            35.3509
          ],
          [
            10.6599,
            35.35072
          ],
          [
            10.65986,
            35.35054
          ],
          [
            10.65983,
            35.35036
          ],
          [
            10.65979,
            35.35019
          ],
          [
            10.65979,
            35.35016
          ],
          [
            10.65975,
            35.35001
          ],
          [
            10.65956,
            35.34912
          ],
          [
            10.65899,
            35.34696
          ],
          [
            10.65813,
            35.34386
          ],
          [
            10.65804,
            35.3435
          ],
          [
            10.6578,
            35.34265
          ],
          [
            10.65709,
            35.33999
          ],
          [
            10.65708,
            35.33994
          ],
          [
            10.65704,
            35.33982
          ],
          [
            10.65539,
            35.33367
          ],
          [
            10.65509,
            35.33227
          ],
          [
            10.65497,
            35.33164
          ],
          [
            10.65492,
            35.33104
          ],
          [
            10.65466,
            35.32902
          ],
          [
            10.65325,
            35.31629
          ],
          [
            10.65313,
            35.31539
          ],
          [
            10.65251,
            35.3098
          ],
          [
            10.65248,
            35.30961
          ],
          [
            10.6522,
            35.30691
          ],
          [
            10.65213,
            35.30639
          ],
          [
            10.65204,
            35.30555
          ],
          [
            10.65203,
            35.30537
          ],
          [
            10.651,
            35.29623
          ],
          [
            10.65085,
            35.29504
          ],
          [
            10.65067,
            35.29333
          ],
          [
            10.65064,
            35.29315
          ],
          [
            10.65054,
            35.29235
          ],
          [
            10.65028,
            35.28994
          ],
          [
            10.65024,
            35.28945
          ],
          [
            10.65023,
            35.28938
          ],
          [
            10.65017,
            35.28864
          ],
          [
            10.65012,
            35.28741
          ],
          [
            10.65011,
            35.28591
          ],
          [
            10.65013,
            35.28561
          ],
          [
            10.65022,
            35.28345
          ],
          [
            10.6504,
            35.28166
          ],
          [
            10.65065,
            35.27974
          ],
          [
            10.65114,
            35.2763
          ],
          [
            10.65115,
            35.27628
          ],
          [
            10.65147,
            35.2738
          ],
          [
            10.65167,
            35.27246
          ],
          [
            10.6519,
            35.2706
          ],
          [
            10.65191,
            35.27058
          ],
          [
            10.65201,
            35.2695
          ],
          [
            10.65201,
            35.26946
          ],
          [
            10.65203,
            35.26931
          ],
          [
            10.65208,
            35.26779
          ],
          [
            10.65204,
            35.26652
          ],
          [
            10.65199,
            35.2657
          ],
          [
            10.65193,
            35.26497
          ],
          [
            10.65168,
            35.2628
          ],
          [
            10.65156,
            35.26152
          ],
          [
            10.65155,
            35.26148
          ],
          [
            10.65112,
            35.25742
          ],
          [
            10.65076,
            35.25441
          ],
          [
            10.65043,
            35.2513
          ],
          [
            10.64993,
            35.24698
          ],
          [
            10.64931,
            35.24098
          ],
          [
            10.64914,
            35.23961
          ],
          [
            10.649,
            35.23819
          ],
          [
            10.64876,
            35.23605
          ],
          [
            10.64873,
            35.23587
          ],
          [
            10.64865,
            35.23496
          ],
          [
            10.64854,
            35.23408
          ],
          [
            10.64851,
            35.2339
          ],
          [
            10.64849,
            35.23372
          ],
          [
            10.64846,
            35.23354
          ],
          [
            10.64844,
            35.23336
          ],
          [
            10.64843,
            35.2333
          ],
          [
            10.64839,
            35.23282
          ],
          [
            10.64829,
            35.23193
          ],
          [
            10.64828,
            35.23172
          ],
          [
            10.64811,
            35.23013
          ],
          [
            10.64811,
            35.23011
          ],
          [
            10.64809,
            35.22996
          ],
          [
            10.64806,
            35.2296
          ],
          [
            10.64796,
            35.22869
          ],
          [
            10.64795,
            35.22852
          ],
          [
            10.6479,
            35.22798
          ],
          [
            10.64727,
            35.22225
          ],
          [
            10.64724,
            35.22189
          ],
          [
            10.64705,
            35.22028
          ],
          [
            10.64702,
            35.21992
          ],
          [
            10.64688,
            35.21878
          ],
          [
            10.64668,
            35.2167
          ],
          [
            10.64668,
            35.21665
          ],
          [
            10.64646,
            35.21491
          ],
          [
            10.64643,
            35.21455
          ],
          [
            10.64619,
            35.2124
          ],
          [
            10.64616,
            35.21203
          ],
          [
            10.646,
            35.21061
          ],
          [
            10.64594,
            35.20993
          ],
          [
            10.64588,
            35.20951
          ],
          [
            10.64585,
            35.20915
          ],
          [
            10.64581,
            35.20889
          ],
          [
            10.64579,
            35.20864
          ],
          [
            10.64552,
            35.20606
          ],
          [
            10.64548,
            35.20541
          ],
          [
            10.64547,
            35.20487
          ],
          [
            10.64546,
            35.20471
          ],
          [
            10.64546,
            35.20435
          ],
          [
            10.64545,
            35.20412
          ],
          [
            10.64545,
            35.2038
          ],
          [
            10.64548,
            35.20277
          ],
          [
            10.64552,
            35.20217
          ],
          [
            10.64556,
            35.20178
          ],
          [
            10.64557,
            35.20159
          ],
          [
            10.64561,
            35.20121
          ],
          [
            10.64563,
            35.2011
          ],
          [
            10.64568,
            35.20064
          ],
          [
            10.64578,
            35.19994
          ],
          [
            10.64601,
            35.19869
          ],
          [
            10.64623,
            35.19775
          ],
          [
            10.64624,
            35.19772
          ],
          [
            10.64657,
            35.19643
          ],
          [
            10.64665,
            35.19617
          ],
          [
            10.6467,
            35.19596
          ],
          [
            10.64705,
            35.19468
          ],
          [
            10.64708,
            35.19455
          ],
          [
            10.64713,
            35.19438
          ],
          [
            10.64719,
            35.19412
          ],
          [
            10.64726,
            35.19389
          ],
          [
            10.64734,
            35.19359
          ],
          [
            10.6474,
            35.1933
          ],
          [
            10.64821,
            35.19032
          ],
          [
            10.64838,
            35.18965
          ],
          [
            10.64839,
            35.18963
          ],
          [
            10.64862,
            35.18875
          ],
          [
            10.64865,
            35.18868
          ],
          [
            10.64867,
            35.18858
          ],
          [
            10.64922,
            35.18653
          ],
          [
            10.64923,
            35.18647
          ],
          [
            10.64937,
            35.18594
          ],
          [
            10.64952,
            35.18542
          ],
          [
            10.64952,
            35.18538
          ],
          [
            10.64962,
            35.18504
          ],
          [
            10.65007,
            35.18331
          ],
          [
            10.65009,
            35.18325
          ],
          [
            10.65015,
            35.18303
          ],
          [
            10.65038,
            35.18207
          ],
          [
            10.65039,
            35.18204
          ],
          [
            10.65067,
            35.18083
          ],
          [
            10.65071,
            35.18061
          ],
          [
            10.65086,
            35.17995
          ],
          [
            10.65171,
            35.17582
          ],
          [
            10.65184,
            35.17512
          ],
          [
            10.65198,
            35.17445
          ],
          [
            10.652,
            35.17433
          ],
          [
            10.65249,
            35.17197
          ],
          [
            10.65257,
            35.17163
          ],
          [
            10.65264,
            35.17128
          ],
          [
            10.65265,
            35.17126
          ],
          [
            10.65292,
            35.17023
          ],
          [
            10.65309,
            35.16969
          ],
          [
            10.6531,
            35.16968
          ],
          [
            10.65326,
            35.16924
          ],
          [
            10.65356,
            35.16849
          ],
          [
            10.65357,
            35.16848
          ],
          [
            10.65371,
            35.16816
          ],
          [
            10.65372,
            35.16815
          ],
          [
            10.6538,
            35.16798
          ],
          [
            10.65382,
            35.16793
          ],
          [
            10.65413,
            35.1673
          ],
          [
            10.65441,
            35.16682
          ],
          [
            10.65483,
            35.16614
          ],
          [
            10.65531,
            35.16543
          ],
          [
            10.65551,
            35.16515
          ],
          [
            10.65591,
            35.16462
          ],
          [
            10.6567,
            35.1637
          ],
          [
            10.65816,
            35.16214
          ],
          [
            10.65827,
            35.16203
          ],
          [
            10.6584,
            35.16188
          ],
          [
            10.65881,
            35.16146
          ],
          [
            10.65894,
            35.16131
          ],
          [
            10.66724,
            35.15246
          ],
          [
            10.6673,
            35.15239
          ],
          [
            10.67004,
            35.14949
          ],
          [
            10.67005,
            35.14947
          ],
          [
            10.6704,
            35.1491
          ],
          [
            10.67058,
            35.14889
          ],
          [
            10.67072,
            35.14875
          ],
          [
            10.67205,
            35.14734
          ],
          [
            10.67219,
            35.14718
          ],
          [
            10.67547,
            35.14368
          ],
          [
            10.68025,
            35.1384
          ],
          [
            10.68066,
            35.13793
          ],
          [
            10.68151,
            35.137
          ],
          [
            10.68154,
            35.13696
          ],
          [
            10.68177,
            35.1367
          ],
          [
            10.6818,
            35.13667
          ],
          [
            10.68235,
            35.13604
          ],
          [
            10.6882,
            35.12959
          ],
          [
            10.68845,
            35.12933
          ],
          [
            10.6905,
            35.12703
          ],
          [
            10.69066,
            35.12686
          ],
          [
            10.69102,
            35.12644
          ],
          [
            10.69182,
            35.12555
          ],
          [
            10.69196,
            35.12541
          ],
          [
            10.69196,
            35.12539
          ],
          [
            10.69288,
            35.1244
          ],
          [
            10.69292,
            35.12435
          ],
          [
            10.69514,
            35.12189
          ],
          [
            10.69523,
            35.1218
          ],
          [
            10.69631,
            35.12061
          ],
          [
            10.69641,
            35.12049
          ],
          [
            10.69648,
            35.12042
          ],
          [
            10.69724,
            35.11955
          ],
          [
            10.69938,
            35.1172
          ],
          [
            10.70281,
            35.11337
          ],
          [
            10.7029,
            35.11328
          ],
          [
            10.70382,
            35.11222
          ],
          [
            10.70467,
            35.11118
          ],
          [
            10.7048,
            35.111
          ],
          [
            10.70492,
            35.11085
          ],
          [
            10.70503,
            35.11069
          ],
          [
            10.70515,
            35.11054
          ],
          [
            10.70612,
            35.10921
          ],
          [
            10.70679,
            35.1082
          ],
          [
            10.70704,
            35.10784
          ],
          [
            10.70809,
            35.10612
          ],
          [
            10.70812,
            35.10608
          ],
          [
            10.70828,
            35.1058
          ],
          [
            10.70917,
            35.10415
          ],
          [
            10.7094,
            35.1037
          ],
          [
            10.70988,
            35.10267
          ],
          [
            10.70989,
            35.10264
          ],
          [
            10.71049,
            35.10129
          ],
          [
            10.71098,
            35.1001
          ],
          [
            10.711,
            35.10004
          ],
          [
            10.71178,
            35.09819
          ],
          [
            10.71223,
            35.09696
          ],
          [
            10.71261,
            35.09577
          ],
          [
            10.71267,
            35.09563
          ],
          [
            10.713,
            35.0943
          ],
          [
            10.71319,
            35.09346
          ],
          [
            10.71318,
            35.09332
          ],
          [
            10.71334,
            35.09253
          ],
          [
            10.71338,
            35.09228
          ],
          [
            10.7135,
            35.09138
          ],
          [
            10.71361,
            35.09031
          ],
          [
            10.71361,
            35.09024
          ],
          [
            10.71366,
            35.08941
          ],
          [
            10.71368,
            35.08866
          ],
          [
            10.71362,
            35.08388
          ],
          [
            10.71362,
            35.08254
          ],
          [
            10.71359,
            35.08042
          ],
          [
            10.71358,
            35.08024
          ],
          [
            10.71358,
            35.07952
          ],
          [
            10.71357,
            35.07934
          ],
          [
            10.71346,
            35.06823
          ],
          [
            10.71345,
            35.06811
          ],
          [
            10.71348,
            35.06751
          ],
          [
            10.71348,
            35.06733
          ],
          [
            10.7135,
            35.06693
          ],
          [
            10.7135,
            35.06679
          ],
          [
            10.71355,
            35.06585
          ],
          [
            10.71372,
            35.06391
          ],
          [
            10.71375,
            35.06374
          ],
          [
            10.71386,
            35.06297
          ],
          [
            10.71404,
            35.06187
          ],
          [
            10.71451,
            35.05929
          ],
          [
            10.71463,
            35.05869
          ],
          [
            10.71482,
            35.0576
          ],
          [
            10.71483,
            35.05751
          ],
          [
            10.71486,
            35.05733
          ],
          [
            10.7149,
            35.05715
          ],
          [
            10.71518,
            35.05555
          ],
          [
            10.71521,
            35.05541
          ],
          [
            10.71549,
            35.05381
          ],
          [
            10.7155,
            35.05377
          ],
          [
            10.71561,
            35.05317
          ],
          [
            10.7157,
            35.05278
          ],
          [
            10.71571,
            35.05271
          ],
          [
            10.71584,
            35.05218
          ],
          [
            10.716,
            35.05159
          ],
          [
            10.71604,
            35.05148
          ],
          [
            10.7161,
            35.05128
          ],
          [
            10.71641,
            35.05042
          ],
          [
            10.71662,
            35.04988
          ],
          [
            10.71711,
            35.04886
          ],
          [
            10.7174,
            35.04832
          ],
          [
            10.7179,
            35.04748
          ],
          [
            10.7183,
            35.04686
          ],
          [
            10.71891,
            35.04606
          ],
          [
            10.71891,
            35.04605
          ],
          [
            10.71916,
            35.04578
          ],
          [
            10.71972,
            35.04513
          ],
          [
            10.71984,
            35.04498
          ],
          [
            10.71994,
            35.04489
          ],
          [
            10.72073,
            35.04405
          ],
          [
            10.72251,
            35.04223
          ],
          [
            10.72308,
            35.04161
          ],
          [
            10.72418,
            35.04028
          ],
          [
            10.72484,
            35.0394
          ],
          [
            10.72548,
            35.03848
          ],
          [
            10.72589,
            35.0378
          ],
          [
            10.72816,
            35.03391
          ],
          [
            10.72826,
            35.03375
          ],
          [
            10.72835,
            35.03358
          ],
          [
            10.7288,
            35.03282
          ],
          [
            10.72981,
            35.03099
          ],
          [
            10.73077,
            35.02909
          ],
          [
            10.73178,
            35.02698
          ],
          [
            10.73179,
            35.02697
          ],
          [
            10.73474,
            35.02077
          ],
          [
            10.73807,
            35.01388
          ],
          [
            10.73852,
            35.0129
          ],
          [
            10.73892,
            35.01191
          ],
          [
            10.73923,
            35.01105
          ],
          [
            10.73936,
            35.01066
          ],
          [
            10.7398,
            35.00922
          ],
          [
            10.74,
            35.00842
          ],
          [
            10.74017,
            35.00768
          ],
          [
            10.74033,
            35.00681
          ],
          [
            10.74043,
            35.00613
          ],
          [
            10.74054,
            35.00518
          ],
          [
            10.74054,
            35.00511
          ],
          [
            10.74064,
            35.00423
          ],
          [
            10.74069,
            35.00325
          ],
          [
            10.74071,
            35.00157
          ],
          [
            10.7407,
            35.00035
          ],
          [
            10.74069,
            35.00032
          ],
          [
            10.74069,
            35.00014
          ],
          [
            10.74067,
            34.99978
          ],
          [
            10.74059,
            34.99715
          ],
          [
            10.74059,
            34.99655
          ],
          [
            10.74056,
            34.99576
          ],
          [
            10.74055,
            34.99502
          ],
          [
            10.74051,
            34.99385
          ],
          [
            10.74051,
            34.99367
          ],
          [
            10.74034,
            34.98791
          ],
          [
            10.74033,
            34.98774
          ],
          [
            10.74033,
            34.98738
          ],
          [
            10.74032,
            34.9872
          ],
          [
            10.74017,
            34.98115
          ],
          [
            10.74015,
            34.98072
          ],
          [
            10.74015,
            34.98054
          ],
          [
            10.74007,
            34.97856
          ],
          [
            10.74006,
            34.97846
          ],
          [
            10.74001,
            34.97705
          ],
          [
            10.73988,
            34.97443
          ],
          [
            10.73988,
            34.97425
          ],
          [
            10.73976,
            34.97155
          ],
          [
            10.73975,
            34.97147
          ],
          [
            10.73975,
            34.97138
          ],
          [
            10.73968,
            34.96971
          ],
          [
            10.73967,
            34.96961
          ],
          [
            10.73935,
            34.9626
          ],
          [
            10.73935,
            34.9625
          ],
          [
            10.73931,
            34.962
          ],
          [
            10.73929,
            34.96138
          ],
          [
            10.73923,
            34.96073
          ],
          [
            10.73923,
            34.96069
          ],
          [
            10.73916,
            34.96017
          ],
          [
            10.73906,
            34.95956
          ],
          [
            10.73896,
            34.95908
          ],
          [
            10.73894,
            34.95901
          ],
          [
            10.73884,
            34.95855
          ],
          [
            10.73881,
            34.95846
          ],
          [
            10.73867,
            34.95792
          ],
          [
            10.73845,
            34.95723
          ],
          [
            10.73811,
            34.95629
          ],
          [
            10.73803,
            34.95612
          ],
          [
            10.73796,
            34.95595
          ],
          [
            10.73758,
            34.95511
          ],
          [
            10.73734,
            34.95461
          ],
          [
            10.73734,
            34.9546
          ],
          [
            10.73661,
            34.9531
          ],
          [
            10.73612,
            34.95198
          ],
          [
            10.73591,
            34.9514
          ],
          [
            10.73587,
            34.95131
          ],
          [
            10.73561,
            34.95053
          ],
          [
            10.73546,
            34.95001
          ],
          [
            10.73531,
            34.94935
          ],
          [
            10.7352,
            34.94877
          ],
          [
            10.73509,
            34.94786
          ],
          [
            10.73503,
            34.94693
          ],
          [
            10.73506,
            34.94606
          ],
          [
            10.73513,
            34.94521
          ],
          [
            10.73523,
            34.9446
          ],
          [
            10.73527,
            34.94425
          ],
          [
            10.73546,
            34.94346
          ],
          [
            10.73557,
            34.94306
          ],
          [
            10.73579,
            34.94235
          ],
          [
            10.73589,
            34.94207
          ],
          [
            10.73594,
            34.94189
          ],
          [
            10.73672,
            34.93988
          ],
          [
            10.73716,
            34.93863
          ],
          [
            10.73721,
            34.93845
          ],
          [
            10.7373,
            34.93819
          ],
          [
            10.73749,
            34.93756
          ],
          [
            10.73763,
            34.93697
          ],
          [
            10.73778,
            34.93613
          ],
          [
            10.73788,
            34.93545
          ],
          [
            10.73795,
            34.93459
          ],
          [
            10.73796,
            34.93347
          ],
          [
            10.73791,
            34.93221
          ],
          [
            10.73791,
            34.93203
          ],
          [
            10.73788,
            34.93139
          ],
          [
            10.73787,
            34.93131
          ],
          [
            10.73787,
            34.93095
          ],
          [
            10.73786,
            34.93087
          ],
          [
            10.7378,
            34.92944
          ],
          [
            10.73778,
            34.92916
          ],
          [
            10.73776,
            34.92866
          ],
          [
            10.7377,
            34.92772
          ],
          [
            10.73769,
            34.92723
          ],
          [
            10.73766,
            34.92682
          ],
          [
            10.73766,
            34.92668
          ],
          [
            10.73758,
            34.92509
          ],
          [
            10.73758,
            34.92494
          ],
          [
            10.73756,
            34.92458
          ],
          [
            10.73752,
            34.92332
          ],
          [
            10.73751,
            34.92326
          ],
          [
            10.7375,
            34.92296
          ],
          [
            10.73741,
            34.92152
          ],
          [
            10.73741,
            34.92134
          ],
          [
            10.73726,
            34.91786
          ],
          [
            10.73721,
            34.91701
          ],
          [
            10.73714,
            34.91628
          ],
          [
            10.73704,
            34.91545
          ],
          [
            10.73683,
            34.91429
          ],
          [
            10.73673,
            34.91381
          ],
          [
            10.7366,
            34.9133
          ],
          [
            10.73643,
            34.91272
          ],
          [
            10.73623,
            34.91213
          ],
          [
            10.736,
            34.91151
          ],
          [
            10.73573,
            34.91083
          ],
          [
            10.73551,
            34.91032
          ],
          [
            10.73519,
            34.90967
          ],
          [
            10.73453,
            34.90849
          ],
          [
            10.73413,
            34.90784
          ],
          [
            10.7337,
            34.9072
          ],
          [
            10.73323,
            34.90656
          ],
          [
            10.73254,
            34.90569
          ],
          [
            10.73241,
            34.90555
          ],
          [
            10.73216,
            34.90525
          ],
          [
            10.7319,
            34.90496
          ],
          [
            10.73109,
            34.90412
          ],
          [
            10.73051,
            34.90357
          ],
          [
            10.72959,
            34.90279
          ],
          [
            10.72848,
            34.90191
          ],
          [
            10.7262,
            34.90023
          ],
          [
            10.72514,
            34.8994
          ],
          [
            10.72416,
            34.89859
          ],
          [
            10.72331,
            34.89783
          ],
          [
            10.72327,
            34.8978
          ],
          [
            10.72313,
            34.89766
          ],
          [
            10.72298,
            34.89753
          ],
          [
            10.72284,
            34.89739
          ],
          [
            10.7199,
            34.89472
          ],
          [
            10.71734,
            34.8925
          ],
          [
            10.71431,
            34.88982
          ],
          [
            10.71126,
            34.88724
          ],
          [
            10.7112,
            34.8872
          ],
          [
            10.7111,
            34.88711
          ],
          [
            10.70728,
            34.88389
          ],
          [
            10.70726,
            34.88387
          ],
          [
            10.69944,
            34.87721
          ],
          [
            10.6985,
            34.87633
          ],
          [
            10.69773,
            34.87558
          ],
          [
            10.69672,
            34.87452
          ],
          [
            10.6959,
            34.87358
          ],
          [
            10.69484,
            34.87227
          ],
          [
            10.69331,
            34.87022
          ],
          [
            10.6927,
            34.86943
          ],
          [
            10.69218,
            34.86872
          ],
          [
            10.68833,
            34.86363
          ],
          [
            10.68818,
            34.86342
          ],
          [
            10.68806,
            34.86327
          ],
          [
            10.67701,
            34.84856
          ],
          [
            10.67601,
            34.84735
          ],
          [
            10.67572,
            34.84704
          ],
          [
            10.6748,
            34.84613
          ],
          [
            10.67438,
            34.84575
          ],
          [
            10.67379,
            34.84526
          ],
          [
            10.67273,
            34.84449
          ],
          [
            10.6718,
            34.84389
          ],
          [
            10.65701,
            34.83543
          ],
          [
            10.65692,
            34.83537
          ],
          [
            10.65674,
            34.83527
          ],
          [
            10.65667,
            34.83522
          ],
          [
            10.65639,
            34.83505
          ],
          [
            10.65555,
            34.8345
          ],
          [
            10.6552,
            34.83426
          ],
          [
            10.65402,
            34.8334
          ],
          [
            10.65278,
            34.83243
          ],
          [
            10.65271,
            34.83237
          ],
          [
            10.65262,
            34.83231
          ],
          [
            10.65135,
            34.83132
          ],
          [
            10.65135,
            34.83131
          ],
          [
            10.65119,
            34.8312
          ],
          [
            10.65022,
            34.83046
          ],
          [
            10.64865,
            34.82934
          ],
          [
            10.64759,
            34.82862
          ],
          [
            10.64687,
            34.82815
          ],
          [
            10.6467,
            34.82803
          ],
          [
            10.64653,
            34.82792
          ],
          [
            10.64651,
            34.82791
          ],
          [
            10.63996,
            34.82362
          ],
          [
            10.63978,
            34.82351
          ],
          [
            10.63927,
            34.82317
          ],
          [
            10.63826,
            34.82246
          ],
          [
            10.63752,
            34.8219
          ],
          [
            10.63682,
            34.82133
          ],
          [
            10.63581,
            34.82045
          ],
          [
            10.63479,
            34.81946
          ],
          [
            10.6344,
            34.81905
          ],
          [
            10.63438,
            34.81902
          ],
          [
            10.63417,
            34.8188
          ],
          [
            10.63329,
            34.8178
          ],
          [
            10.63291,
            34.81731
          ],
          [
            10.63289,
            34.81728
          ],
          [
            10.63276,
            34.81712
          ],
          [
            10.63215,
            34.81629
          ],
          [
            10.63187,
            34.81589
          ],
          [
            10.63187,
            34.81588
          ],
          [
            10.63166,
            34.81559
          ],
          [
            10.63152,
            34.81536
          ],
          [
            10.63136,
            34.81514
          ],
          [
            10.63124,
            34.81495
          ],
          [
            10.63104,
            34.81466
          ],
          [
            10.63102,
            34.81464
          ],
          [
            10.63089,
            34.81443
          ],
          [
            10.63081,
            34.81432
          ],
          [
            10.63019,
            34.81339
          ],
          [
            10.63018,
            34.81337
          ],
          [
            10.62983,
            34.81287
          ],
          [
            10.62882,
            34.81135
          ],
          [
            10.6288,
            34.81133
          ],
          [
            10.62858,
            34.81102
          ],
          [
            10.62562,
            34.80661
          ],
          [
            10.6256,
            34.80659
          ],
          [
            10.62531,
            34.80614
          ],
          [
            10.6253,
            34.80613
          ],
          [
            10.62503,
            34.80574
          ],
          [
            10.62468,
            34.8052
          ],
          [
            10.62339,
            34.8033
          ],
          [
            10.62329,
            34.80314
          ],
          [
            10.62318,
            34.80299
          ],
          [
            10.62308,
            34.80283
          ],
          [
            10.62307,
            34.80282
          ],
          [
            10.62167,
            34.80075
          ],
          [
            10.62148,
            34.80045
          ],
          [
            10.61858,
            34.79618
          ],
          [
            10.61762,
            34.79471
          ],
          [
            10.61734,
            34.79425
          ],
          [
            10.61651,
            34.79279
          ],
          [
            10.61639,
            34.79253
          ],
          [
            10.61637,
            34.7925
          ],
          [
            10.61621,
            34.79217
          ],
          [
            10.61619,
            34.79211
          ],
          [
            10.61596,
            34.79162
          ],
          [
            10.61558,
            34.79071
          ],
          [
            10.61527,
            34.7899
          ],
          [
            10.61513,
            34.78949
          ],
          [
            10.61484,
            34.78856
          ],
          [
            10.6148,
            34.7884
          ],
          [
            10.61479,
            34.78839
          ],
          [
            10.61475,
            34.78821
          ],
          [
            10.61257,
            34.77961
          ],
          [
            10.61255,
            34.77951
          ],
          [
            10.61253,
            34.77944
          ],
          [
            10.61249,
            34.77926
          ],
          [
            10.612,
            34.77732
          ],
          [
            10.61198,
            34.77727
          ],
          [
            10.61187,
            34.7768
          ],
          [
            10.61186,
            34.77677
          ],
          [
            10.61058,
            34.77169
          ],
          [
            10.61054,
            34.77151
          ],
          [
            10.61032,
            34.77069
          ],
          [
            10.60943,
            34.7671
          ],
          [
            10.60938,
            34.76693
          ],
          [
            10.6093,
            34.76658
          ],
          [
            10.60852,
            34.7635
          ],
          [
            10.60844,
            34.76315
          ],
          [
            10.6074,
            34.759
          ],
          [
            10.60735,
            34.75883
          ],
          [
            10.60716,
            34.75804
          ],
          [
            10.60704,
            34.7576
          ],
          [
            10.60696,
            34.75727
          ],
          [
            10.60681,
            34.75676
          ],
          [
            10.60639,
            34.75548
          ],
          [
            10.60617,
            34.75491
          ],
          [
            10.60576,
            34.75393
          ],
          [
            10.60562,
            34.75363
          ],
          [
            10.6056,
            34.75358
          ],
          [
            10.60544,
            34.75324
          ],
          [
            10.60526,
            34.7529
          ],
          [
            10.60499,
            34.75235
          ],
          [
            10.60461,
            34.75167
          ],
          [
            10.60459,
            34.75164
          ],
          [
            10.6045,
            34.75148
          ],
          [
            10.60419,
            34.75097
          ],
          [
            10.60371,
            34.75022
          ],
          [
            10.60369,
            34.75021
          ],
          [
            10.60359,
            34.75005
          ],
          [
            10.59715,
            34.7407
          ],
          [
            10.59707,
            34.74057
          ],
          [
            10.5951,
            34.7377
          ],
          [
            10.59479,
            34.73722
          ],
          [
            10.59405,
            34.73596
          ],
          [
            10.59243,
            34.73295
          ],
          [
            10.59235,
            34.73282
          ],
          [
            10.59234,
            34.73279
          ],
          [
            10.59211,
            34.73237
          ],
          [
            10.59154,
            34.73139
          ],
          [
            10.59125,
            34.73092
          ],
          [
            10.59082,
            34.73027
          ],
          [
            10.59018,
            34.72938
          ],
          [
            10.58956,
            34.72859
          ],
          [
            10.58916,
            34.72811
          ],
          [
            10.58821,
            34.72705
          ],
          [
            10.58759,
            34.72641
          ],
          [
            10.58742,
            34.72625
          ],
          [
            10.58297,
            34.72184
          ],
          [
            10.58165,
            34.72057
          ],
          [
            10.58159,
            34.72052
          ],
          [
            10.58128,
            34.72021
          ],
          [
            10.58117,
            34.72011
          ],
          [
            10.58095,
            34.71989
          ],
          [
            10.58059,
            34.71955
          ],
          [
            10.58045,
            34.71943
          ],
          [
            10.57965,
            34.71869
          ],
          [
            10.5793,
            34.71839
          ],
          [
            10.57845,
            34.71763
          ],
          [
            10.57567,
            34.71525
          ],
          [
            10.56937,
            34.71008
          ],
          [
            10.56914,
            34.70988
          ],
          [
            10.56732,
            34.70839
          ],
          [
            10.56568,
            34.70701
          ],
          [
            10.5649,
            34.70629
          ],
          [
            10.56355,
            34.70497
          ],
          [
            10.56279,
            34.70414
          ],
          [
            10.56183,
            34.70304
          ],
          [
            10.56124,
            34.70232
          ],
          [
            10.56023,
            34.70095
          ],
          [
            10.56018,
            34.70087
          ],
          [
            10.56012,
            34.70079
          ],
          [
            10.55939,
            34.69972
          ],
          [
            10.55876,
            34.69869
          ],
          [
            10.55799,
            34.69733
          ],
          [
            10.55603,
            34.69347
          ],
          [
            10.55209,
            34.68547
          ],
          [
            10.55156,
            34.68448
          ],
          [
            10.5515,
            34.68439
          ],
          [
            10.55118,
            34.68384
          ],
          [
            10.55046,
            34.68272
          ],
          [
            10.54977,
            34.68176
          ],
          [
            10.54877,
            34.6805
          ],
          [
            10.54875,
            34.68047
          ],
          [
            10.54862,
            34.68033
          ],
          [
            10.5485,
            34.68018
          ],
          [
            10.54798,
            34.6796
          ],
          [
            10.54784,
            34.67946
          ],
          [
            10.54762,
            34.67922
          ],
          [
            10.54674,
            34.67834
          ],
          [
            10.5467,
            34.67829
          ],
          [
            10.5466,
            34.67821
          ],
          [
            10.54646,
            34.67807
          ],
          [
            10.54631,
            34.67794
          ],
          [
            10.54596,
            34.67761
          ],
          [
            10.54587,
            34.67754
          ],
          [
            10.54542,
            34.67715
          ],
          [
            10.54542,
            34.67714
          ],
          [
            10.54531,
            34.67706
          ],
          [
            10.54511,
            34.67689
          ],
          [
            10.54495,
            34.67677
          ],
          [
            10.54468,
            34.67654
          ],
          [
            10.54373,
            34.67584
          ],
          [
            10.54367,
            34.67579
          ],
          [
            10.54334,
            34.67555
          ],
          [
            10.5432,
            34.67544
          ],
          [
            10.54318,
            34.67543
          ],
          [
            10.54301,
            34.67531
          ],
          [
            10.54267,
            34.67509
          ],
          [
            10.5425,
            34.67497
          ],
          [
            10.54216,
            34.67475
          ],
          [
            10.54212,
            34.67472
          ],
          [
            10.54187,
            34.67456
          ],
          [
            10.54181,
            34.67453
          ],
          [
            10.54164,
            34.67442
          ],
          [
            10.54146,
            34.67432
          ],
          [
            10.54111,
            34.6741
          ],
          [
            10.54093,
            34.674
          ],
          [
            10.54041,
            34.67367
          ],
          [
            10.54005,
            34.67347
          ],
          [
            10.5397,
            34.67326
          ],
          [
            10.53969,
            34.67326
          ],
          [
            10.53951,
            34.67316
          ],
          [
            10.53939,
            34.67308
          ],
          [
            10.53879,
            34.67275
          ],
          [
            10.53861,
            34.67264
          ],
          [
            10.53789,
            34.67224
          ],
          [
            10.53771,
            34.67213
          ],
          [
            10.53699,
            34.67173
          ],
          [
            10.53681,
            34.67162
          ],
          [
            10.53609,
            34.67122
          ],
          [
            10.53591,
            34.67111
          ],
          [
            10.53537,
            34.67081
          ],
          [
            10.53521,
            34.67071
          ],
          [
            10.53519,
            34.67071
          ],
          [
            10.53501,
            34.6706
          ],
          [
            10.53447,
            34.6703
          ],
          [
            10.53429,
            34.67019
          ],
          [
            10.53375,
            34.66989
          ],
          [
            10.53357,
            34.66978
          ],
          [
            10.53339,
            34.66968
          ],
          [
            10.53338,
            34.66967
          ],
          [
            10.53256,
            34.6692
          ],
          [
            10.5325,
            34.66916
          ],
          [
            10.53238,
            34.66909
          ],
          [
            10.53232,
            34.66906
          ],
          [
            10.53202,
            34.66889
          ],
          [
            10.53196,
            34.66885
          ],
          [
            10.53142,
            34.66855
          ],
          [
            10.53112,
            34.66837
          ],
          [
            10.53052,
            34.66804
          ],
          [
            10.53006,
            34.66777
          ],
          [
            10.5298,
            34.66763
          ],
          [
            10.52945,
            34.66742
          ],
          [
            10.52909,
            34.66722
          ],
          [
            10.52891,
            34.66711
          ],
          [
            10.52837,
            34.66681
          ],
          [
            10.52802,
            34.6666
          ],
          [
            10.52801,
            34.6666
          ],
          [
            10.52765,
            34.6664
          ],
          [
            10.52747,
            34.66629
          ],
          [
            10.52662,
            34.66582
          ],
          [
            10.52657,
            34.66578
          ],
          [
            10.52572,
            34.66531
          ],
          [
            10.52567,
            34.66527
          ],
          [
            10.5255,
            34.66518
          ],
          [
            10.52549,
            34.66517
          ],
          [
            10.52495,
            34.66487
          ],
          [
            10.52477,
            34.66476
          ],
          [
            10.5241,
            34.66439
          ],
          [
            10.52405,
            34.66435
          ],
          [
            10.52351,
            34.66405
          ],
          [
            10.52336,
            34.66396
          ],
          [
            10.52333,
            34.66395
          ],
          [
            10.52315,
            34.66384
          ],
          [
            10.52285,
            34.66367
          ],
          [
            10.52279,
            34.66364
          ],
          [
            10.52267,
            34.66357
          ],
          [
            10.52261,
            34.66353
          ],
          [
            10.52207,
            34.66323
          ],
          [
            10.52189,
            34.66312
          ],
          [
            10.52153,
            34.66292
          ],
          [
            10.52136,
            34.66281
          ],
          [
            10.52118,
            34.66271
          ],
          [
            10.521,
            34.6626
          ],
          [
            10.52064,
            34.6624
          ],
          [
            10.52011,
            34.66208
          ],
          [
            10.51975,
            34.66188
          ],
          [
            10.51957,
            34.66177
          ],
          [
            10.51927,
            34.6616
          ],
          [
            10.51922,
            34.66156
          ],
          [
            10.51886,
            34.66136
          ],
          [
            10.51868,
            34.66125
          ],
          [
            10.51832,
            34.66105
          ],
          [
            10.51814,
            34.66094
          ],
          [
            10.51811,
            34.66093
          ],
          [
            10.51691,
            34.6602
          ],
          [
            10.51569,
            34.65943
          ],
          [
            10.51567,
            34.65942
          ],
          [
            10.51414,
            34.65844
          ],
          [
            10.51384,
            34.65826
          ],
          [
            10.51379,
            34.65822
          ],
          [
            10.51362,
            34.65811
          ],
          [
            10.5136,
            34.6581
          ],
          [
            10.51333,
            34.65792
          ],
          [
            10.51328,
            34.65788
          ],
          [
            10.51311,
            34.65777
          ],
          [
            10.51294,
            34.65765
          ],
          [
            10.51277,
            34.65754
          ],
          [
            10.51261,
            34.65742
          ],
          [
            10.51244,
            34.65731
          ],
          [
            10.51227,
            34.65719
          ],
          [
            10.5121,
            34.65708
          ],
          [
            10.5116,
            34.65673
          ],
          [
            10.51143,
            34.65662
          ],
          [
            10.51126,
            34.6565
          ],
          [
            10.51109,
            34.65639
          ],
          [
            10.51059,
            34.65604
          ],
          [
            10.51042,
            34.65593
          ],
          [
            10.51025,
            34.65581
          ],
          [
            10.51023,
            34.6558
          ],
          [
            10.50991,
            34.65559
          ],
          [
            10.50941,
            34.65524
          ],
          [
            10.50907,
            34.65502
          ],
          [
            10.50844,
            34.65459
          ],
          [
            10.50839,
            34.65456
          ],
          [
            10.50789,
            34.65421
          ],
          [
            10.50772,
            34.6541
          ],
          [
            10.50705,
            34.65363
          ],
          [
            10.50688,
            34.65352
          ],
          [
            10.50672,
            34.6534
          ],
          [
            10.50655,
            34.65329
          ],
          [
            10.50638,
            34.65317
          ],
          [
            10.50604,
            34.65295
          ],
          [
            10.50572,
            34.65273
          ],
          [
            10.5057,
            34.65272
          ],
          [
            10.50553,
            34.65261
          ],
          [
            10.50537,
            34.65249
          ],
          [
            10.5052,
            34.65238
          ],
          [
            10.50503,
            34.65226
          ],
          [
            10.50486,
            34.65215
          ],
          [
            10.50469,
            34.65203
          ],
          [
            10.50452,
            34.65192
          ],
          [
            10.50435,
            34.6518
          ],
          [
            10.50418,
            34.65169
          ],
          [
            10.50385,
            34.65146
          ],
          [
            10.50356,
            34.65127
          ],
          [
            10.50351,
            34.65123
          ],
          [
            10.50343,
            34.65118
          ],
          [
            10.50339,
            34.65116
          ],
          [
            10.50334,
            34.65112
          ],
          [
            10.50306,
            34.65092
          ],
          [
            10.503,
            34.65089
          ],
          [
            10.50284,
            34.65077
          ],
          [
            10.50255,
            34.65058
          ],
          [
            10.50234,
            34.65042
          ],
          [
            10.50231,
            34.65041
          ],
          [
            10.50217,
            34.65031
          ],
          [
            10.50201,
            34.65018
          ],
          [
            10.5012,
            34.64958
          ],
          [
            10.50115,
            34.64955
          ],
          [
            10.50088,
            34.64933
          ],
          [
            10.50072,
            34.64921
          ],
          [
            10.50057,
            34.64908
          ],
          [
            10.50028,
            34.64886
          ],
          [
            10.50025,
            34.64883
          ],
          [
            10.49994,
            34.64858
          ],
          [
            10.49978,
            34.64846
          ],
          [
            10.49892,
            34.64772
          ],
          [
            10.49888,
            34.64767
          ],
          [
            10.49873,
            34.64754
          ],
          [
            10.49777,
            34.64665
          ],
          [
            10.49744,
            34.64632
          ],
          [
            10.49729,
            34.64619
          ],
          [
            10.49701,
            34.64591
          ],
          [
            10.49687,
            34.64578
          ],
          [
            10.49673,
            34.64564
          ],
          [
            10.49644,
            34.64537
          ],
          [
            10.4963,
            34.64523
          ],
          [
            10.49618,
            34.64512
          ],
          [
            10.49616,
            34.64509
          ],
          [
            10.49587,
            34.64482
          ],
          [
            10.48958,
            34.6387
          ],
          [
            10.48929,
            34.63843
          ],
          [
            10.48845,
            34.6376
          ],
          [
            10.48699,
            34.63605
          ],
          [
            10.48698,
            34.63603
          ],
          [
            10.48583,
            34.63469
          ],
          [
            10.48526,
            34.63395
          ],
          [
            10.48405,
            34.63229
          ],
          [
            10.47309,
            34.61668
          ],
          [
            10.47299,
            34.61652
          ],
          [
            10.47255,
            34.6159
          ],
          [
            10.47255,
            34.61589
          ],
          [
            10.47188,
            34.615
          ],
          [
            10.47126,
            34.61422
          ],
          [
            10.47074,
            34.6136
          ],
          [
            10.47019,
            34.61299
          ],
          [
            10.47011,
            34.61292
          ],
          [
            10.4697,
            34.6125
          ],
          [
            10.4696,
            34.61239
          ],
          [
            10.46956,
            34.61236
          ],
          [
            10.46892,
            34.61172
          ],
          [
            10.46774,
            34.61065
          ],
          [
            10.46671,
            34.60983
          ],
          [
            10.46612,
            34.60939
          ],
          [
            10.46479,
            34.60845
          ],
          [
            10.45689,
            34.60324
          ],
          [
            10.45494,
            34.60193
          ],
          [
            10.45105,
            34.59938
          ],
          [
            10.45009,
            34.59877
          ],
          [
            10.44902,
            34.59812
          ],
          [
            10.44806,
            34.59758
          ],
          [
            10.44718,
            34.59715
          ],
          [
            10.44699,
            34.59705
          ],
          [
            10.44613,
            34.59665
          ],
          [
            10.44565,
            34.59645
          ],
          [
            10.44546,
            34.59636
          ],
          [
            10.4451,
            34.59621
          ],
          [
            10.44361,
            34.59565
          ],
          [
            10.44206,
            34.59515
          ],
          [
            10.44048,
            34.59473
          ],
          [
            10.43933,
            34.59448
          ],
          [
            10.43813,
            34.59424
          ],
          [
            10.43555,
            34.59391
          ],
          [
            10.43531,
            34.59389
          ],
          [
            10.43479,
            34.59383
          ],
          [
            10.42912,
            34.59349
          ],
          [
            10.42797,
            34.59339
          ],
          [
            10.42702,
            34.59328
          ],
          [
            10.4261,
            34.59315
          ],
          [
            10.42535,
            34.59303
          ],
          [
            10.4238,
            34.59272
          ],
          [
            10.42346,
            34.59263
          ],
          [
            10.42302,
            34.59253
          ],
          [
            10.42143,
            34.59209
          ],
          [
            10.4208,
            34.5919
          ],
          [
            10.41939,
            34.59142
          ],
          [
            10.41864,
            34.59112
          ],
          [
            10.41806,
            34.59087
          ],
          [
            10.41744,
            34.59062
          ],
          [
            10.41616,
            34.58999
          ],
          [
            10.39701,
            34.5797
          ],
          [
            10.39357,
            34.57782
          ],
          [
            10.39263,
            34.57733
          ],
          [
            10.39137,
            34.57662
          ],
          [
            10.39032,
            34.57605
          ],
          [
            10.38986,
            34.57582
          ],
          [
            10.37782,
            34.56933
          ],
          [
            10.3765,
            34.56866
          ],
          [
            10.37558,
            34.56826
          ],
          [
            10.37489,
            34.56799
          ],
          [
            10.37437,
            34.5678
          ],
          [
            10.37358,
            34.56755
          ],
          [
            10.37355,
            34.56755
          ],
          [
            10.37294,
            34.56738
          ],
          [
            10.37293,
            34.56737
          ],
          [
            10.37272,
            34.56732
          ],
          [
            10.37271,
            34.56732
          ],
          [
            10.37209,
            34.56716
          ],
          [
            10.37206,
            34.56715
          ],
          [
            10.37147,
            34.56702
          ],
          [
            10.37064,
            34.56687
          ],
          [
            10.37005,
            34.56679
          ],
          [
            10.36909,
            34.56668
          ],
          [
            10.36752,
            34.56657
          ],
          [
            10.3534,
            34.56584
          ],
          [
            10.35221,
            34.56574
          ],
          [
            10.35145,
            34.56564
          ],
          [
            10.35081,
            34.56554
          ],
          [
            10.35002,
            34.56539
          ],
          [
            10.34947,
            34.56527
          ],
          [
            10.34891,
            34.56512
          ],
          [
            10.34849,
            34.56502
          ],
          [
            10.34747,
            34.56471
          ],
          [
            10.34661,
            34.56441
          ],
          [
            10.34607,
            34.56419
          ],
          [
            10.34498,
            34.56372
          ],
          [
            10.34444,
            34.56345
          ],
          [
            10.34289,
            34.56261
          ],
          [
            10.33785,
            34.55976
          ],
          [
            10.33758,
            34.55962
          ],
          [
            10.31513,
            34.5469
          ],
          [
            10.31428,
            34.54644
          ],
          [
            10.31237,
            34.54548
          ],
          [
            10.31101,
            34.54486
          ],
          [
            10.30493,
            34.54233
          ],
          [
            10.29952,
            34.54021
          ],
          [
            10.29934,
            34.54013
          ],
          [
            10.29612,
            34.53884
          ],
          [
            10.29492,
            34.53834
          ],
          [
            10.28501,
            34.53438
          ],
          [
            10.28255,
            34.53348
          ],
          [
            10.2814,
            34.5331
          ],
          [
            10.26794,
            34.52893
          ],
          [
            10.26394,
            34.52772
          ],
          [
            10.25899,
            34.52617
          ],
          [
            10.2587,
            34.52609
          ],
          [
            10.24944,
            34.52324
          ],
          [
            10.24939,
            34.52322
          ],
          [
            10.24061,
            34.5205
          ],
          [
            10.24026,
            34.5204
          ],
          [
            10.23927,
            34.52009
          ],
          [
            10.2383,
            34.51982
          ],
          [
            10.23709,
            34.51951
          ],
          [
            10.23655,
            34.51936
          ],
          [
            10.23433,
            34.51891
          ],
          [
            10.23313,
            34.5187
          ],
          [
            10.23286,
            34.51867
          ],
          [
            10.23258,
            34.51863
          ],
          [
            10.23181,
            34.51854
          ],
          [
            10.23031,
            34.5184
          ],
          [
            10.22928,
            34.51832
          ],
          [
            10.22229,
            34.51803
          ],
          [
            10.22198,
            34.51801
          ],
          [
            10.21909,
            34.51789
          ],
          [
            10.21895,
            34.51789
          ],
          [
            10.21268,
            34.51764
          ],
          [
            10.21252,
            34.51764
          ],
          [
            10.20085,
            34.51718
          ],
          [
            10.19966,
            34.51716
          ],
          [
            10.19487,
            34.51692
          ],
          [
            10.19444,
            34.51689
          ],
          [
            10.19422,
            34.51689
          ],
          [
            10.1894,
            34.51669
          ],
          [
            10.18785,
            34.5166
          ],
          [
            10.1866,
            34.51648
          ],
          [
            10.18293,
            34.51604
          ],
          [
            10.17257,
            34.51471
          ],
          [
            10.1712,
            34.51458
          ],
          [
            10.17015,
            34.51453
          ],
          [
            10.16923,
            34.51452
          ],
          [
            10.16776,
            34.51458
          ],
          [
            10.16689,
            34.51465
          ],
          [
            10.1664,
            34.5147
          ],
          [
            10.16525,
            34.51487
          ],
          [
            10.16468,
            34.51497
          ],
          [
            10.16385,
            34.51514
          ],
          [
            10.16383,
            34.51515
          ],
          [
            10.16364,
            34.51519
          ],
          [
            10.16241,
            34.51551
          ],
          [
            10.16127,
            34.51586
          ],
          [
            10.14573,
            34.52138
          ],
          [
            10.1455,
            34.52147
          ],
          [
            10.14341,
            34.5222
          ],
          [
            10.14192,
            34.52276
          ],
          [
            10.13991,
            34.52346
          ],
          [
            10.13811,
            34.52413
          ],
          [
            10.13562,
            34.52501
          ],
          [
            10.13443,
            34.52541
          ],
          [
            10.1334,
            34.52578
          ],
          [
            10.13269,
            34.52601
          ],
          [
            10.13215,
            34.52616
          ],
          [
            10.13173,
            34.52626
          ],
          [
            10.12637,
            34.5274
          ],
          [
            10.12359,
            34.52795
          ],
          [
            10.12094,
            34.52841
          ],
          [
            10.12084,
            34.52842
          ],
          [
            10.11931,
            34.52865
          ],
          [
            10.11524,
            34.52918
          ],
          [
            10.1152,
            34.52919
          ],
          [
            10.10964,
            34.52995
          ],
          [
            10.10961,
            34.52995
          ],
          [
            10.10332,
            34.53081
          ],
          [
            10.10264,
            34.53092
          ],
          [
            10.10039,
            34.53118
          ],
          [
            10.09962,
            34.53124
          ],
          [
            10.09863,
            34.53129
          ],
          [
            10.09724,
            34.53129
          ],
          [
            10.09669,
            34.53127
          ],
          [
            10.09524,
            34.53115
          ],
          [
            10.0943,
            34.53103
          ],
          [
            10.09312,
            34.5308
          ],
          [
            10.09147,
            34.53043
          ],
          [
            10.09041,
            34.53013
          ],
          [
            10.0889,
            34.52956
          ],
          [
            10.08797,
            34.52917
          ],
          [
            10.08729,
            34.52886
          ],
          [
            10.08684,
            34.52864
          ],
          [
            10.08595,
            34.52813
          ],
          [
            10.08556,
            34.52788
          ],
          [
            10.08539,
            34.52778
          ],
          [
            10.08487,
            34.52744
          ],
          [
            10.08434,
            34.52705
          ],
          [
            10.08377,
            34.52659
          ],
          [
            10.08259,
            34.5256
          ],
          [
            10.0819,
            34.52492
          ],
          [
            10.08109,
            34.52402
          ],
          [
            10.08043,
            34.52318
          ],
          [
            10.07996,
            34.5225
          ],
          [
            10.07957,
            34.522
          ],
          [
            10.07942,
            34.52177
          ],
          [
            10.07932,
            34.5216
          ],
          [
            10.07888,
            34.52077
          ],
          [
            10.07827,
            34.51933
          ],
          [
            10.078,
            34.51853
          ],
          [
            10.07799,
            34.51851
          ],
          [
            10.07784,
            34.51802
          ],
          [
            10.0776,
            34.51704
          ],
          [
            10.07738,
            34.51585
          ],
          [
            10.07734,
            34.51568
          ],
          [
            10.07722,
            34.51495
          ],
          [
            10.07716,
            34.51446
          ],
          [
            10.07693,
            34.51284
          ],
          [
            10.07693,
            34.51282
          ],
          [
            10.07677,
            34.51179
          ],
          [
            10.07675,
            34.51157
          ],
          [
            10.07642,
            34.50942
          ],
          [
            10.07608,
            34.50699
          ],
          [
            10.07605,
            34.5067
          ],
          [
            10.07586,
            34.50556
          ],
          [
            10.07562,
            34.50389
          ],
          [
            10.07558,
            34.50369
          ],
          [
            10.07554,
            34.50334
          ],
          [
            10.07543,
            34.50261
          ],
          [
            10.0753,
            34.50157
          ],
          [
            10.07512,
            34.50044
          ],
          [
            10.07509,
            34.50013
          ],
          [
            10.075,
            34.49954
          ],
          [
            10.07498,
            34.49934
          ],
          [
            10.07483,
            34.49847
          ],
          [
            10.07466,
            34.49732
          ],
          [
            10.07464,
            34.49712
          ],
          [
            10.07455,
            34.49657
          ],
          [
            10.07451,
            34.49626
          ],
          [
            10.07436,
            34.4953
          ],
          [
            10.07434,
            34.49511
          ],
          [
            10.07421,
            34.49437
          ],
          [
            10.07419,
            34.49429
          ],
          [
            10.07417,
            34.4941
          ],
          [
            10.07413,
            34.4939
          ],
          [
            10.07404,
            34.49312
          ],
          [
            10.07396,
            34.49258
          ],
          [
            10.07395,
            34.49254
          ],
          [
            10.07387,
            34.49194
          ],
          [
            10.07383,
            34.49174
          ],
          [
            10.07382,
            34.49161
          ],
          [
            10.07378,
            34.49134
          ],
          [
            10.07378,
            34.49133
          ],
          [
            10.07361,
            34.49028
          ],
          [
            10.0736,
            34.49012
          ],
          [
            10.07357,
            34.48999
          ],
          [
            10.0735,
            34.48948
          ],
          [
            10.07346,
            34.48928
          ],
          [
            10.07332,
            34.48822
          ],
          [
            10.07321,
            34.48754
          ],
          [
            10.07313,
            34.48711
          ],
          [
            10.0731,
            34.4869
          ],
          [
            10.07309,
            34.48687
          ],
          [
            10.07307,
            34.48669
          ],
          [
            10.07306,
            34.48666
          ],
          [
            10.07303,
            34.48639
          ],
          [
            10.07298,
            34.48614
          ],
          [
            10.07292,
            34.48572
          ],
          [
            10.07289,
            34.48556
          ],
          [
            10.07277,
            34.48464
          ],
          [
            10.07276,
            34.4845
          ],
          [
            10.07274,
            34.48437
          ],
          [
            10.07272,
            34.48417
          ],
          [
            10.07257,
            34.48306
          ],
          [
            10.07251,
            34.48268
          ],
          [
            10.07247,
            34.48247
          ],
          [
            10.07245,
            34.48225
          ],
          [
            10.07234,
            34.48158
          ],
          [
            10.0722,
            34.4806
          ],
          [
            10.07216,
            34.48041
          ],
          [
            10.07197,
            34.47921
          ],
          [
            10.07194,
            34.47896
          ],
          [
            10.07187,
            34.47849
          ],
          [
            10.07185,
            34.47831
          ],
          [
            10.07183,
            34.47821
          ],
          [
            10.07176,
            34.47774
          ],
          [
            10.07169,
            34.47718
          ],
          [
            10.07164,
            34.4769
          ],
          [
            10.07161,
            34.47666
          ],
          [
            10.07149,
            34.47592
          ],
          [
            10.07142,
            34.47537
          ],
          [
            10.07133,
            34.47477
          ],
          [
            10.0713,
            34.4745
          ],
          [
            10.07121,
            34.47387
          ],
          [
            10.07113,
            34.4734
          ],
          [
            10.07105,
            34.4728
          ],
          [
            10.07099,
            34.47248
          ],
          [
            10.07093,
            34.47201
          ],
          [
            10.07064,
            34.47015
          ],
          [
            10.0706,
            34.4698
          ],
          [
            10.07057,
            34.46964
          ],
          [
            10.07051,
            34.46921
          ],
          [
            10.07046,
            34.46893
          ],
          [
            10.07043,
            34.4687
          ],
          [
            10.07035,
            34.46825
          ],
          [
            10.07018,
            34.46692
          ],
          [
            10.07013,
            34.46663
          ],
          [
            10.07008,
            34.46627
          ],
          [
            10.06998,
            34.46566
          ],
          [
            10.06993,
            34.46542
          ],
          [
            10.06984,
            34.46475
          ],
          [
            10.0698,
            34.46431
          ],
          [
            10.06974,
            34.464
          ],
          [
            10.06962,
            34.46315
          ],
          [
            10.0696,
            34.46304
          ],
          [
            10.06948,
            34.46218
          ],
          [
            10.06939,
            34.46164
          ],
          [
            10.06937,
            34.46143
          ],
          [
            10.06936,
            34.46138
          ],
          [
            10.06935,
            34.46125
          ],
          [
            10.06932,
            34.46103
          ],
          [
            10.06925,
            34.46073
          ],
          [
            10.0692,
            34.46036
          ],
          [
            10.06916,
            34.46014
          ],
          [
            10.06914,
            34.45991
          ],
          [
            10.06904,
            34.45919
          ],
          [
            10.06897,
            34.45887
          ],
          [
            10.06894,
            34.45865
          ],
          [
            10.06886,
            34.45829
          ],
          [
            10.06879,
            34.45787
          ],
          [
            10.06874,
            34.45768
          ],
          [
            10.06859,
            34.45687
          ],
          [
            10.06817,
            34.45525
          ],
          [
            10.06816,
            34.45522
          ],
          [
            10.0681,
            34.45496
          ],
          [
            10.06793,
            34.45434
          ],
          [
            10.0678,
            34.45391
          ],
          [
            10.06755,
            34.45322
          ],
          [
            10.06745,
            34.45285
          ],
          [
            10.06736,
            34.45262
          ],
          [
            10.06706,
            34.45171
          ],
          [
            10.06692,
            34.45124
          ],
          [
            10.06685,
            34.45105
          ],
          [
            10.06678,
            34.4508
          ],
          [
            10.06666,
            34.45047
          ],
          [
            10.0666,
            34.45028
          ],
          [
            10.06653,
            34.4501
          ],
          [
            10.06651,
            34.45
          ],
          [
            10.06647,
            34.44987
          ],
          [
            10.06638,
            34.44963
          ],
          [
            10.06632,
            34.4494
          ],
          [
            10.06624,
            34.44915
          ],
          [
            10.06623,
            34.44913
          ],
          [
            10.0661,
            34.44878
          ],
          [
            10.06585,
            34.44803
          ],
          [
            10.06578,
            34.44779
          ],
          [
            10.0657,
            34.44757
          ],
          [
            10.06502,
            34.44554
          ],
          [
            10.06473,
            34.44459
          ],
          [
            10.06459,
            34.44422
          ],
          [
            10.06416,
            34.44292
          ],
          [
            10.064,
            34.44239
          ],
          [
            10.06386,
            34.44202
          ],
          [
            10.06345,
            34.44059
          ],
          [
            10.06304,
            34.43874
          ],
          [
            10.06295,
            34.43828
          ],
          [
            10.0627,
            34.43665
          ],
          [
            10.06267,
            34.43632
          ],
          [
            10.06256,
            34.43541
          ],
          [
            10.0625,
            34.4347
          ],
          [
            10.06244,
            34.43379
          ],
          [
            10.06244,
            34.43355
          ],
          [
            10.06242,
            34.43317
          ],
          [
            10.06242,
            34.43242
          ],
          [
            10.06245,
            34.43104
          ],
          [
            10.06248,
            34.43063
          ],
          [
            10.06249,
            34.43036
          ],
          [
            10.06252,
            34.43001
          ],
          [
            10.06265,
            34.42774
          ],
          [
            10.06271,
            34.42713
          ],
          [
            10.0628,
            34.42553
          ],
          [
            10.06295,
            34.42394
          ],
          [
            10.06299,
            34.42306
          ],
          [
            10.06302,
            34.42267
          ],
          [
            10.06305,
            34.42197
          ],
          [
            10.06316,
            34.42052
          ],
          [
            10.06327,
            34.41843
          ],
          [
            10.06339,
            34.41683
          ],
          [
            10.06339,
            34.41672
          ],
          [
            10.06342,
            34.41608
          ],
          [
            10.06356,
            34.41406
          ],
          [
            10.0636,
            34.41319
          ],
          [
            10.0637,
            34.41215
          ],
          [
            10.06377,
            34.41126
          ],
          [
            10.06382,
            34.41022
          ],
          [
            10.06387,
            34.40951
          ],
          [
            10.0639,
            34.4092
          ],
          [
            10.06397,
            34.40788
          ],
          [
            10.064,
            34.40759
          ],
          [
            10.06407,
            34.40648
          ],
          [
            10.06407,
            34.40589
          ],
          [
            10.06409,
            34.40553
          ],
          [
            10.06409,
            34.40543
          ],
          [
            10.0641,
            34.40522
          ],
          [
            10.06409,
            34.40442
          ],
          [
            10.06407,
            34.40404
          ],
          [
            10.06402,
            34.40352
          ],
          [
            10.064,
            34.40343
          ],
          [
            10.06396,
            34.40308
          ],
          [
            10.06385,
            34.40246
          ],
          [
            10.06383,
            34.40231
          ],
          [
            10.06372,
            34.40183
          ],
          [
            10.06371,
            34.40176
          ],
          [
            10.06356,
            34.40118
          ],
          [
            10.06342,
            34.4007
          ],
          [
            10.06337,
            34.40057
          ],
          [
            10.06334,
            34.40046
          ],
          [
            10.06313,
            34.39996
          ],
          [
            10.06308,
            34.39982
          ],
          [
            10.06302,
            34.39969
          ],
          [
            10.06296,
            34.39953
          ],
          [
            10.06284,
            34.39927
          ],
          [
            10.06279,
            34.39914
          ],
          [
            10.06238,
            34.39836
          ],
          [
            10.06234,
            34.39827
          ],
          [
            10.06217,
            34.39799
          ],
          [
            10.06207,
            34.39781
          ],
          [
            10.06181,
            34.39739
          ],
          [
            10.06153,
            34.39698
          ],
          [
            10.06148,
            34.39692
          ],
          [
            10.0613,
            34.39667
          ],
          [
            10.06129,
            34.39666
          ],
          [
            10.06118,
            34.3965
          ],
          [
            10.06114,
            34.39646
          ],
          [
            10.06102,
            34.3963
          ],
          [
            10.06057,
            34.39574
          ],
          [
            10.06033,
            34.39546
          ],
          [
            10.06027,
            34.3954
          ],
          [
            10.06011,
            34.39522
          ],
          [
            10.05998,
            34.39509
          ],
          [
            10.05985,
            34.39494
          ],
          [
            10.05938,
            34.39447
          ],
          [
            10.05925,
            34.39436
          ],
          [
            10.05913,
            34.39424
          ],
          [
            10.05862,
            34.39378
          ],
          [
            10.05852,
            34.39371
          ],
          [
            10.05843,
            34.39364
          ],
          [
            10.05829,
            34.39352
          ],
          [
            10.05815,
            34.39341
          ],
          [
            10.05807,
            34.39334
          ],
          [
            10.05739,
            34.39281
          ],
          [
            10.05658,
            34.39227
          ],
          [
            10.05576,
            34.39176
          ],
          [
            10.05519,
            34.39144
          ],
          [
            10.05491,
            34.39131
          ],
          [
            10.05461,
            34.39116
          ],
          [
            10.0505,
            34.38931
          ],
          [
            10.04903,
            34.3885
          ],
          [
            10.04797,
            34.38781
          ],
          [
            10.04755,
            34.38751
          ],
          [
            10.047,
            34.38708
          ],
          [
            10.04592,
            34.38617
          ],
          [
            10.04544,
            34.38575
          ],
          [
            10.04386,
            34.38393
          ],
          [
            10.03678,
            34.37548
          ],
          [
            10.033,
            34.37074
          ],
          [
            10.0302,
            34.36703
          ],
          [
            10.02653,
            34.36235
          ],
          [
            10.02642,
            34.36219
          ],
          [
            10.02501,
            34.36038
          ],
          [
            10.02332,
            34.35814
          ],
          [
            10.02221,
            34.35671
          ],
          [
            10.02026,
            34.3541
          ],
          [
            10.01794,
            34.3511
          ],
          [
            10.01639,
            34.34904
          ],
          [
            10.01483,
            34.34704
          ],
          [
            10.01401,
            34.34591
          ],
          [
            10.01266,
            34.34419
          ],
          [
            10.01202,
            34.34332
          ],
          [
            10.01146,
            34.34253
          ],
          [
            10.01059,
            34.34124
          ],
          [
            10.00876,
            34.33831
          ],
          [
            10.00832,
            34.33749
          ],
          [
            10.00753,
            34.33589
          ],
          [
            10.00712,
            34.33498
          ],
          [
            10.00663,
            34.33384
          ],
          [
            10.00652,
            34.33353
          ],
          [
            10.00635,
            34.33312
          ],
          [
            10.00597,
            34.33204
          ],
          [
            10.00597,
            34.33203
          ],
          [
            10.00576,
            34.33143
          ],
          [
            10.00517,
            34.32941
          ],
          [
            10.00504,
            34.3289
          ],
          [
            10.00485,
            34.32808
          ],
          [
            10.00451,
            34.3264
          ],
          [
            10.00363,
            34.32052
          ],
          [
            10.00361,
            34.32034
          ],
          [
            10.00353,
            34.31986
          ],
          [
            10.00328,
            34.31784
          ],
          [
            10.00314,
            34.31695
          ],
          [
            10.00312,
            34.31677
          ],
          [
            10.00311,
            34.31675
          ],
          [
            10.00307,
            34.31641
          ],
          [
            10.00286,
            34.31501
          ],
          [
            10.0028,
            34.3145
          ],
          [
            10.00259,
            34.31324
          ],
          [
            10.00244,
            34.31206
          ],
          [
            10.00105,
            34.30223
          ],
          [
            10.00066,
            34.29926
          ],
          [
            9.99973,
            34.29284
          ],
          [
            9.99973,
            34.29279
          ],
          [
            9.99965,
            34.29225
          ],
          [
            9.99945,
            34.29111
          ],
          [
            9.99923,
            34.29014
          ],
          [
            9.99908,
            34.28956
          ],
          [
            9.99894,
            34.28909
          ],
          [
            9.99859,
            34.28803
          ],
          [
            9.99829,
            34.28721
          ],
          [
            9.99813,
            34.28681
          ],
          [
            9.99251,
            34.27393
          ],
          [
            9.99237,
            34.27363
          ],
          [
            9.9895,
            34.26701
          ],
          [
            9.98872,
            34.26511
          ],
          [
            9.98839,
            34.26421
          ],
          [
            9.98816,
            34.26352
          ],
          [
            9.98787,
            34.26254
          ],
          [
            9.98765,
            34.26171
          ],
          [
            9.98746,
            34.26082
          ],
          [
            9.987,
            34.2585
          ],
          [
            9.98581,
            34.25199
          ],
          [
            9.98577,
            34.25182
          ],
          [
            9.98571,
            34.25146
          ],
          [
            9.98514,
            34.24844
          ],
          [
            9.9848,
            34.24648
          ],
          [
            9.98445,
            34.2447
          ],
          [
            9.98386,
            34.24152
          ],
          [
            9.98352,
            34.23957
          ],
          [
            9.98352,
            34.23955
          ],
          [
            9.9835,
            34.23939
          ],
          [
            9.98347,
            34.23921
          ],
          [
            9.98338,
            34.23849
          ],
          [
            9.98334,
            34.23795
          ],
          [
            9.98332,
            34.23777
          ],
          [
            9.98331,
            34.2376
          ],
          [
            9.98329,
            34.23742
          ],
          [
            9.98328,
            34.23724
          ],
          [
            9.98326,
            34.23706
          ],
          [
            9.98319,
            34.23562
          ],
          [
            9.98315,
            34.23507
          ],
          [
            9.98304,
            34.23268
          ],
          [
            9.98302,
            34.23184
          ],
          [
            9.98293,
            34.22974
          ],
          [
            9.98292,
            34.22913
          ],
          [
            9.98284,
            34.22728
          ],
          [
            9.98283,
            34.22717
          ],
          [
            9.98283,
            34.22695
          ],
          [
            9.98278,
            34.22609
          ],
          [
            9.98267,
            34.22466
          ],
          [
            9.98263,
            34.22392
          ],
          [
            9.98257,
            34.22329
          ],
          [
            9.98257,
            34.22322
          ],
          [
            9.98229,
            34.22071
          ],
          [
            9.98227,
            34.22061
          ],
          [
            9.98182,
            34.21732
          ],
          [
            9.9813,
            34.21405
          ],
          [
            9.98069,
            34.20984
          ],
          [
            9.98034,
            34.20766
          ],
          [
            9.98031,
            34.2074
          ],
          [
            9.98021,
            34.20677
          ],
          [
            9.98021,
            34.20675
          ],
          [
            9.98001,
            34.20552
          ],
          [
            9.98001,
            34.20548
          ],
          [
            9.97989,
            34.20468
          ],
          [
            9.97977,
            34.20377
          ],
          [
            9.97908,
            34.19927
          ],
          [
            9.97901,
            34.19892
          ],
          [
            9.97884,
            34.19791
          ],
          [
            9.97863,
            34.19678
          ],
          [
            9.97861,
            34.19664
          ],
          [
            9.9785,
            34.19609
          ],
          [
            9.97844,
            34.19571
          ],
          [
            9.97808,
            34.19411
          ],
          [
            9.97779,
            34.19299
          ],
          [
            9.97747,
            34.19203
          ],
          [
            9.97742,
            34.19185
          ],
          [
            9.9773,
            34.1915
          ],
          [
            9.97675,
            34.18947
          ],
          [
            9.97661,
            34.18891
          ],
          [
            9.97652,
            34.18834
          ],
          [
            9.97642,
            34.18743
          ],
          [
            9.97639,
            34.18722
          ],
          [
            9.97636,
            34.18682
          ],
          [
            9.97634,
            34.1859
          ],
          [
            9.97631,
            34.18528
          ],
          [
            9.97629,
            34.1851
          ],
          [
            9.97626,
            34.18464
          ],
          [
            9.97613,
            34.18341
          ],
          [
            9.976,
            34.1826
          ],
          [
            9.97573,
            34.18116
          ],
          [
            9.97563,
            34.18055
          ],
          [
            9.97465,
            34.17521
          ],
          [
            9.97448,
            34.17419
          ],
          [
            9.97397,
            34.17157
          ],
          [
            9.97373,
            34.17019
          ],
          [
            9.97363,
            34.16972
          ],
          [
            9.97362,
            34.16962
          ],
          [
            9.97335,
            34.1681
          ],
          [
            9.97333,
            34.16802
          ],
          [
            9.97327,
            34.16766
          ],
          [
            9.97323,
            34.16748
          ],
          [
            9.97308,
            34.1666
          ],
          [
            9.973,
            34.16624
          ],
          [
            9.97297,
            34.16607
          ],
          [
            9.97297,
            34.16606
          ],
          [
            9.97279,
            34.16517
          ],
          [
            9.97198,
            34.16153
          ],
          [
            9.97164,
            34.16015
          ],
          [
            9.97162,
            34.16005
          ],
          [
            9.97144,
            34.15934
          ],
          [
            9.97134,
            34.15899
          ],
          [
            9.97124,
            34.1586
          ],
          [
            9.97108,
            34.15809
          ],
          [
            9.97103,
            34.15795
          ],
          [
            9.97093,
            34.1576
          ],
          [
            9.97076,
            34.15706
          ],
          [
            9.9706,
            34.15662
          ],
          [
            9.97013,
            34.15554
          ],
          [
            9.96982,
            34.15488
          ],
          [
            9.9692,
            34.15363
          ],
          [
            9.96906,
            34.15338
          ],
          [
            9.96898,
            34.15321
          ],
          [
            9.96828,
            34.1519
          ],
          [
            9.9682,
            34.15173
          ],
          [
            9.96811,
            34.15156
          ],
          [
            9.96728,
            34.14978
          ],
          [
            9.96654,
            34.14802
          ],
          [
            9.96622,
            34.14732
          ],
          [
            9.96599,
            34.14686
          ],
          [
            9.96578,
            34.14648
          ],
          [
            9.96443,
            34.1442
          ],
          [
            9.96427,
            34.14391
          ],
          [
            9.96116,
            34.13873
          ],
          [
            9.95838,
            34.13468
          ],
          [
            9.95824,
            34.13443
          ],
          [
            9.95789,
            34.13385
          ],
          [
            9.95731,
            34.13279
          ],
          [
            9.95696,
            34.13212
          ],
          [
            9.95605,
            34.13026
          ],
          [
            9.95575,
            34.12969
          ],
          [
            9.95505,
            34.12847
          ],
          [
            9.95446,
            34.1275
          ],
          [
            9.95437,
            34.12734
          ],
          [
            9.95417,
            34.12702
          ],
          [
            9.9535,
            34.12586
          ],
          [
            9.95161,
            34.12274
          ],
          [
            9.95067,
            34.12113
          ],
          [
            9.95011,
            34.12022
          ],
          [
            9.9494,
            34.11899
          ],
          [
            9.94898,
            34.11831
          ],
          [
            9.94775,
            34.11623
          ],
          [
            9.94725,
            34.11542
          ],
          [
            9.94636,
            34.11388
          ],
          [
            9.94495,
            34.11155
          ],
          [
            9.94398,
            34.10986
          ],
          [
            9.94349,
            34.10891
          ],
          [
            9.94312,
            34.10808
          ],
          [
            9.94256,
            34.10669
          ],
          [
            9.94228,
            34.10579
          ],
          [
            9.94203,
            34.10492
          ],
          [
            9.94183,
            34.10412
          ],
          [
            9.94167,
            34.10336
          ],
          [
            9.9415,
            34.10234
          ],
          [
            9.94142,
            34.10166
          ],
          [
            9.94015,
            34.08523
          ],
          [
            9.93998,
            34.08274
          ],
          [
            9.93986,
            34.08167
          ],
          [
            9.9398,
            34.08126
          ],
          [
            9.93957,
            34.07992
          ],
          [
            9.93927,
            34.07866
          ],
          [
            9.93901,
            34.07772
          ],
          [
            9.93875,
            34.07692
          ],
          [
            9.93875,
            34.07691
          ],
          [
            9.9386,
            34.07648
          ],
          [
            9.93833,
            34.0758
          ],
          [
            9.938,
            34.07503
          ],
          [
            9.93455,
            34.06649
          ],
          [
            9.93449,
            34.06632
          ],
          [
            9.93359,
            34.06411
          ],
          [
            9.93314,
            34.06305
          ],
          [
            9.93213,
            34.06057
          ],
          [
            9.93212,
            34.06053
          ],
          [
            9.93193,
            34.06006
          ],
          [
            9.93192,
            34.06002
          ],
          [
            9.9316,
            34.05926
          ],
          [
            9.93119,
            34.0582
          ],
          [
            9.93104,
            34.05784
          ],
          [
            9.93102,
            34.0578
          ],
          [
            9.93054,
            34.05664
          ],
          [
            9.92975,
            34.05462
          ],
          [
            9.92959,
            34.05428
          ],
          [
            9.92919,
            34.05328
          ],
          [
            9.92908,
            34.05303
          ],
          [
            9.92824,
            34.05092
          ],
          [
            9.92814,
            34.0507
          ],
          [
            9.92671,
            34.04705
          ],
          [
            9.92665,
            34.04688
          ],
          [
            9.9265,
            34.0465
          ],
          [
            9.92436,
            34.0406
          ],
          [
            9.92424,
            34.04031
          ],
          [
            9.92396,
            34.03946
          ],
          [
            9.9238,
            34.03902
          ],
          [
            9.92358,
            34.03837
          ],
          [
            9.9231,
            34.03706
          ],
          [
            9.9231,
            34.03705
          ],
          [
            9.92205,
            34.03424
          ],
          [
            9.92069,
            34.03037
          ],
          [
            9.92065,
            34.03027
          ],
          [
            9.92005,
            34.02856
          ],
          [
            9.92004,
            34.02855
          ],
          [
            9.91988,
            34.02808
          ],
          [
            9.91964,
            34.02732
          ],
          [
            9.91937,
            34.02609
          ],
          [
            9.91937,
            34.02607
          ],
          [
            9.91929,
            34.02564
          ],
          [
            9.91925,
            34.02538
          ],
          [
            9.91915,
            34.02435
          ],
          [
            9.91914,
            34.02301
          ],
          [
            9.91917,
            34.02271
          ],
          [
            9.91919,
            34.02241
          ],
          [
            9.91929,
            34.02152
          ],
          [
            9.91935,
            34.02115
          ],
          [
            9.91957,
            34.02019
          ],
          [
            9.91972,
            34.01964
          ],
          [
            9.91982,
            34.01932
          ],
          [
            9.91983,
            34.0193
          ],
          [
            9.9202,
            34.01829
          ],
          [
            9.9205,
            34.01762
          ],
          [
            9.92089,
            34.01686
          ],
          [
            9.92518,
            34.00976
          ],
          [
            9.92527,
            34.0096
          ],
          [
            9.93824,
            33.98826
          ],
          [
            9.93839,
            33.98803
          ],
          [
            9.93848,
            33.98787
          ],
          [
            9.93956,
            33.9861
          ],
          [
            9.93976,
            33.98579
          ],
          [
            9.94263,
            33.98107
          ],
          [
            9.94269,
            33.98096
          ],
          [
            9.95166,
            33.96618
          ],
          [
            9.9517,
            33.96613
          ],
          [
            9.95339,
            33.96333
          ],
          [
            9.9535,
            33.96316
          ],
          [
            9.95412,
            33.96211
          ],
          [
            9.95446,
            33.96151
          ],
          [
            9.95474,
            33.96099
          ],
          [
            9.95476,
            33.96096
          ],
          [
            9.95543,
            33.95964
          ],
          [
            9.95575,
            33.95897
          ],
          [
            9.9563,
            33.95774
          ],
          [
            9.95662,
            33.95696
          ],
          [
            9.95706,
            33.95579
          ],
          [
            9.95741,
            33.9548
          ],
          [
            9.9577,
            33.9539
          ],
          [
            9.95777,
            33.95365
          ],
          [
            9.95783,
            33.95348
          ],
          [
            9.95786,
            33.95335
          ],
          [
            9.95814,
            33.95238
          ],
          [
            9.9583,
            33.95173
          ],
          [
            9.95832,
            33.95168
          ],
          [
            9.95855,
            33.95075
          ],
          [
            9.95863,
            33.95046
          ],
          [
            9.95869,
            33.95019
          ],
          [
            9.96059,
            33.94281
          ],
          [
            9.96062,
            33.94274
          ],
          [
            9.96068,
            33.94247
          ],
          [
            9.96291,
            33.93381
          ],
          [
            9.96295,
            33.93362
          ],
          [
            9.96305,
            33.93323
          ],
          [
            9.96307,
            33.93318
          ],
          [
            9.96408,
            33.92923
          ],
          [
            9.9642,
            33.9288
          ],
          [
            9.965,
            33.92565
          ],
          [
            9.96506,
            33.92544
          ],
          [
            9.96597,
            33.92188
          ],
          [
            9.96637,
            33.92051
          ],
          [
            9.9666,
            33.91982
          ],
          [
            9.96685,
            33.91914
          ],
          [
            9.96689,
            33.91901
          ],
          [
            9.96744,
            33.91768
          ],
          [
            9.96766,
            33.91719
          ],
          [
            9.96803,
            33.91643
          ],
          [
            9.96854,
            33.91546
          ],
          [
            9.96929,
            33.91417
          ],
          [
            9.97011,
            33.91291
          ],
          [
            9.97073,
            33.91204
          ],
          [
            9.97218,
            33.91017
          ],
          [
            9.9754,
            33.90612
          ],
          [
            9.9754,
            33.90611
          ],
          [
            9.98039,
            33.89983
          ],
          [
            9.98041,
            33.8998
          ],
          [
            9.98423,
            33.895
          ],
          [
            9.98533,
            33.89368
          ],
          [
            9.98712,
            33.89163
          ],
          [
            9.98724,
            33.89148
          ],
          [
            9.98763,
            33.89105
          ],
          [
            9.99227,
            33.88576
          ],
          [
            9.99249,
            33.88553
          ],
          [
            9.99268,
            33.8853
          ],
          [
            9.99453,
            33.88323
          ],
          [
            9.99509,
            33.88258
          ],
          [
            9.99513,
            33.88255
          ],
          [
            9.99525,
            33.8824
          ],
          [
            9.99591,
            33.88165
          ],
          [
            9.99655,
            33.88087
          ],
          [
            9.99661,
            33.88079
          ],
          [
            9.99677,
            33.88065
          ],
          [
            9.99748,
            33.87986
          ],
          [
            9.99812,
            33.87908
          ],
          [
            9.9982,
            33.87899
          ],
          [
            9.99846,
            33.87865
          ],
          [
            9.99849,
            33.8786
          ],
          [
            9.99861,
            33.87845
          ],
          [
            9.9989,
            33.87806
          ],
          [
            9.99902,
            33.87791
          ],
          [
            9.99913,
            33.87775
          ],
          [
            10.00042,
            33.87604
          ],
          [
            10.0005,
            33.87592
          ],
          [
            10.00222,
            33.87363
          ],
          [
            10.00234,
            33.87348
          ],
          [
            10.00421,
            33.87096
          ],
          [
            10.00428,
            33.87088
          ],
          [
            10.00534,
            33.86949
          ],
          [
            10.006,
            33.86859
          ],
          [
            10.00715,
            33.86707
          ],
          [
            10.00726,
            33.86691
          ],
          [
            10.00783,
            33.86615
          ],
          [
            10.00795,
            33.866
          ],
          [
            10.01252,
            33.85989
          ],
          [
            10.01263,
            33.85973
          ],
          [
            10.01928,
            33.85088
          ],
          [
            10.0194,
            33.85073
          ],
          [
            10.02008,
            33.84981
          ],
          [
            10.0202,
            33.84966
          ],
          [
            10.0218,
            33.84752
          ],
          [
            10.02192,
            33.84737
          ],
          [
            10.02203,
            33.84722
          ],
          [
            10.02215,
            33.84707
          ],
          [
            10.02226,
            33.84691
          ],
          [
            10.02238,
            33.84676
          ],
          [
            10.02283,
            33.84615
          ],
          [
            10.02295,
            33.846
          ],
          [
            10.02317,
            33.84569
          ],
          [
            10.02329,
            33.84554
          ],
          [
            10.02466,
            33.8437
          ],
          [
            10.02478,
            33.84355
          ],
          [
            10.02558,
            33.84248
          ],
          [
            10.0257,
            33.84233
          ],
          [
            10.02753,
            33.83989
          ],
          [
            10.0287,
            33.83838
          ],
          [
            10.02881,
            33.83822
          ],
          [
            10.03035,
            33.83627
          ],
          [
            10.03042,
            33.83619
          ],
          [
            10.03047,
            33.83612
          ],
          [
            10.03277,
            33.83328
          ],
          [
            10.03278,
            33.83328
          ],
          [
            10.03361,
            33.83223
          ],
          [
            10.03373,
            33.83209
          ],
          [
            10.03537,
            33.83005
          ],
          [
            10.03541,
            33.82999
          ],
          [
            10.04118,
            33.82281
          ],
          [
            10.0412,
            33.82279
          ],
          [
            10.04623,
            33.81652
          ],
          [
            10.04635,
            33.81638
          ],
          [
            10.05403,
            33.80681
          ],
          [
            10.05427,
            33.80649
          ],
          [
            10.05529,
            33.80523
          ],
          [
            10.05602,
            33.80438
          ],
          [
            10.05618,
            33.80421
          ],
          [
            10.05631,
            33.80406
          ],
          [
            10.05776,
            33.8025
          ],
          [
            10.05805,
            33.80222
          ],
          [
            10.05805,
            33.80217
          ],
          [
            10.05814,
            33.80207
          ],
          [
            10.0583,
            33.80191
          ],
          [
            10.05837,
            33.80183
          ],
          [
            10.05843,
            33.80174
          ],
          [
            10.0585,
            33.80161
          ],
          [
            10.05857,
            33.80143
          ],
          [
            10.05858,
            33.80139
          ],
          [
            10.05859,
            33.80132
          ],
          [
            10.05862,
            33.80123
          ],
          [
            10.05862,
            33.80108
          ],
          [
            10.05861,
            33.80091
          ],
          [
            10.05858,
            33.80069
          ],
          [
            10.05858,
            33.80052
          ],
          [
            10.0586,
            33.80038
          ],
          [
            10.05863,
            33.8003
          ],
          [
            10.05869,
            33.80019
          ],
          [
            10.05871,
            33.80016
          ],
          [
            10.05885,
            33.8
          ],
          [
            10.05892,
            33.79994
          ],
          [
            10.059,
            33.7999
          ],
          [
            10.05914,
            33.79985
          ],
          [
            10.05934,
            33.79981
          ],
          [
            10.05942,
            33.7998
          ],
          [
            10.0595,
            33.7998
          ],
          [
            10.05961,
            33.79981
          ],
          [
            10.05978,
            33.79985
          ],
          [
            10.05984,
            33.79986
          ],
          [
            10.05988,
            33.79988
          ],
          [
            10.06003,
            33.79994
          ],
          [
            10.06037,
            33.80009
          ],
          [
            10.06068,
            33.80024
          ],
          [
            10.06083,
            33.80032
          ],
          [
            10.06087,
            33.80033
          ],
          [
            10.06143,
            33.8006
          ],
          [
            10.06162,
            33.80068
          ],
          [
            10.06313,
            33.80137
          ],
          [
            10.06314,
            33.80138
          ],
          [
            10.06432,
            33.80191
          ],
          [
            10.06433,
            33.80192
          ],
          [
            10.06466,
            33.80207
          ],
          [
            10.06512,
            33.80231
          ],
          [
            10.06545,
            33.80246
          ],
          [
            10.06583,
            33.80262
          ],
          [
            10.06609,
            33.80272
          ],
          [
            10.06655,
            33.80286
          ],
          [
            10.06669,
            33.80289
          ],
          [
            10.06712,
            33.80296
          ],
          [
            10.06744,
            33.80293
          ],
          [
            10.06759,
            33.80289
          ],
          [
            10.06761,
            33.80287
          ],
          [
            10.06761,
            33.80286
          ],
          [
            10.06763,
            33.80284
          ],
          [
            10.06765,
            33.80275
          ],
          [
            10.06765,
            33.80269
          ],
          [
            10.06763,
            33.80261
          ],
          [
            10.06738,
            33.80197
          ],
          [
            10.06698,
            33.80109
          ],
          [
            10.06694,
            33.80099
          ],
          [
            10.06689,
            33.80089
          ],
          [
            10.06686,
            33.80081
          ],
          [
            10.06686,
            33.80077
          ],
          [
            10.06552,
            33.79872
          ],
          [
            10.06548,
            33.79867
          ],
          [
            10.06539,
            33.79852
          ],
          [
            10.06503,
            33.79798
          ],
          [
            10.06497,
            33.79788
          ],
          [
            10.06486,
            33.79772
          ],
          [
            10.06466,
            33.7974
          ],
          [
            10.06422,
            33.79678
          ],
          [
            10.06404,
            33.7965
          ],
          [
            10.06382,
            33.79619
          ],
          [
            10.06372,
            33.79603
          ],
          [
            10.06206,
            33.79361
          ],
          [
            10.062,
            33.79351
          ],
          [
            10.0589,
            33.7889
          ],
          [
            10.0588,
            33.78873
          ],
          [
            10.05778,
            33.78718
          ],
          [
            10.05777,
            33.78717
          ],
          [
            10.05776,
            33.78715
          ],
          [
            10.05776,
            33.78714
          ],
          [
            10.0577,
            33.78705
          ],
          [
            10.0576,
            33.78692
          ],
          [
            10.05709,
            33.7863
          ],
          [
            10.05671,
            33.78587
          ],
          [
            10.05602,
            33.78512
          ],
          [
            10.056,
            33.78509
          ],
          [
            10.05576,
            33.78481
          ],
          [
            10.05562,
            33.78467
          ],
          [
            10.0553,
            33.78432
          ],
          [
            10.055,
            33.78402
          ],
          [
            10.05481,
            33.78386
          ],
          [
            10.05463,
            33.78373
          ],
          [
            10.05462,
            33.78373
          ],
          [
            10.05433,
            33.78352
          ],
          [
            10.05401,
            33.78331
          ],
          [
            10.05363,
            33.78303
          ],
          [
            10.05345,
            33.78287
          ],
          [
            10.05297,
            33.78237
          ],
          [
            10.05222,
            33.78136
          ],
          [
            10.05167,
            33.78057
          ],
          [
            10.05164,
            33.78052
          ],
          [
            10.05068,
            33.77912
          ],
          [
            10.05029,
            33.77858
          ],
          [
            10.04975,
            33.77778
          ],
          [
            10.049,
            33.77672
          ],
          [
            10.04858,
            33.77616
          ],
          [
            10.04797,
            33.77545
          ],
          [
            10.04795,
            33.77543
          ],
          [
            10.04628,
            33.77349
          ],
          [
            10.04549,
            33.77249
          ],
          [
            10.04374,
            33.76981
          ],
          [
            10.04373,
            33.76978
          ],
          [
            10.04364,
            33.76965
          ],
          [
            10.04283,
            33.76837
          ],
          [
            10.04234,
            33.76765
          ],
          [
            10.04195,
            33.76714
          ],
          [
            10.04036,
            33.76575
          ],
          [
            10.04033,
            33.76573
          ],
          [
            10.03952,
            33.76506
          ],
          [
            10.0388,
            33.7646
          ],
          [
            10.03839,
            33.76436
          ],
          [
            10.03837,
            33.76436
          ],
          [
            10.03804,
            33.76415
          ],
          [
            10.03711,
            33.7636
          ],
          [
            10.03662,
            33.76333
          ],
          [
            10.03434,
            33.76198
          ],
          [
            10.03433,
            33.76197
          ],
          [
            10.03326,
            33.76136
          ],
          [
            10.03194,
            33.76057
          ],
          [
            10.03097,
            33.76001
          ],
          [
            10.03088,
            33.75995
          ],
          [
            10.02899,
            33.75884
          ],
          [
            10.02849,
            33.75856
          ],
          [
            10.02598,
            33.75708
          ],
          [
            10.02521,
            33.75658
          ],
          [
            10.02478,
            33.75626
          ],
          [
            10.02377,
            33.75545
          ],
          [
            10.02356,
            33.75529
          ],
          [
            10.02295,
            33.75479
          ],
          [
            10.02245,
            33.75441
          ],
          [
            10.02203,
            33.75406
          ],
          [
            10.02112,
            33.75334
          ],
          [
            10.02072,
            33.75296
          ],
          [
            10.02053,
            33.75276
          ],
          [
            10.02033,
            33.75251
          ],
          [
            10.02009,
            33.75214
          ],
          [
            10.0197,
            33.75144
          ],
          [
            10.01969,
            33.75141
          ],
          [
            10.01928,
            33.75061
          ],
          [
            10.01927,
            33.75058
          ],
          [
            10.01896,
            33.74999
          ],
          [
            10.01872,
            33.7495
          ],
          [
            10.01781,
            33.74773
          ],
          [
            10.01756,
            33.74716
          ],
          [
            10.01742,
            33.74678
          ],
          [
            10.01737,
            33.74667
          ],
          [
            10.01718,
            33.74617
          ],
          [
            10.01684,
            33.7452
          ],
          [
            10.01679,
            33.74508
          ],
          [
            10.01615,
            33.74336
          ],
          [
            10.01614,
            33.74334
          ],
          [
            10.01574,
            33.74223
          ],
          [
            10.01568,
            33.74209
          ],
          [
            10.01563,
            33.74194
          ],
          [
            10.01543,
            33.74143
          ],
          [
            10.01538,
            33.74127
          ],
          [
            10.01536,
            33.74123
          ],
          [
            10.01528,
            33.74093
          ],
          [
            10.01527,
            33.74083
          ],
          [
            10.01522,
            33.74048
          ],
          [
            10.01521,
            33.74014
          ],
          [
            10.01521,
            33.73952
          ],
          [
            10.01522,
            33.73938
          ],
          [
            10.01522,
            33.73759
          ],
          [
            10.01525,
            33.73588
          ],
          [
            10.01523,
            33.73472
          ],
          [
            10.01525,
            33.724
          ],
          [
            10.01528,
            33.72198
          ],
          [
            10.01529,
            33.71245
          ],
          [
            10.0153,
            33.71227
          ],
          [
            10.01531,
            33.70601
          ],
          [
            10.01532,
            33.70572
          ],
          [
            10.01534,
            33.69822
          ],
          [
            10.01535,
            33.69774
          ],
          [
            10.01535,
            33.69553
          ],
          [
            10.01536,
            33.69538
          ],
          [
            10.01539,
            33.68821
          ],
          [
            10.01537,
            33.68528
          ],
          [
            10.01538,
            33.68499
          ],
          [
            10.0154,
            33.67856
          ],
          [
            10.01539,
            33.67838
          ],
          [
            10.01538,
            33.67642
          ],
          [
            10.01535,
            33.67639
          ],
          [
            10.01533,
            33.67633
          ],
          [
            10.01526,
            33.67563
          ],
          [
            10.01513,
            33.67463
          ],
          [
            10.01505,
            33.67411
          ],
          [
            10.01505,
            33.67407
          ],
          [
            10.01491,
            33.67304
          ],
          [
            10.0149,
            33.67299
          ],
          [
            10.01447,
            33.6699
          ],
          [
            10.01434,
            33.66907
          ],
          [
            10.01433,
            33.66896
          ],
          [
            10.01432,
            33.66894
          ],
          [
            10.01432,
            33.66892
          ],
          [
            10.01431,
            33.66889
          ],
          [
            10.01432,
            33.66887
          ],
          [
            10.01424,
            33.66845
          ],
          [
            10.01403,
            33.66709
          ],
          [
            10.01401,
            33.66702
          ],
          [
            10.01376,
            33.66545
          ],
          [
            10.01336,
            33.66329
          ],
          [
            10.0133,
            33.66303
          ],
          [
            10.01313,
            33.66216
          ],
          [
            10.01309,
            33.66184
          ],
          [
            10.01289,
            33.66095
          ],
          [
            10.01287,
            33.66083
          ],
          [
            10.01288,
            33.66075
          ],
          [
            10.01247,
            33.65875
          ],
          [
            10.01245,
            33.65862
          ],
          [
            10.01244,
            33.65858
          ],
          [
            10.01227,
            33.65762
          ],
          [
            10.01188,
            33.65559
          ],
          [
            10.01171,
            33.65478
          ],
          [
            10.01168,
            33.6546
          ],
          [
            10.01164,
            33.65443
          ],
          [
            10.01156,
            33.65399
          ],
          [
            10.01156,
            33.65389
          ],
          [
            10.01155,
            33.65381
          ],
          [
            10.01142,
            33.6532
          ],
          [
            10.01134,
            33.65275
          ],
          [
            10.01128,
            33.65249
          ],
          [
            10.01115,
            33.65181
          ],
          [
            10.01114,
            33.65178
          ],
          [
            10.01094,
            33.65053
          ],
          [
            10.01093,
            33.65035
          ],
          [
            10.01087,
            33.64981
          ],
          [
            10.01086,
            33.64976
          ],
          [
            10.01074,
            33.64838
          ],
          [
            10.01058,
            33.64568
          ],
          [
            10.01057,
            33.64561
          ],
          [
            10.01053,
            33.64514
          ],
          [
            10.01053,
            33.64512
          ],
          [
            10.01036,
            33.64462
          ],
          [
            10.01023,
            33.64428
          ],
          [
            10.00974,
            33.64309
          ],
          [
            10.00974,
            33.64308
          ],
          [
            10.00785,
            33.63841
          ],
          [
            10.00783,
            33.63833
          ],
          [
            10.00739,
            33.63728
          ],
          [
            10.0073,
            33.6371
          ],
          [
            10.00719,
            33.63691
          ],
          [
            10.00632,
            33.63564
          ],
          [
            10.00631,
            33.63562
          ],
          [
            10.00587,
            33.635
          ],
          [
            10.00586,
            33.63498
          ],
          [
            10.00542,
            33.63433
          ],
          [
            10.00514,
            33.63384
          ],
          [
            10.00495,
            33.63338
          ],
          [
            10.00489,
            33.63325
          ],
          [
            10.00483,
            33.63308
          ],
          [
            10.00476,
            33.63291
          ],
          [
            10.00457,
            33.63239
          ],
          [
            10.00453,
            33.63225
          ],
          [
            10.00445,
            33.63189
          ],
          [
            10.00437,
            33.63142
          ],
          [
            10.00432,
            33.63087
          ],
          [
            10.00425,
            33.63057
          ],
          [
            10.00425,
            33.63055
          ],
          [
            10.00399,
            33.62935
          ],
          [
            10.00381,
            33.62697
          ],
          [
            10.00371,
            33.62631
          ],
          [
            10.00371,
            33.62628
          ],
          [
            10.00347,
            33.62532
          ],
          [
            10.00334,
            33.62504
          ],
          [
            10.00324,
            33.6248
          ],
          [
            10.00319,
            33.62473
          ],
          [
            10.00317,
            33.62471
          ],
          [
            10.00304,
            33.6245
          ],
          [
            10.00254,
            33.62401
          ],
          [
            10.00245,
            33.62393
          ],
          [
            10.00221,
            33.62364
          ],
          [
            10.0021,
            33.62346
          ],
          [
            10.00206,
            33.62321
          ],
          [
            10.00205,
            33.62272
          ],
          [
            10.00208,
            33.62195
          ],
          [
            10.00209,
            33.62184
          ],
          [
            10.00209,
            33.62177
          ],
          [
            10.0021,
            33.62159
          ],
          [
            10.00211,
            33.62156
          ],
          [
            10.00217,
            33.62051
          ],
          [
            10.00217,
            33.62009
          ],
          [
            10.00213,
            33.61964
          ],
          [
            10.00202,
            33.61926
          ],
          [
            10.00202,
            33.61924
          ],
          [
            10.00194,
            33.61898
          ],
          [
            10.00179,
            33.61863
          ],
          [
            10.00147,
            33.6181
          ],
          [
            10.00145,
            33.61808
          ],
          [
            10.00108,
            33.61761
          ],
          [
            9.99981,
            33.61621
          ],
          [
            9.99973,
            33.61611
          ],
          [
            9.99962,
            33.61592
          ],
          [
            9.99953,
            33.61563
          ],
          [
            9.99952,
            33.61533
          ],
          [
            9.99956,
            33.61491
          ],
          [
            9.99955,
            33.61455
          ],
          [
            9.99946,
            33.61426
          ],
          [
            9.99917,
            33.61382
          ],
          [
            9.99845,
            33.6129
          ],
          [
            9.99805,
            33.61245
          ],
          [
            9.99773,
            33.61217
          ],
          [
            9.99762,
            33.6121
          ],
          [
            9.9976,
            33.61209
          ],
          [
            9.99747,
            33.612
          ],
          [
            9.99745,
            33.61199
          ],
          [
            9.99742,
            33.61198
          ],
          [
            9.99718,
            33.61185
          ],
          [
            9.99689,
            33.61173
          ],
          [
            9.99658,
            33.61162
          ],
          [
            9.9958,
            33.61139
          ],
          [
            9.99554,
            33.61126
          ],
          [
            9.9955,
            33.61123
          ],
          [
            9.99548,
            33.61122
          ],
          [
            9.99533,
            33.61112
          ],
          [
            9.99504,
            33.61085
          ],
          [
            9.99501,
            33.61083
          ],
          [
            9.9945,
            33.61032
          ],
          [
            9.99449,
            33.6103
          ],
          [
            9.99427,
            33.61006
          ],
          [
            9.99375,
            33.60924
          ],
          [
            9.99342,
            33.60875
          ],
          [
            9.99341,
            33.60874
          ],
          [
            9.99334,
            33.60857
          ],
          [
            9.99318,
            33.60824
          ],
          [
            9.9929,
            33.60721
          ],
          [
            9.99273,
            33.60648
          ],
          [
            9.99268,
            33.60611
          ],
          [
            9.99264,
            33.60547
          ],
          [
            9.99258,
            33.60512
          ],
          [
            9.99251,
            33.60484
          ],
          [
            9.99236,
            33.60454
          ],
          [
            9.99218,
            33.60421
          ],
          [
            9.99208,
            33.60405
          ],
          [
            9.99164,
            33.60326
          ],
          [
            9.9914,
            33.60285
          ],
          [
            9.9912,
            33.60264
          ],
          [
            9.99096,
            33.6025
          ],
          [
            9.98998,
            33.60203
          ],
          [
            9.98968,
            33.60186
          ],
          [
            9.98954,
            33.60177
          ],
          [
            9.98896,
            33.60135
          ],
          [
            9.98837,
            33.60082
          ],
          [
            9.98831,
            33.60076
          ],
          [
            9.98809,
            33.60051
          ],
          [
            9.98784,
            33.60017
          ],
          [
            9.98777,
            33.59999
          ],
          [
            9.98761,
            33.5997
          ],
          [
            9.98747,
            33.59941
          ],
          [
            9.98745,
            33.59932
          ],
          [
            9.9874,
            33.59915
          ],
          [
            9.98729,
            33.59872
          ],
          [
            9.98728,
            33.59862
          ],
          [
            9.98725,
            33.59844
          ],
          [
            9.98721,
            33.59808
          ],
          [
            9.9872,
            33.59776
          ],
          [
            9.98722,
            33.59749
          ],
          [
            9.98727,
            33.59718
          ],
          [
            9.98743,
            33.59637
          ],
          [
            9.98767,
            33.595
          ],
          [
            9.98767,
            33.59464
          ],
          [
            9.98766,
            33.59451
          ],
          [
            9.98766,
            33.59429
          ],
          [
            9.98756,
            33.59392
          ],
          [
            9.98738,
            33.59359
          ],
          [
            9.98718,
            33.59328
          ],
          [
            9.98709,
            33.59318
          ],
          [
            9.98704,
            33.59311
          ],
          [
            9.98599,
            33.5922
          ],
          [
            9.98592,
            33.59212
          ],
          [
            9.98552,
            33.5917
          ],
          [
            9.9853,
            33.59149
          ],
          [
            9.98462,
            33.59092
          ],
          [
            9.98427,
            33.59064
          ],
          [
            9.984,
            33.59039
          ],
          [
            9.98378,
            33.59017
          ],
          [
            9.98317,
            33.58937
          ],
          [
            9.98273,
            33.58875
          ],
          [
            9.98263,
            33.58859
          ],
          [
            9.98246,
            33.58836
          ],
          [
            9.98222,
            33.58799
          ],
          [
            9.98214,
            33.58779
          ],
          [
            9.98212,
            33.58776
          ],
          [
            9.98206,
            33.58747
          ],
          [
            9.98205,
            33.5872
          ],
          [
            9.98208,
            33.5869
          ],
          [
            9.98208,
            33.58684
          ],
          [
            9.98244,
            33.58592
          ],
          [
            9.9825,
            33.5857
          ],
          [
            9.98251,
            33.58553
          ],
          [
            9.98251,
            33.58536
          ],
          [
            9.98231,
            33.58432
          ],
          [
            9.98228,
            33.58421
          ],
          [
            9.98222,
            33.58405
          ],
          [
            9.98213,
            33.58391
          ],
          [
            9.98202,
            33.58377
          ],
          [
            9.98181,
            33.58361
          ],
          [
            9.98181,
            33.5836
          ],
          [
            9.97973,
            33.58242
          ],
          [
            9.97967,
            33.58238
          ],
          [
            9.97949,
            33.58228
          ],
          [
            9.97885,
            33.5819
          ],
          [
            9.9771,
            33.58092
          ],
          [
            9.9769,
            33.58078
          ],
          [
            9.97667,
            33.58063
          ],
          [
            9.97637,
            33.58039
          ],
          [
            9.97614,
            33.58016
          ],
          [
            9.9759,
            33.57987
          ],
          [
            9.97568,
            33.57957
          ],
          [
            9.97566,
            33.57953
          ],
          [
            9.97521,
            33.57886
          ],
          [
            9.97486,
            33.5783
          ],
          [
            9.97436,
            33.57755
          ],
          [
            9.97408,
            33.57723
          ],
          [
            9.97405,
            33.5772
          ],
          [
            9.97395,
            33.57708
          ],
          [
            9.97384,
            33.57696
          ],
          [
            9.97345,
            33.57662
          ],
          [
            9.9728,
            33.57601
          ],
          [
            9.97221,
            33.57549
          ],
          [
            9.97184,
            33.57514
          ],
          [
            9.97181,
            33.57509
          ],
          [
            9.9717,
            33.57494
          ],
          [
            9.97164,
            33.57472
          ],
          [
            9.97166,
            33.5745
          ],
          [
            9.97181,
            33.57419
          ],
          [
            9.9719,
            33.57407
          ],
          [
            9.97202,
            33.57389
          ],
          [
            9.97213,
            33.57363
          ],
          [
            9.97217,
            33.57338
          ],
          [
            9.97212,
            33.57313
          ],
          [
            9.97185,
            33.57254
          ],
          [
            9.97164,
            33.57205
          ],
          [
            9.97137,
            33.57148
          ],
          [
            9.9712,
            33.57121
          ],
          [
            9.97055,
            33.57038
          ],
          [
            9.97028,
            33.56999
          ],
          [
            9.97011,
            33.56966
          ],
          [
            9.97006,
            33.56942
          ],
          [
            9.97005,
            33.5693
          ],
          [
            9.97005,
            33.56906
          ],
          [
            9.97002,
            33.56876
          ],
          [
            9.96997,
            33.56859
          ],
          [
            9.96997,
            33.56858
          ],
          [
            9.96992,
            33.56849
          ],
          [
            9.96989,
            33.56842
          ],
          [
            9.96923,
            33.56729
          ],
          [
            9.96923,
            33.56728
          ],
          [
            9.96897,
            33.5666
          ],
          [
            9.96895,
            33.56656
          ],
          [
            9.96893,
            33.56643
          ],
          [
            9.96891,
            33.56625
          ],
          [
            9.96891,
            33.56611
          ],
          [
            9.96895,
            33.56593
          ],
          [
            9.96907,
            33.56575
          ],
          [
            9.96925,
            33.56555
          ],
          [
            9.96933,
            33.56542
          ],
          [
            9.96936,
            33.5653
          ],
          [
            9.96935,
            33.56508
          ],
          [
            9.96914,
            33.56448
          ],
          [
            9.96911,
            33.5643
          ],
          [
            9.96912,
            33.56421
          ],
          [
            9.96912,
            33.56419
          ],
          [
            9.96917,
            33.56408
          ],
          [
            9.9693,
            33.56396
          ],
          [
            9.96935,
            33.56392
          ],
          [
            9.96938,
            33.5639
          ],
          [
            9.96951,
            33.56386
          ],
          [
            9.9698,
            33.56385
          ],
          [
            9.96994,
            33.56383
          ],
          [
            9.97009,
            33.56379
          ],
          [
            9.9702,
            33.56371
          ],
          [
            9.97033,
            33.56352
          ],
          [
            9.97052,
            33.56329
          ],
          [
            9.97054,
            33.56327
          ],
          [
            9.97067,
            33.56311
          ],
          [
            9.9707,
            33.56303
          ],
          [
            9.97069,
            33.56298
          ],
          [
            9.97069,
            33.56297
          ],
          [
            9.97063,
            33.56289
          ],
          [
            9.97051,
            33.56282
          ],
          [
            9.97037,
            33.5627
          ],
          [
            9.97031,
            33.56254
          ],
          [
            9.97035,
            33.56248
          ],
          [
            9.97042,
            33.56241
          ],
          [
            9.97055,
            33.56231
          ],
          [
            9.9706,
            33.56216
          ],
          [
            9.9706,
            33.56211
          ],
          [
            9.97057,
            33.56159
          ],
          [
            9.97052,
            33.56141
          ],
          [
            9.97041,
            33.56128
          ],
          [
            9.97037,
            33.56116
          ],
          [
            9.97041,
            33.56102
          ],
          [
            9.9705,
            33.5608
          ],
          [
            9.97048,
            33.56072
          ],
          [
            9.97047,
            33.56062
          ],
          [
            9.97042,
            33.56055
          ],
          [
            9.97012,
            33.56006
          ],
          [
            9.97008,
            33.55991
          ],
          [
            9.97005,
            33.55909
          ],
          [
            9.97008,
            33.55882
          ],
          [
            9.97009,
            33.55879
          ],
          [
            9.9702,
            33.55859
          ],
          [
            9.97026,
            33.55846
          ],
          [
            9.97025,
            33.55832
          ],
          [
            9.97022,
            33.55814
          ],
          [
            9.97023,
            33.55798
          ],
          [
            9.97044,
            33.55778
          ],
          [
            9.97089,
            33.55749
          ],
          [
            9.97107,
            33.5574
          ],
          [
            9.97132,
            33.55725
          ],
          [
            9.97145,
            33.55698
          ],
          [
            9.97146,
            33.55697
          ],
          [
            9.97147,
            33.55681
          ],
          [
            9.97139,
            33.55661
          ],
          [
            9.97136,
            33.55646
          ],
          [
            9.97137,
            33.55628
          ],
          [
            9.97137,
            33.5562
          ],
          [
            9.97135,
            33.5561
          ],
          [
            9.97133,
            33.55606
          ],
          [
            9.9712,
            33.55559
          ],
          [
            9.97103,
            33.55513
          ],
          [
            9.97091,
            33.55495
          ],
          [
            9.9707,
            33.55473
          ],
          [
            9.97062,
            33.55462
          ],
          [
            9.97055,
            33.55455
          ],
          [
            9.97047,
            33.55432
          ],
          [
            9.97034,
            33.55411
          ],
          [
            9.97024,
            33.55398
          ],
          [
            9.97016,
            33.55385
          ],
          [
            9.97009,
            33.5536
          ],
          [
            9.97005,
            33.55333
          ],
          [
            9.97008,
            33.55311
          ],
          [
            9.97012,
            33.55297
          ],
          [
            9.97014,
            33.55294
          ],
          [
            9.97028,
            33.55278
          ],
          [
            9.97046,
            33.55272
          ],
          [
            9.97067,
            33.55269
          ],
          [
            9.9709,
            33.55267
          ],
          [
            9.97109,
            33.5526
          ],
          [
            9.97111,
            33.55259
          ],
          [
            9.97118,
            33.55244
          ],
          [
            9.9711,
            33.55232
          ],
          [
            9.97096,
            33.55225
          ],
          [
            9.97075,
            33.55216
          ],
          [
            9.97064,
            33.55204
          ],
          [
            9.97061,
            33.55195
          ],
          [
            9.9706,
            33.55191
          ],
          [
            9.9707,
            33.55162
          ],
          [
            9.97072,
            33.55138
          ],
          [
            9.97064,
            33.55126
          ],
          [
            9.97058,
            33.55116
          ],
          [
            9.97043,
            33.55094
          ],
          [
            9.97014,
            33.55047
          ],
          [
            9.97002,
            33.55012
          ],
          [
            9.96993,
            33.54993
          ],
          [
            9.96959,
            33.54955
          ],
          [
            9.96943,
            33.54931
          ],
          [
            9.96932,
            33.54912
          ],
          [
            9.9693,
            33.54907
          ],
          [
            9.96926,
            33.54894
          ],
          [
            9.96926,
            33.54889
          ],
          [
            9.96924,
            33.54876
          ],
          [
            9.96924,
            33.54872
          ],
          [
            9.96926,
            33.54853
          ],
          [
            9.96933,
            33.54808
          ],
          [
            9.96933,
            33.54782
          ],
          [
            9.96929,
            33.54738
          ],
          [
            9.96926,
            33.54729
          ],
          [
            9.96922,
            33.54713
          ],
          [
            9.96912,
            33.54693
          ],
          [
            9.9689,
            33.54676
          ],
          [
            9.96872,
            33.54664
          ],
          [
            9.96795,
            33.5462
          ],
          [
            9.96767,
            33.54598
          ],
          [
            9.96764,
            33.5459
          ],
          [
            9.96759,
            33.54583
          ],
          [
            9.96755,
            33.54575
          ],
          [
            9.96753,
            33.5457
          ],
          [
            9.96752,
            33.54566
          ],
          [
            9.96752,
            33.54562
          ],
          [
            9.96751,
            33.54559
          ],
          [
            9.9675,
            33.54544
          ],
          [
            9.96766,
            33.54515
          ],
          [
            9.96752,
            33.54488
          ],
          [
            9.96747,
            33.54473
          ],
          [
            9.96742,
            33.54465
          ],
          [
            9.96747,
            33.54473
          ],
          [
            9.96752,
            33.54488
          ],
          [
            9.96766,
            33.54515
          ],
          [
            9.96805,
            33.54476
          ],
          [
            9.96835,
            33.54441
          ],
          [
            9.9685,
            33.54426
          ],
          [
            9.96859,
            33.5442
          ],
          [
            9.96915,
            33.54397
          ],
          [
            9.96935,
            33.54379
          ],
          [
            9.96945,
            33.54371
          ],
          [
            9.97055,
            33.54275
          ],
          [
            9.97058,
            33.54272
          ],
          [
            9.97139,
            33.54227
          ],
          [
            9.97146,
            33.54224
          ],
          [
            9.97166,
            33.5422
          ],
          [
            9.97181,
            33.5422
          ],
          [
            9.97278,
            33.54214
          ],
          [
            9.97357,
            33.54221
          ],
          [
            9.97405,
            33.54221
          ],
          [
            9.97428,
            33.5422
          ],
          [
            9.97446,
            33.54217
          ],
          [
            9.9745,
            33.54217
          ],
          [
            9.97531,
            33.54204
          ],
          [
            9.97548,
            33.54204
          ],
          [
            9.97553,
            33.54205
          ],
          [
            9.97731,
            33.54227
          ],
          [
            9.9774,
            33.54227
          ],
          [
            9.97749,
            33.54226
          ],
          [
            9.97765,
            33.54222
          ],
          [
            9.97824,
            33.54198
          ],
          [
            9.97833,
            33.54195
          ],
          [
            9.97848,
            33.54192
          ],
          [
            9.97858,
            33.54191
          ],
          [
            9.97871,
            33.54191
          ],
          [
            9.97889,
            33.54193
          ],
          [
            9.97927,
            33.54201
          ],
          [
            9.97935,
            33.54202
          ],
          [
            9.9794,
            33.54203
          ],
          [
            9.97956,
            33.54203
          ],
          [
            9.97987,
            33.54201
          ],
          [
            9.97991,
            33.54201
          ],
          [
            9.98088,
            33.54194
          ],
          [
            9.98094,
            33.54193
          ],
          [
            9.98098,
            33.54193
          ],
          [
            9.98101,
            33.54192
          ],
          [
            9.98111,
            33.5419
          ],
          [
            9.98163,
            33.54176
          ],
          [
            9.98265,
            33.54164
          ],
          [
            9.98282,
            33.54159
          ],
          [
            9.98283,
            33.54158
          ],
          [
            9.98353,
            33.54123
          ],
          [
            9.98356,
            33.54122
          ],
          [
            9.98374,
            33.54112
          ],
          [
            9.98423,
            33.54087
          ],
          [
            9.9846,
            33.54059
          ],
          [
            9.98465,
            33.54056
          ],
          [
            9.98476,
            33.54046
          ],
          [
            9.98536,
            33.53996
          ],
          [
            9.98536,
            33.53995
          ],
          [
            9.98544,
            33.53991
          ],
          [
            9.98555,
            33.53987
          ],
          [
            9.98556,
            33.53987
          ],
          [
            9.9856,
            33.53986
          ],
          [
            9.98566,
            33.53987
          ],
          [
            9.98573,
            33.53987
          ],
          [
            9.98577,
            33.53989
          ],
          [
            9.98578,
            33.53989
          ],
          [
            9.98584,
            33.53991
          ],
          [
            9.98596,
            33.53997
          ],
          [
            9.98607,
            33.54005
          ],
          [
            9.98613,
            33.54008
          ],
          [
            9.98617,
            33.54011
          ],
          [
            9.98624,
            33.54015
          ],
          [
            9.98629,
            33.54016
          ],
          [
            9.98636,
            33.54018
          ],
          [
            9.98642,
            33.54019
          ],
          [
            9.98648,
            33.54019
          ],
          [
            9.98652,
            33.54018
          ],
          [
            9.98671,
            33.54009
          ],
          [
            9.98711,
            33.53981
          ],
          [
            9.9874,
            33.53965
          ],
          [
            9.9876,
            33.53953
          ],
          [
            9.98787,
            33.53944
          ],
          [
            9.98832,
            33.53935
          ],
          [
            9.98851,
            33.5393
          ],
          [
            9.98859,
            33.53927
          ],
          [
            9.98859,
            33.53926
          ],
          [
            9.98865,
            33.53922
          ],
          [
            9.98871,
            33.53916
          ],
          [
            9.98877,
            33.53906
          ],
          [
            9.98877,
            33.53902
          ],
          [
            9.98878,
            33.53897
          ],
          [
            9.98876,
            33.53889
          ],
          [
            9.98859,
            33.53859
          ],
          [
            9.9886,
            33.53851
          ],
          [
            9.98864,
            33.5384
          ],
          [
            9.98864,
            33.53835
          ],
          [
            9.98865,
            33.5383
          ],
          [
            9.98865,
            33.53826
          ],
          [
            9.98863,
            33.53821
          ],
          [
            9.98854,
            33.53806
          ],
          [
            9.98852,
            33.53801
          ],
          [
            9.9885,
            33.53799
          ],
          [
            9.98849,
            33.53796
          ],
          [
            9.98849,
            33.53788
          ],
          [
            9.98851,
            33.53777
          ],
          [
            9.98854,
            33.53767
          ],
          [
            9.98857,
            33.53759
          ],
          [
            9.98861,
            33.53753
          ],
          [
            9.98868,
            33.53746
          ],
          [
            9.98876,
            33.53741
          ],
          [
            9.98896,
            33.53731
          ],
          [
            9.98919,
            33.53723
          ],
          [
            9.98929,
            33.5372
          ],
          [
            9.9897,
            33.53713
          ],
          [
            9.98975,
            33.53711
          ],
          [
            9.98983,
            33.53707
          ],
          [
            9.98989,
            33.53701
          ],
          [
            9.98993,
            33.53693
          ],
          [
            9.98995,
            33.5369
          ],
          [
            9.98996,
            33.53686
          ],
          [
            9.98996,
            33.53683
          ],
          [
            9.98995,
            33.53679
          ],
          [
            9.98995,
            33.53675
          ],
          [
            9.98993,
            33.53671
          ],
          [
            9.98949,
            33.53613
          ],
          [
            9.98942,
            33.536
          ],
          [
            9.9894,
            33.53592
          ],
          [
            9.9894,
            33.53577
          ],
          [
            9.98941,
            33.53569
          ],
          [
            9.98944,
            33.53562
          ],
          [
            9.98975,
            33.5352
          ],
          [
            9.98993,
            33.53499
          ],
          [
            9.99013,
            33.53485
          ],
          [
            9.99042,
            33.53475
          ],
          [
            9.99077,
            33.53461
          ],
          [
            9.99139,
            33.53408
          ],
          [
            9.99141,
            33.53405
          ],
          [
            9.99144,
            33.53397
          ],
          [
            9.99144,
            33.53389
          ],
          [
            9.99128,
            33.53322
          ],
          [
            9.99128,
            33.53316
          ],
          [
            9.99112,
            33.53296
          ],
          [
            9.99068,
            33.53262
          ],
          [
            9.99005,
            33.53233
          ],
          [
            9.98988,
            33.53221
          ],
          [
            9.98971,
            33.53202
          ],
          [
            9.98909,
            33.531
          ],
          [
            9.98903,
            33.53094
          ],
          [
            9.989,
            33.53092
          ],
          [
            9.98888,
            33.53087
          ],
          [
            9.98879,
            33.53085
          ],
          [
            9.98873,
            33.53083
          ],
          [
            9.98869,
            33.53081
          ],
          [
            9.98865,
            33.53078
          ],
          [
            9.98861,
            33.53074
          ],
          [
            9.98852,
            33.53062
          ],
          [
            9.98846,
            33.53031
          ],
          [
            9.98799,
            33.52983
          ],
          [
            9.98772,
            33.52941
          ],
          [
            9.98756,
            33.52919
          ],
          [
            9.98753,
            33.5291
          ],
          [
            9.98751,
            33.52902
          ],
          [
            9.98751,
            33.52886
          ],
          [
            9.98753,
            33.52878
          ],
          [
            9.98779,
            33.52812
          ],
          [
            9.98791,
            33.52784
          ],
          [
            9.98795,
            33.52768
          ],
          [
            9.98795,
            33.52755
          ],
          [
            9.98794,
            33.52751
          ],
          [
            9.98768,
            33.52721
          ],
          [
            9.9875,
            33.52694
          ],
          [
            9.98749,
            33.5269
          ],
          [
            9.98747,
            33.52685
          ],
          [
            9.98746,
            33.52676
          ],
          [
            9.98746,
            33.52672
          ],
          [
            9.98754,
            33.52601
          ],
          [
            9.98757,
            33.52565
          ],
          [
            9.98755,
            33.5252
          ],
          [
            9.98757,
            33.52509
          ],
          [
            9.9876,
            33.52502
          ],
          [
            9.98764,
            33.52495
          ],
          [
            9.98764,
            33.52494
          ],
          [
            9.98772,
            33.52485
          ],
          [
            9.9879,
            33.52467
          ],
          [
            9.98808,
            33.52455
          ],
          [
            9.98838,
            33.52433
          ],
          [
            9.9891,
            33.52384
          ],
          [
            9.98944,
            33.52367
          ],
          [
            9.99003,
            33.52343
          ],
          [
            9.99022,
            33.52336
          ],
          [
            9.99041,
            33.52328
          ],
          [
            9.99048,
            33.52326
          ],
          [
            9.99058,
            33.52321
          ],
          [
            9.99069,
            33.52313
          ],
          [
            9.99077,
            33.52308
          ],
          [
            9.99091,
            33.52294
          ],
          [
            9.99095,
            33.52289
          ],
          [
            9.99104,
            33.52273
          ],
          [
            9.99108,
            33.52261
          ],
          [
            9.99111,
            33.52254
          ],
          [
            9.99117,
            33.52246
          ],
          [
            9.99118,
            33.52245
          ],
          [
            9.99129,
            33.52237
          ],
          [
            9.99135,
            33.52235
          ],
          [
            9.99137,
            33.52234
          ],
          [
            9.99221,
            33.52208
          ],
          [
            9.9924,
            33.52201
          ],
          [
            9.99313,
            33.52178
          ],
          [
            9.99324,
            33.52174
          ],
          [
            9.9933,
            33.5217
          ],
          [
            9.99336,
            33.52167
          ],
          [
            9.99344,
            33.52157
          ],
          [
            9.99347,
            33.52149
          ],
          [
            9.99351,
            33.52134
          ],
          [
            9.99353,
            33.52122
          ],
          [
            9.99355,
            33.52115
          ],
          [
            9.99358,
            33.52112
          ],
          [
            9.99361,
            33.52108
          ],
          [
            9.99365,
            33.52105
          ],
          [
            9.99369,
            33.52103
          ],
          [
            9.99372,
            33.52101
          ],
          [
            9.99377,
            33.521
          ],
          [
            9.99388,
            33.521
          ],
          [
            9.99393,
            33.52101
          ],
          [
            9.99398,
            33.52104
          ],
          [
            9.99401,
            33.52108
          ],
          [
            9.99405,
            33.52111
          ],
          [
            9.99423,
            33.52133
          ],
          [
            9.99437,
            33.52153
          ],
          [
            9.99443,
            33.5216
          ],
          [
            9.99446,
            33.52163
          ],
          [
            9.99449,
            33.52165
          ],
          [
            9.99453,
            33.52169
          ],
          [
            9.99461,
            33.52175
          ],
          [
            9.99462,
            33.52175
          ],
          [
            9.99467,
            33.52178
          ],
          [
            9.99468,
            33.52179
          ],
          [
            9.99475,
            33.52182
          ],
          [
            9.99481,
            33.52184
          ],
          [
            9.99486,
            33.52185
          ],
          [
            9.99493,
            33.52185
          ],
          [
            9.995,
            33.52186
          ],
          [
            9.99524,
            33.52184
          ],
          [
            9.99595,
            33.52181
          ],
          [
            9.99599,
            33.5218
          ],
          [
            9.99608,
            33.52179
          ],
          [
            9.99614,
            33.52176
          ],
          [
            9.99615,
            33.52175
          ],
          [
            9.99624,
            33.5217
          ],
          [
            9.99629,
            33.52166
          ],
          [
            9.99633,
            33.52161
          ],
          [
            9.99638,
            33.52152
          ],
          [
            9.99649,
            33.52119
          ],
          [
            9.99656,
            33.52106
          ],
          [
            9.9966,
            33.52102
          ],
          [
            9.99664,
            33.52099
          ],
          [
            9.99664,
            33.52098
          ],
          [
            9.99668,
            33.52096
          ],
          [
            9.99677,
            33.52094
          ],
          [
            9.99687,
            33.52093
          ],
          [
            9.9973,
            33.52096
          ],
          [
            9.99736,
            33.52095
          ],
          [
            9.99746,
            33.52092
          ],
          [
            9.99818,
            33.52054
          ],
          [
            9.99824,
            33.5205
          ],
          [
            9.99832,
            33.5204
          ],
          [
            9.99885,
            33.51966
          ],
          [
            9.9989,
            33.51961
          ],
          [
            9.99896,
            33.51956
          ],
          [
            9.99902,
            33.51954
          ],
          [
            9.99907,
            33.51953
          ],
          [
            9.99908,
            33.51953
          ],
          [
            9.99914,
            33.51952
          ],
          [
            9.9993,
            33.51954
          ],
          [
            9.99956,
            33.51962
          ],
          [
            9.99965,
            33.51964
          ],
          [
            9.99969,
            33.51966
          ],
          [
            9.9997,
            33.51966
          ],
          [
            9.99985,
            33.5197
          ],
          [
            9.99993,
            33.51971
          ],
          [
            9.99999,
            33.51971
          ],
          [
            10.00007,
            33.5197
          ],
          [
            10.00018,
            33.51968
          ],
          [
            10.00023,
            33.51965
          ],
          [
            10.00037,
            33.51955
          ],
          [
            10.00056,
            33.5194
          ],
          [
            10.00058,
            33.51939
          ],
          [
            10.00071,
            33.51929
          ],
          [
            10.00088,
            33.51918
          ],
          [
            10.00097,
            33.51914
          ],
          [
            10.00117,
            33.51903
          ],
          [
            10.00129,
            33.51898
          ],
          [
            10.00223,
            33.51854
          ],
          [
            10.00259,
            33.51839
          ],
          [
            10.00266,
            33.51834
          ],
          [
            10.00272,
            33.51831
          ],
          [
            10.00282,
            33.51823
          ],
          [
            10.00283,
            33.51823
          ],
          [
            10.00289,
            33.51819
          ],
          [
            10.00294,
            33.51814
          ],
          [
            10.00295,
            33.51814
          ],
          [
            10.00299,
            33.5181
          ],
          [
            10.00307,
            33.518
          ],
          [
            10.00325,
            33.5178
          ],
          [
            10.0037,
            33.51721
          ],
          [
            10.00379,
            33.5171
          ],
          [
            10.0039,
            33.51695
          ],
          [
            10.00402,
            33.5168
          ],
          [
            10.00404,
            33.51677
          ],
          [
            10.00412,
            33.51668
          ],
          [
            10.00425,
            33.51657
          ],
          [
            10.00488,
            33.51624
          ],
          [
            10.00502,
            33.51619
          ],
          [
            10.00515,
            33.51616
          ],
          [
            10.00533,
            33.51614
          ],
          [
            10.00543,
            33.51614
          ],
          [
            10.00552,
            33.51615
          ],
          [
            10.00554,
            33.51616
          ],
          [
            10.00563,
            33.51619
          ],
          [
            10.00569,
            33.5162
          ],
          [
            10.00633,
            33.51639
          ],
          [
            10.00681,
            33.51649
          ],
          [
            10.00684,
            33.5165
          ],
          [
            10.00723,
            33.51651
          ],
          [
            10.00737,
            33.51652
          ],
          [
            10.008,
            33.51645
          ],
          [
            10.00806,
            33.51645
          ],
          [
            10.00822,
            33.51644
          ],
          [
            10.00836,
            33.51645
          ],
          [
            10.00853,
            33.51647
          ],
          [
            10.00885,
            33.51655
          ],
          [
            10.00906,
            33.51659
          ],
          [
            10.00911,
            33.51661
          ],
          [
            10.00919,
            33.51662
          ],
          [
            10.00927,
            33.51664
          ],
          [
            10.00936,
            33.51665
          ],
          [
            10.00951,
            33.51665
          ],
          [
            10.00975,
            33.5166
          ],
          [
            10.00977,
            33.51659
          ],
          [
            10.0099,
            33.51655
          ],
          [
            10.00999,
            33.51651
          ],
          [
            10.01043,
            33.51624
          ],
          [
            10.01047,
            33.51622
          ],
          [
            10.011,
            33.5159
          ],
          [
            10.01112,
            33.51582
          ],
          [
            10.01147,
            33.51561
          ],
          [
            10.0117,
            33.51546
          ],
          [
            10.01184,
            33.51538
          ],
          [
            10.01187,
            33.51537
          ],
          [
            10.01191,
            33.51534
          ],
          [
            10.01198,
            33.51527
          ],
          [
            10.01203,
            33.51521
          ],
          [
            10.01209,
            33.51509
          ],
          [
            10.01214,
            33.51495
          ],
          [
            10.01214,
            33.51494
          ],
          [
            10.01218,
            33.51461
          ],
          [
            10.01218,
            33.51459
          ],
          [
            10.01221,
            33.51433
          ],
          [
            10.01223,
            33.51426
          ],
          [
            10.01227,
            33.51421
          ],
          [
            10.01237,
            33.51411
          ],
          [
            10.01244,
            33.51407
          ],
          [
            10.01257,
            33.51401
          ],
          [
            10.01264,
            33.51401
          ],
          [
            10.01279,
            33.51404
          ],
          [
            10.0129,
            33.51408
          ],
          [
            10.01303,
            33.51415
          ],
          [
            10.01304,
            33.51416
          ],
          [
            10.01329,
            33.51432
          ],
          [
            10.01353,
            33.51446
          ],
          [
            10.01365,
            33.51454
          ],
          [
            10.01377,
            33.51461
          ],
          [
            10.01383,
            33.51462
          ],
          [
            10.01391,
            33.51464
          ],
          [
            10.01408,
            33.51464
          ],
          [
            10.01419,
            33.5146
          ],
          [
            10.01433,
            33.51453
          ],
          [
            10.01537,
            33.51379
          ],
          [
            10.01541,
            33.51373
          ],
          [
            10.01543,
            33.51368
          ],
          [
            10.01544,
            33.51363
          ],
          [
            10.01544,
            33.51355
          ],
          [
            10.01542,
            33.51345
          ],
          [
            10.01533,
            33.51328
          ],
          [
            10.01526,
            33.5132
          ],
          [
            10.01519,
            33.51314
          ],
          [
            10.01499,
            33.513
          ],
          [
            10.0149,
            33.51295
          ],
          [
            10.01486,
            33.51292
          ],
          [
            10.01482,
            33.51288
          ],
          [
            10.01479,
            33.51282
          ],
          [
            10.01478,
            33.51278
          ],
          [
            10.01478,
            33.51273
          ],
          [
            10.0148,
            33.51263
          ],
          [
            10.01483,
            33.51258
          ],
          [
            10.01485,
            33.51254
          ],
          [
            10.01514,
            33.51211
          ],
          [
            10.01518,
            33.51206
          ],
          [
            10.01527,
            33.51197
          ],
          [
            10.01533,
            33.51193
          ],
          [
            10.0154,
            33.51191
          ],
          [
            10.01543,
            33.51189
          ],
          [
            10.01577,
            33.51175
          ],
          [
            10.01585,
            33.51168
          ],
          [
            10.01588,
            33.51165
          ],
          [
            10.01596,
            33.51155
          ],
          [
            10.01597,
            33.51149
          ],
          [
            10.01599,
            33.51141
          ],
          [
            10.01596,
            33.51072
          ],
          [
            10.01595,
            33.51068
          ],
          [
            10.01595,
            33.51063
          ],
          [
            10.01593,
            33.51057
          ],
          [
            10.01589,
            33.5105
          ],
          [
            10.0158,
            33.51038
          ],
          [
            10.01574,
            33.51028
          ],
          [
            10.01568,
            33.5102
          ],
          [
            10.01564,
            33.51012
          ],
          [
            10.01559,
            33.51005
          ],
          [
            10.01557,
            33.51
          ],
          [
            10.01553,
            33.50992
          ],
          [
            10.01548,
            33.50974
          ],
          [
            10.01542,
            33.50959
          ],
          [
            10.01538,
            33.50952
          ],
          [
            10.01528,
            33.50937
          ],
          [
            10.01524,
            33.5093
          ],
          [
            10.01501,
            33.50894
          ],
          [
            10.01497,
            33.50889
          ],
          [
            10.0149,
            33.50882
          ],
          [
            10.01483,
            33.50877
          ],
          [
            10.01477,
            33.50872
          ],
          [
            10.01463,
            33.50864
          ],
          [
            10.0146,
            33.50862
          ],
          [
            10.01422,
            33.50846
          ],
          [
            10.01421,
            33.50846
          ],
          [
            10.01386,
            33.50832
          ],
          [
            10.01382,
            33.50831
          ],
          [
            10.01377,
            33.50829
          ],
          [
            10.01369,
            33.50827
          ],
          [
            10.01361,
            33.50826
          ],
          [
            10.01356,
            33.50825
          ],
          [
            10.0132,
            33.5082
          ],
          [
            10.01313,
            33.50818
          ],
          [
            10.01307,
            33.50817
          ],
          [
            10.01301,
            33.50814
          ],
          [
            10.01292,
            33.50808
          ],
          [
            10.01283,
            33.50798
          ],
          [
            10.01265,
            33.50766
          ],
          [
            10.01258,
            33.50759
          ],
          [
            10.01245,
            33.50751
          ],
          [
            10.01232,
            33.50747
          ],
          [
            10.01231,
            33.50747
          ],
          [
            10.01151,
            33.50722
          ],
          [
            10.01131,
            33.50715
          ],
          [
            10.01124,
            33.50713
          ],
          [
            10.01073,
            33.50691
          ],
          [
            10.01017,
            33.50664
          ],
          [
            10.01017,
            33.50663
          ],
          [
            10.01008,
            33.50657
          ],
          [
            10.01002,
            33.50652
          ],
          [
            10.00992,
            33.50642
          ],
          [
            10.00957,
            33.50594
          ],
          [
            10.00925,
            33.50543
          ],
          [
            10.0091,
            33.5053
          ],
          [
            10.00904,
            33.50521
          ],
          [
            10.00892,
            33.50492
          ],
          [
            10.00888,
            33.50486
          ],
          [
            10.00885,
            33.5048
          ],
          [
            10.00885,
            33.50459
          ],
          [
            10.00882,
            33.50438
          ],
          [
            10.00883,
            33.50431
          ],
          [
            10.00877,
            33.50412
          ],
          [
            10.00834,
            33.50319
          ],
          [
            10.00822,
            33.50295
          ],
          [
            10.00822,
            33.50294
          ],
          [
            10.00807,
            33.50261
          ],
          [
            10.00806,
            33.50261
          ],
          [
            10.00778,
            33.50212
          ],
          [
            10.0076,
            33.50186
          ],
          [
            10.00756,
            33.50174
          ],
          [
            10.00756,
            33.50163
          ],
          [
            10.00755,
            33.50157
          ],
          [
            10.00768,
            33.50109
          ],
          [
            10.00819,
            33.49946
          ],
          [
            10.00821,
            33.49937
          ],
          [
            10.00829,
            33.49912
          ],
          [
            10.00837,
            33.49876
          ],
          [
            10.00838,
            33.49866
          ],
          [
            10.00838,
            33.49837
          ],
          [
            10.00839,
            33.49831
          ],
          [
            10.00839,
            33.49814
          ],
          [
            10.00841,
            33.49796
          ],
          [
            10.00849,
            33.49778
          ],
          [
            10.00854,
            33.49765
          ],
          [
            10.00871,
            33.49708
          ],
          [
            10.00872,
            33.49707
          ],
          [
            10.00916,
            33.49563
          ],
          [
            10.00941,
            33.49504
          ],
          [
            10.00954,
            33.49486
          ],
          [
            10.00964,
            33.49469
          ],
          [
            10.01065,
            33.49364
          ],
          [
            10.01085,
            33.49342
          ],
          [
            10.01102,
            33.49315
          ],
          [
            10.01114,
            33.49283
          ],
          [
            10.01125,
            33.49258
          ],
          [
            10.01126,
            33.49254
          ],
          [
            10.01128,
            33.49251
          ],
          [
            10.01144,
            33.49221
          ],
          [
            10.01165,
            33.49196
          ],
          [
            10.0119,
            33.49171
          ],
          [
            10.01208,
            33.49158
          ],
          [
            10.01235,
            33.49141
          ],
          [
            10.01239,
            33.49138
          ],
          [
            10.01284,
            33.49115
          ],
          [
            10.01338,
            33.49094
          ],
          [
            10.01399,
            33.49074
          ],
          [
            10.01409,
            33.49069
          ],
          [
            10.01426,
            33.49062
          ],
          [
            10.0146,
            33.49043
          ],
          [
            10.01487,
            33.49019
          ],
          [
            10.01514,
            33.48983
          ],
          [
            10.01515,
            33.48942
          ],
          [
            10.015,
            33.48911
          ],
          [
            10.01476,
            33.48887
          ],
          [
            10.01454,
            33.48874
          ],
          [
            10.01438,
            33.48866
          ],
          [
            10.01415,
            33.48853
          ],
          [
            10.01391,
            33.48842
          ],
          [
            10.01368,
            33.4883
          ],
          [
            10.01362,
            33.48828
          ],
          [
            10.01251,
            33.48779
          ],
          [
            10.01248,
            33.48777
          ],
          [
            10.0122,
            33.48767
          ],
          [
            10.01193,
            33.48756
          ],
          [
            10.01189,
            33.48754
          ],
          [
            10.01178,
            33.4875
          ],
          [
            10.01148,
            33.48747
          ],
          [
            10.01105,
            33.48745
          ],
          [
            10.01088,
            33.4874
          ],
          [
            10.01085,
            33.48737
          ],
          [
            10.01074,
            33.48729
          ],
          [
            10.01061,
            33.48714
          ],
          [
            10.01028,
            33.48686
          ],
          [
            10.0102,
            33.48678
          ],
          [
            10.01009,
            33.48672
          ],
          [
            10.00993,
            33.48666
          ],
          [
            10.00974,
            33.48655
          ],
          [
            10.00973,
            33.48655
          ],
          [
            10.00967,
            33.48651
          ],
          [
            10.00955,
            33.48645
          ],
          [
            10.00937,
            33.48637
          ],
          [
            10.0092,
            33.48632
          ],
          [
            10.00905,
            33.48632
          ],
          [
            10.00889,
            33.48635
          ],
          [
            10.00868,
            33.48638
          ],
          [
            10.00852,
            33.48639
          ],
          [
            10.0084,
            33.48637
          ],
          [
            10.00828,
            33.48632
          ],
          [
            10.00794,
            33.48597
          ],
          [
            10.00791,
            33.48592
          ],
          [
            10.00784,
            33.48582
          ],
          [
            10.00774,
            33.48571
          ],
          [
            10.0076,
            33.4856
          ],
          [
            10.00744,
            33.48553
          ],
          [
            10.00727,
            33.48547
          ],
          [
            10.00717,
            33.48544
          ],
          [
            10.00704,
            33.48539
          ],
          [
            10.00694,
            33.48532
          ],
          [
            10.00686,
            33.48519
          ],
          [
            10.00679,
            33.48496
          ],
          [
            10.00679,
            33.48494
          ],
          [
            10.00664,
            33.48452
          ],
          [
            10.00661,
            33.48442
          ],
          [
            10.00658,
            33.48435
          ],
          [
            10.00656,
            33.48418
          ],
          [
            10.00658,
            33.484
          ],
          [
            10.00662,
            33.48385
          ],
          [
            10.00664,
            33.48374
          ],
          [
            10.00664,
            33.48363
          ],
          [
            10.00661,
            33.48354
          ],
          [
            10.0066,
            33.48347
          ],
          [
            10.00642,
            33.48325
          ],
          [
            10.00629,
            33.48311
          ],
          [
            10.00575,
            33.48277
          ],
          [
            10.00563,
            33.48273
          ],
          [
            10.00542,
            33.48271
          ],
          [
            10.00516,
            33.48265
          ],
          [
            10.005,
            33.48259
          ],
          [
            10.00495,
            33.48256
          ],
          [
            10.00483,
            33.48233
          ],
          [
            10.00476,
            33.4821
          ],
          [
            10.00462,
            33.48181
          ],
          [
            10.00452,
            33.48153
          ],
          [
            10.00445,
            33.48129
          ],
          [
            10.00428,
            33.48062
          ],
          [
            10.00413,
            33.4804
          ],
          [
            10.00393,
            33.48023
          ],
          [
            10.00369,
            33.48012
          ],
          [
            10.00365,
            33.48011
          ],
          [
            10.00309,
            33.47987
          ],
          [
            10.00294,
            33.47972
          ],
          [
            10.00291,
            33.47966
          ],
          [
            10.00285,
            33.47956
          ],
          [
            10.00283,
            33.47948
          ],
          [
            10.00282,
            33.4794
          ],
          [
            10.00283,
            33.47922
          ],
          [
            10.00288,
            33.47906
          ],
          [
            10.0029,
            33.47901
          ],
          [
            10.00291,
            33.47887
          ],
          [
            10.00292,
            33.47887
          ],
          [
            10.0029,
            33.47848
          ],
          [
            10.00288,
            33.47829
          ],
          [
            10.00281,
            33.47817
          ],
          [
            10.00263,
            33.47798
          ],
          [
            10.00251,
            33.47789
          ],
          [
            10.00107,
            33.4773
          ],
          [
            10.00063,
            33.47713
          ],
          [
            10.00054,
            33.47706
          ],
          [
            10.00036,
            33.47689
          ],
          [
            10.00057,
            33.4767
          ],
          [
            10.00247651295785,
            33.47762802453683
          ],
          [
            10.00267839577841,
            33.47714945250585
          ]
        ]
      }
    },
    {
      "type": "Feature",
      "properties": {
        "name": "Tunis",
        "type": "point"
      },
      "geometry": {
        "type": "Point",
        "coordinates": [
          10.1816339,
          36.8065165
        ]
      }
    },
    {
      "type": "Feature",
      "properties": {
        "name": "Matmata - \u2d4e\u2d30\u2d5c\u2d4e\u2d30\u2d5c\u2d30",
        "type": "point"
      },
      "geometry": {
        "type": "Point",
        "coordinates": [
          9.9674152,
          33.544654
        ]
      }
    },
    {
      "type": "Feature",
      "properties": {
        "name": "Techine",
        "type": "point"
      },
      "geometry": {
        "type": "Point",
        "coordinates": [
          10.0010183,
          33.476475
        ]
      }
    },
    {
      "type": "Feature",
      "properties": {
        "name": "  ",
        "type": "route"
      },
      "geometry": {
        "type": "LineString",
        "coordinates": [
          [
            10.00267164003041,
            33.47716460631111
          ],
          [
            10.00249861937954,
            33.47660285634599
          ],
          [
            10.00254918695233,
            33.47632291634605
          ],
          [
            10.00270941481263,
            33.47589779652333
          ]
        ]
      }
    },
    {
      "type": "Feature",
      "properties": {
        "name": "Technine Bir Zouay",
        "type": "route"
      },
      "geometry": {
        "type": "LineString",
        "coordinates": [
          [
            10.0027131212364,
            33.47590281356054
          ],
          [
            10.002932829747,
            33.47523445594062
          ],
          [
            10.00309114571824,
            33.47500154175047
          ],
          [
            10.00338158561457,
            33.47479613341591
          ],
          [
            10.00388176562036,
            33.47468425674875
          ],
          [
            10.00436740958609,
            33.47462625160628
          ],
          [
            10.00503815992602,
            33.47476082969357
          ],
          [
            10.00609925759491,
            33.47518693314143
          ],
          [
            10.00742420240335,
            33.47600359334272
          ],
          [
            10.00786959477154,
            33.47626125426515
          ],
          [
            10.0082550628173,
            33.476185396478
          ],
          [
            10.00832551549072,
            33.47588067560548
          ],
          [
            10.00792468051729,
            33.47556280200964
          ],
          [
            10.00777894189034,
            33.47515640247808
          ],
          [
            10.00800914837593,
            33.47473372499586
          ],
          [
            10.00862849250032,
            33.47461450007773
          ],
          [
            10.00923432418694,
            33.47459656505833
          ],
          [
            10.00966320257982,
            33.47425204867599
          ],
          [
            10.00950403645408,
            33.4734324551682
          ],
          [
            10.00958259309693,
            33.47300765682008
          ],
          [
            10.00974524068667,
            33.47260413307905
          ],
          [
            10.01001527629616,
            33.47228217750755
          ],
          [
            10.01024419185659,
            33.47200190052849
          ],
          [
            10.01020679107653,
            33.47167796553146
          ],
          [
            10.00778490726391,
            33.4686196508332
          ],
          [
            10.00744671679698,
            33.46790389333736
          ],
          [
            10.00816021343298,
            33.46721709628456
          ],
          [
            10.00810075550414,
            33.46615683104521
          ],
          [
            10.00703796695373,
            33.46563963677709
          ],
          [
            10.00628380469087,
            33.46332870255716
          ],
          [
            10.00679473362583,
            33.46256252696795
          ],
          [
            10.00664203241791,
            33.46139097270027
          ],
          [
            10.00615255634262,
            33.4601416271046
          ],
          [
            10.00703320835715,
            33.45925647675864
          ],
          [
            10.00875185795645,
            33.45853040964292
          ],
          [
            10.00918385523544,
            33.45785866701901
          ],
          [
            10.00921459719859,
            33.45659475284917
          ],
          [
            10.0097464023333,
            33.456235441396
          ],
          [
            10.01063109989014,
            33.45673299482444
          ],
          [
            10.01124158324778,
            33.45653229592731
          ],
          [
            10.01144857486131,
            33.45592391392788
          ],
          [
            10.01247948668116,
            33.45506851919878
          ],
          [
            10.01278110681515,
            33.45437089929782
          ],
          [
            10.01545420893019,
            33.45297059784136
          ],
          [
            10.01555819333352,
            33.45253868686216
          ],
          [
            10.01508194259761,
            33.45171990386244
          ],
          [
            10.01579400360027,
            33.4505107046129
          ],
          [
            10.01678276536971,
            33.45062762804502
          ],
          [
            10.01850585236732,
            33.45124600678506
          ],
          [
            10.01990604400599,
            33.45034603018921
          ],
          [
            10.02050178830362,
            33.44970604309697
          ],
          [
            10.02090968900352,
            33.44835606830102
          ],
          [
            10.02158485497629,
            33.44762710688371
          ],
          [
            10.0229126450771,
            33.44762285700322
          ],
          [
            10.02404512776237,
            33.44722244709622
          ],
          [
            10.02537825453654,
            33.44643944987415
          ],
          [
            10.02604330110823,
            33.44628933948926
          ],
          [
            10.02657179397438,
            33.44639145677503
          ],
          [
            10.02730847658364,
            33.44589858327437
          ],
          [
            10.0275136429459,
            33.44469354654377
          ],
          [
            10.02756643261701,
            33.44411846242933
          ],
          [
            10.02741901392436,
            33.44366737516927
          ],
          [
            10.02792294364355,
            33.44306393721082
          ],
          [
            10.02885887611608,
            33.44297864600899
          ],
          [
            10.03008240010742,
            33.4434271168273
          ],
          [
            10.03136950458536,
            33.44250308948277
          ],
          [
            10.03215321118701,
            33.44179755714229
          ],
          [
            10.03338762304896,
            33.44196232149108
          ],
          [
            10.03426171502762,
            33.44123038961862
          ],
          [
            10.03696189923103,
            33.44136862603195
          ],
          [
            10.03781153132785,
            33.44230871148461
          ],
          [
            10.03857381779046,
            33.44335073141422
          ],
          [
            10.03922450046768,
            33.44289566819625
          ],
          [
            10.04003175009236,
            33.44309081314604
          ],
          [
            10.04044132830375,
            33.44284083535953
          ],
          [
            10.03997232489834,
            33.44208786782245
          ],
          [
            10.04017100548862,
            33.44046549111412
          ],
          [
            10.03846055399979,
            33.43789647678857
          ],
          [
            10.03709049034606,
            33.4366614349313
          ],
          [
            10.03708348431687,
            33.43601542134729
          ],
          [
            10.03743364444784,
            33.43535774408005
          ],
          [
            10.03783519919937,
            33.43400869774768
          ],
          [
            10.0395860156128,
            33.43164083054182
          ],
          [
            10.03962706374801,
            33.43031331298953
          ],
          [
            10.04096500042406,
            33.42852125094925
          ],
          [
            10.04111876149829,
            33.42760783193337
          ],
          [
            10.0408708080928,
            33.42630050980915
          ],
          [
            10.03977291578895,
            33.42609439507342
          ],
          [
            10.03977247957461,
            33.42558434430231
          ],
          [
            10.04065092882043,
            33.4244481288363
          ],
          [
            10.04119774404104,
            33.42368801486968
          ],
          [
            10.04135133376242,
            33.42269283237882
          ],
          [
            10.04083909453486,
            33.42038643346562
          ],
          [
            10.04155835585914,
            33.41893209985452
          ],
          [
            10.04137309203966,
            33.41761412112844
          ],
          [
            10.04284025428261,
            33.4166909798809
          ],
          [
            10.04247924703985,
            33.41599512830468
          ],
          [
            10.04026759383362,
            33.41487823733307
          ],
          [
            10.0389509435276,
            33.41371276061363
          ],
          [
            10.03797318201982,
            33.41210302194874
          ],
          [
            10.03539667279866,
            33.41112402459783
          ],
          [
            10.03433836343838,
            33.41039077617315
          ],
          [
            10.03353912815084,
            33.40940087667221
          ],
          [
            10.03293737258357,
            33.40893889002044
          ],
          [
            10.03176160427559,
            33.40848083656253
          ],
          [
            10.03136621641356,
            33.40775836157651
          ],
          [
            10.03246803481954,
            33.40667859861901
          ],
          [
            10.03300079633977,
            33.40571954819977
          ],
          [
            10.03340992984781,
            33.40462933827482
          ],
          [
            10.03490169972767,
            33.40284305623965
          ],
          [
            10.03435037213467,
            33.40177665943619
          ],
          [
            10.03372989777604,
            33.40098992510151
          ],
          [
            10.03335077745167,
            33.3998150217525
          ],
          [
            10.03165256773386,
            33.39777460304857
          ],
          [
            10.03068160087139,
            33.39639997133889
          ],
          [
            10.03043930035789,
            33.39429872209947
          ],
          [
            10.02809827705079,
            33.39091950004758
          ],
          [
            10.02732149571004,
            33.38948264568897
          ],
          [
            10.02821943481131,
            33.38658794569231
          ],
          [
            10.0297542511876,
            33.38593575677895
          ],
          [
            10.03168623165805,
            33.38373297092124
          ],
          [
            10.03372457492742,
            33.38355362952881
          ],
          [
            10.03481801672896,
            33.38071085191233
          ],
          [
            10.03921044093918,
            33.37701830886982
          ],
          [
            10.04128279357301,
            33.37447938226715
          ],
          [
            10.04196243830391,
            33.37076497290786
          ],
          [
            10.04540699319529,
            33.36417859312326
          ],
          [
            10.048100421014,
            33.35804363281049
          ],
          [
            10.05055836839919,
            33.35448490591374
          ],
          [
            10.05321382104556,
            33.35056836438926
          ],
          [
            10.05540075605231,
            33.34808813543868
          ],
          [
            10.05685520357813,
            33.34795340409409
          ],
          [
            10.05793761018423,
            33.347085617242
          ],
          [
            10.05861592735692,
            33.34584927727913
          ],
          [
            10.06058539855817,
            33.34505158304616
          ],
          [
            10.06134733545534,
            33.34363235339114
          ],
          [
            10.06241740353483,
            33.3430584297562
          ],
          [
            10.06597129550388,
            33.34197103800691
          ],
          [
            10.06785377888925,
            33.34083565775479
          ],
          [
            10.06799268829789,
            33.33823060824699
          ],
          [
            10.06887473946315,
            33.33727502814903
          ],
          [
            10.0707203561118,
            33.33671876456453
          ],
          [
            10.07086606473105,
            33.33025749587006
          ],
          [
            10.07059886727146,
            33.32807752010152
          ],
          [
            10.07152677047451,
            33.3271385124897
          ],
          [
            10.07427583763634,
            33.3275659627832
          ],
          [
            10.07763546498448,
            33.3264293183066
          ],
          [
            10.07844720354921,
            33.3246976109695
          ],
          [
            10.08001981579627,
            33.32438062756476
          ],
          [
            10.07964639398744,
            33.32230717722561
          ],
          [
            10.08054873759375,
            33.31983391003512
          ],
          [
            10.08215716901832,
            33.3198858390232
          ],
          [
            10.08528624794621,
            33.31918142352583
          ],
          [
            10.0860432350825,
            33.31853100581907
          ],
          [
            10.08712040028783,
            33.31815828648975
          ]
        ]
      }
    },
    {
      "type": "Feature",
      "properties": {
        "name": "Bir zouay bir zouay",
        "type": "route"
      },
      "geometry": {
        "type": "LineString",
        "coordinates": [
          [
            10.08717833966291,
            33.31812158192671
          ],
          [
            10.08667931399125,
            33.31786126172599
          ],
          [
            10.08557975156694,
            33.31762956035529
          ],
          [
            10.08504247621529,
            33.31693486753608
          ],
          [
            10.08498226777142,
            33.31647360241657
          ],
          [
            10.08473368726652,
            33.31555783197141
          ],
          [
            10.08386460683887,
            33.31451423559886
          ],
          [
            10.08273622118758,
            33.31419708484763
          ],
          [
            10.08207118735441,
            33.31420639654529
          ],
          [
            10.08133994454027,
            33.31384544719236
          ],
          [
            10.08115861914819,
            33.31356898293077
          ],
          [
            10.08121502682866,
            33.31312468795958
          ],
          [
            10.08197365917744,
            33.31162473385334
          ],
          [
            10.08239083123496,
            33.31091034072708
          ],
          [
            10.08239418080958,
            33.31041136872326
          ],
          [
            10.08202125897582,
            33.31017606071039
          ],
          [
            10.08137427046276,
            33.31012069064438
          ],
          [
            10.08090521757027,
            33.31010485028817
          ],
          [
            10.08033584997246,
            33.30992701382068
          ],
          [
            10.0798183349059,
            33.30968939366285
          ],
          [
            10.07951142137603,
            33.30919620304414
          ],
          [
            10.07953746012237,
            33.30890294825876
          ],
          [
            10.08025453591318,
            33.30740364137291
          ],
          [
            10.08055559612406,
            33.30429855674541
          ],
          [
            10.08086045735066,
            33.30290907580549
          ],
          [
            10.08186632593341,
            33.30086146239032
          ],
          [
            10.08197487619369,
            33.29926640109267
          ],
          [
            10.08243923364893,
            33.29493107769178
          ],
          [
            10.08238888039443,
            33.29201169189008
          ],
          [
            10.08161735727218,
            33.29079653401962
          ],
          [
            10.07973396278407,
            33.28954734459604
          ],
          [
            10.07762416399803,
            33.28979881275975
          ],
          [
            10.07423396509369,
            33.29083391918847
          ],
          [
            10.07069229807457,
            33.2914933164047
          ],
          [
            10.06587882691555,
            33.28882739006656
          ],
          [
            10.05946502089972,
            33.28512958856944
          ],
          [
            10.05595814530064,
            33.28336050632537
          ],
          [
            10.05497417966433,
            33.28147911205798
          ],
          [
            10.05491754435058,
            33.27923621117414
          ],
          [
            10.05723196434185,
            33.27246901017692
          ],
          [
            10.05683276922729,
            33.27119029519145
          ],
          [
            10.0558650738734,
            33.2701309517055
          ],
          [
            10.05601842958927,
            33.26901292733455
          ],
          [
            10.05682022625631,
            33.26743855137997
          ]
        ]
      }
    },
    {
      "type": "Feature",
      "properties": {
        "name": "Bir Zouay bir Soltan",
        "type": "route"
      },
      "geometry": {
        "type": "LineString",
        "coordinates": [
          [
            10.05675577178726,
            33.26748553896152
          ],
          [
            10.05072402303094,
            33.26691113283709
          ],
          [
            10.04786599238861,
            33.26723849489898
          ],
          [
            10.04684642646229,
            33.26699663725906
          ],
          [
            10.04442831923965,
            33.26734110603755
          ],
          [
            10.03940125981222,
            33.26746575196213
          ],
          [
            10.03342144417184,
            33.26579458882384
          ],
          [
            10.02764077422786,
            33.26477157307261
          ],
          [
            10.02122990749628,
            33.26478428207842
          ],
          [
            10.01524438357488,
            33.26386314007995
          ],
          [
            10.00085992340663,
            33.26332591704091
          ],
          [
            9.996940120693711,
            33.26274678273973
          ],
          [
            9.988766177452089,
            33.26142123916309
          ],
          [
            9.980358201209947,
            33.26081351566749
          ],
          [
            9.978832810224903,
            33.26015094658753
          ],
          [
            9.977301550836614,
            33.25874398858915
          ],
          [
            9.975688697580644,
            33.25782376854353
          ],
          [
            9.962575558834509,
            33.24780654746767
          ],
          [
            9.958997734455844,
            33.24436091779302
          ],
          [
            9.947730277884041,
            33.23702190975057
          ],
          [
            9.941062535537666,
            33.23142783202847
          ],
          [
            9.939173008707286,
            33.22996539527239
          ],
          [
            9.936590720954078,
            33.22869190826373
          ],
          [
            9.933850722810082,
            33.22775459018531
          ],
          [
            9.928046876956888,
            33.22712990761487
          ],
          [
            9.921475715243124,
            33.22977329123511
          ],
          [
            9.896840960775538,
            33.24006490568054
          ],
          [
            9.885846041518674,
            33.24267411097333
          ],
          [
            9.870589626266504,
            33.2468214102874
          ],
          [
            9.862961133315476,
            33.25051560887964
          ],
          [
            9.856249850769514,
            33.25177639849056
          ],
          [
            9.83453800410876,
            33.25727340395749
          ],
          [
            9.824682160264206,
            33.25888788477264
          ],
          [
            9.821534286149713,
            33.25977052362587
          ],
          [
            9.809610307729166,
            33.26394965794437
          ],
          [
            9.80443549217724,
            33.26501420023111
          ],
          [
            9.799986771629873,
            33.2667767482561
          ],
          [
            9.79125133890836,
            33.26976089562628
          ],
          [
            9.783515300924252,
            33.27112314240134
          ],
          [
            9.768257940139911,
            33.27345491976828
          ],
          [
            9.76457882979809,
            33.27424832241035
          ],
          [
            9.762114648982472,
            33.27548563028174
          ],
          [
            9.754679189619518,
            33.27737565408598
          ],
          [
            9.746205932185244,
            33.27931845132929
          ],
          [
            9.743880534184346,
            33.27996398950997
          ],
          [
            9.735853838151629,
            33.28432376143979
          ]
        ]
      }
    },
    {
      "type": "Feature",
      "properties": {
        "name": "Bir soltan Ksar Ghilen",
        "type": "route"
      },
      "geometry": {
        "type": "LineString",
        "coordinates": [
          [
            9.735969306153029,
            33.28443974272568
          ],
          [
            9.737697087328062,
            33.27478381886959
          ],
          [
            9.740735759347308,
            33.25897146496236
          ],
          [
            9.741757922327945,
            33.25186727815736
          ],
          [
            9.742225163087287,
            33.24888557653396
          ],
          [
            9.751449271304491,
            33.20264825680078
          ],
          [
            9.755218702358802,
            33.1853697963062
          ],
          [
            9.760130595188235,
            33.15882010245522
          ],
          [
            9.760489810919594,
            33.15480602917449
          ],
          [
            9.760051002128971,
            33.15309584119601
          ],
          [
            9.761537505727564,
            33.14810932893339
          ],
          [
            9.762570020355462,
            33.14510036245436
          ],
          [
            9.763090614163023,
            33.14097960196182
          ],
          [
            9.763563845878098,
            33.13364282793708
          ],
          [
            9.765444356534891,
            33.12752764308594
          ],
          [
            9.76537035891296,
            33.12473622595201
          ],
          [
            9.768176330069009,
            33.11417037228193
          ],
          [
            9.770168841004654,
            33.10589675602693
          ],
          [
            9.769353539036816,
            33.09845200360678
          ],
          [
            9.769751632383564,
            33.09750677183177
          ],
          [
            9.775146038181097,
            33.07752170078802
          ],
          [
            9.77805807678537,
            33.04155019371027
          ],
          [
            9.769140628010007,
            33.04240850635261
          ],
          [
            9.766132690169641,
            33.04230437727249
          ],
          [
            9.76243220307775,
            33.04146192203417
          ],
          [
            9.759879988200012,
            33.04008817322903
          ],
          [
            9.755982497478433,
            33.0372930070759
          ],
          [
            9.75299919183545,
            33.03512428468421
          ],
          [
            9.747734838970679,
            33.03314979647868
          ],
          [
            9.734781150577284,
            33.02877605062628
          ],
          [
            9.732273921098871,
            33.02735392085473
          ],
          [
            9.729013211453818,
            33.0250454106589
          ],
          [
            9.722607468636495,
            33.02049031103061
          ],
          [
            9.704160136939892,
            33.00746294692917
          ],
          [
            9.703170502801715,
            33.00677947063457
          ],
          [
            9.697241279790205,
            33.00265229060585
          ],
          [
            9.694743361410564,
            33.00126437348022
          ],
          [
            9.686122021488139,
            32.99944822190388
          ],
          [
            9.67887647662845,
            32.99802654680096
          ],
          [
            9.672792976425837,
            32.99542378560775
          ],
          [
            9.668334216012314,
            32.99331066770335
          ],
          [
            9.66083318107217,
            32.98766321578824
          ],
          [
            9.657550387294576,
            32.98522752536721
          ],
          [
            9.65082502447261,
            32.98232735415162
          ],
          [
            9.64620731300087,
            32.97778195487242
          ],
          [
            9.64281077529412,
            32.97938534310843
          ],
          [
            9.640862966824304,
            32.98108326663269
          ]
        ]
      }
    },
    {
      "type": "Feature",
      "properties": {
        "name": "Directions from Ksar Ghilane to Tunis",
        "type": "route"
      },
      "geometry": {
        "type": "LineString",
        "coordinates": [
          [
            9.62982,
            32.99319
          ],
          [
            9.63831,
            32.99011
          ],
          [
            9.63945,
            32.98973
          ],
          [
            9.6397,
            32.98971
          ],
          [
            9.64077,
            32.98974
          ],
          [
            9.6412,
            32.98974
          ],
          [
            9.64463,
            32.98982
          ],
          [
            9.64505,
            32.98982
          ],
          [
            9.6461,
            32.98985
          ],
          [
            9.64628,
            32.98982
          ],
          [
            9.64635,
            32.98979
          ],
          [
            9.64645,
            32.98974
          ],
          [
            9.64821,
            32.9882
          ],
          [
            9.64872,
            32.98734
          ],
          [
            9.64881,
            32.98725
          ],
          [
            9.64886,
            32.98723
          ],
          [
            9.65062,
            32.98676
          ],
          [
            9.6507,
            32.9867
          ],
          [
            9.6538,
            32.98371
          ],
          [
            9.65514,
            32.98427
          ],
          [
            9.65518,
            32.98428
          ],
          [
            9.65665,
            32.98489
          ],
          [
            9.65686,
            32.985
          ],
          [
            9.65717,
            32.98514
          ],
          [
            9.6576,
            32.98536
          ],
          [
            9.6576,
            32.98537
          ],
          [
            9.65777,
            32.98547
          ],
          [
            9.65801,
            32.9856
          ],
          [
            9.65847,
            32.98589
          ],
          [
            9.65932,
            32.9865
          ],
          [
            9.66622,
            32.99175
          ],
          [
            9.66628,
            32.99179
          ],
          [
            9.66687,
            32.99224
          ],
          [
            9.66724,
            32.9925
          ],
          [
            9.6673,
            32.99255
          ],
          [
            9.66825,
            32.99317
          ],
          [
            9.66925,
            32.99374
          ],
          [
            9.67542,
            32.99661
          ],
          [
            9.67616,
            32.99694
          ],
          [
            9.67679,
            32.9972
          ],
          [
            9.67725,
            32.99735
          ],
          [
            9.67799,
            32.99761
          ],
          [
            9.67863,
            32.99781
          ],
          [
            9.67986,
            32.99813
          ],
          [
            9.69009,
            33.0002
          ],
          [
            9.69029,
            33.00025
          ],
          [
            9.69191,
            33.00057
          ],
          [
            9.69254,
            33.00072
          ],
          [
            9.69322,
            33.0009
          ],
          [
            9.69402,
            33.00116
          ],
          [
            9.69458,
            33.00137
          ],
          [
            9.69497,
            33.00153
          ],
          [
            9.69503,
            33.00156
          ],
          [
            9.69548,
            33.00175
          ],
          [
            9.69554,
            33.00178
          ],
          [
            9.69573,
            33.00186
          ],
          [
            9.69592,
            33.00195
          ],
          [
            9.69686,
            33.00243
          ],
          [
            9.69753,
            33.00284
          ],
          [
            9.69787,
            33.00306
          ],
          [
            9.70443,
            33.00769
          ],
          [
            9.70459,
            33.00781
          ],
          [
            9.70787,
            33.01013
          ],
          [
            9.70804,
            33.01024
          ],
          [
            9.71296,
            33.01372
          ],
          [
            9.71312,
            33.01384
          ],
          [
            9.72247,
            33.02045
          ],
          [
            9.72263,
            33.02057
          ],
          [
            9.72591,
            33.02288
          ],
          [
            9.72607,
            33.023
          ],
          [
            9.73083,
            33.02636
          ],
          [
            9.73099,
            33.02648
          ],
          [
            9.73116,
            33.02659
          ],
          [
            9.73181,
            33.02706
          ],
          [
            9.73235,
            33.0274
          ],
          [
            9.73379,
            33.02822
          ],
          [
            9.73442,
            33.02853
          ],
          [
            9.73495,
            33.02877
          ],
          [
            9.73545,
            33.02895
          ],
          [
            9.73595,
            33.02915
          ],
          [
            9.74074,
            33.03081
          ],
          [
            9.74079,
            33.03082
          ],
          [
            9.74454,
            33.03213
          ],
          [
            9.74473,
            33.03219
          ],
          [
            9.74949,
            33.03385
          ],
          [
            9.74989,
            33.03398
          ],
          [
            9.74991,
            33.03399
          ],
          [
            9.75078,
            33.03431
          ],
          [
            9.75164,
            33.03465
          ],
          [
            9.75271,
            33.03515
          ],
          [
            9.75312,
            33.03539
          ],
          [
            9.7536,
            33.03565
          ],
          [
            9.75383,
            33.03579
          ],
          [
            9.75484,
            33.03646
          ],
          [
            9.75645,
            33.03761
          ],
          [
            9.75744,
            33.03835
          ],
          [
            9.75875,
            33.03927
          ],
          [
            9.75986,
            33.04008
          ],
          [
            9.75988,
            33.0401
          ],
          [
            9.76048,
            33.04048
          ],
          [
            9.76075,
            33.04063
          ],
          [
            9.76108,
            33.0408
          ],
          [
            9.76112,
            33.04081
          ],
          [
            9.76178,
            33.04112
          ],
          [
            9.76244,
            33.04139
          ],
          [
            9.76313,
            33.04163
          ],
          [
            9.76406,
            33.04189
          ],
          [
            9.76422,
            33.04194
          ],
          [
            9.76473,
            33.04206
          ],
          [
            9.76534,
            33.04218
          ],
          [
            9.76662,
            33.04237
          ],
          [
            9.76771,
            33.04244
          ],
          [
            9.76879,
            33.04242
          ],
          [
            9.77037,
            33.04229
          ],
          [
            9.77042,
            33.04229
          ],
          [
            9.77087,
            33.04226
          ],
          [
            9.778,
            33.04162
          ],
          [
            9.77801,
            33.04204
          ],
          [
            9.77793,
            33.04384
          ],
          [
            9.77777,
            33.04548
          ],
          [
            9.77757,
            33.04717
          ],
          [
            9.77754,
            33.04736
          ],
          [
            9.77748,
            33.04788
          ],
          [
            9.77748,
            33.04792
          ],
          [
            9.77737,
            33.04879
          ],
          [
            9.77723,
            33.04966
          ],
          [
            9.77712,
            33.05068
          ],
          [
            9.77702,
            33.05146
          ],
          [
            9.77702,
            33.05147
          ],
          [
            9.7767,
            33.0539
          ],
          [
            9.77651,
            33.05555
          ],
          [
            9.7763,
            33.05682
          ],
          [
            9.77586,
            33.05912
          ],
          [
            9.77585,
            33.05913
          ],
          [
            9.77582,
            33.05932
          ],
          [
            9.77558,
            33.06056
          ],
          [
            9.77558,
            33.06058
          ],
          [
            9.7755,
            33.06093
          ],
          [
            9.77539,
            33.06166
          ],
          [
            9.77529,
            33.06307
          ],
          [
            9.77513,
            33.06464
          ],
          [
            9.77508,
            33.06538
          ],
          [
            9.77507,
            33.0669
          ],
          [
            9.77511,
            33.06786
          ],
          [
            9.77521,
            33.0688
          ],
          [
            9.7754,
            33.07017
          ],
          [
            9.77547,
            33.07083
          ],
          [
            9.77553,
            33.07167
          ],
          [
            9.77556,
            33.07301
          ],
          [
            9.77555,
            33.07432
          ],
          [
            9.77552,
            33.07539
          ],
          [
            9.77548,
            33.07596
          ],
          [
            9.77548,
            33.07599
          ],
          [
            9.77544,
            33.07658
          ],
          [
            9.77539,
            33.07706
          ],
          [
            9.77538,
            33.0771
          ],
          [
            9.77518,
            33.07826
          ],
          [
            9.77505,
            33.07933
          ],
          [
            9.77491,
            33.08016
          ],
          [
            9.77465,
            33.08151
          ],
          [
            9.77464,
            33.08154
          ],
          [
            9.77442,
            33.08259
          ],
          [
            9.7739,
            33.08481
          ],
          [
            9.77361,
            33.08615
          ],
          [
            9.77341,
            33.087
          ],
          [
            9.7734,
            33.08708
          ],
          [
            9.77338,
            33.08717
          ],
          [
            9.77337,
            33.08718
          ],
          [
            9.77265,
            33.0901
          ],
          [
            9.77258,
            33.09047
          ],
          [
            9.77252,
            33.09107
          ],
          [
            9.77248,
            33.09133
          ],
          [
            9.77223,
            33.09212
          ],
          [
            9.77221,
            33.09215
          ],
          [
            9.77201,
            33.09263
          ],
          [
            9.77163,
            33.09339
          ],
          [
            9.7713,
            33.09398
          ],
          [
            9.77085,
            33.09488
          ],
          [
            9.77067,
            33.0952
          ],
          [
            9.77048,
            33.09558
          ],
          [
            9.77019,
            33.09626
          ],
          [
            9.77019,
            33.09627
          ],
          [
            9.76999,
            33.09675
          ],
          [
            9.76981,
            33.09729
          ],
          [
            9.76973,
            33.09766
          ],
          [
            9.76972,
            33.09768
          ],
          [
            9.7697,
            33.09781
          ],
          [
            9.76969,
            33.09798
          ],
          [
            9.76968,
            33.09871
          ],
          [
            9.76971,
            33.10076
          ],
          [
            9.7697,
            33.10127
          ],
          [
            9.76972,
            33.10178
          ],
          [
            9.7698,
            33.1054
          ],
          [
            9.76986,
            33.10605
          ],
          [
            9.76986,
            33.10645
          ],
          [
            9.76985,
            33.10655
          ],
          [
            9.76977,
            33.10708
          ],
          [
            9.76971,
            33.10736
          ],
          [
            9.76968,
            33.10753
          ],
          [
            9.7696,
            33.10788
          ],
          [
            9.7696,
            33.10789
          ],
          [
            9.76928,
            33.10926
          ],
          [
            9.76924,
            33.10948
          ],
          [
            9.7692,
            33.10964
          ],
          [
            9.7692,
            33.10965
          ],
          [
            9.76912,
            33.10997
          ],
          [
            9.76892,
            33.11123
          ],
          [
            9.76884,
            33.11166
          ],
          [
            9.76866,
            33.1123
          ],
          [
            9.7686,
            33.11247
          ],
          [
            9.76849,
            33.11285
          ],
          [
            9.76837,
            33.11334
          ],
          [
            9.76831,
            33.11364
          ],
          [
            9.76806,
            33.11567
          ],
          [
            9.76806,
            33.11569
          ],
          [
            9.76801,
            33.11614
          ],
          [
            9.76789,
            33.11697
          ],
          [
            9.76786,
            33.11711
          ],
          [
            9.76774,
            33.11781
          ],
          [
            9.76774,
            33.11783
          ],
          [
            9.76763,
            33.11849
          ],
          [
            9.76738,
            33.11971
          ],
          [
            9.7671,
            33.12095
          ],
          [
            9.76694,
            33.12154
          ],
          [
            9.76691,
            33.12167
          ],
          [
            9.76679,
            33.12198
          ],
          [
            9.7661,
            33.12342
          ],
          [
            9.76568,
            33.12438
          ],
          [
            9.76543,
            33.12511
          ],
          [
            9.76537,
            33.12535
          ],
          [
            9.76535,
            33.12547
          ],
          [
            9.76534,
            33.12561
          ],
          [
            9.76543,
            33.12698
          ],
          [
            9.76544,
            33.12707
          ],
          [
            9.76547,
            33.12778
          ],
          [
            9.76547,
            33.12796
          ],
          [
            9.76544,
            33.12843
          ],
          [
            9.76543,
            33.12849
          ],
          [
            9.76539,
            33.12866
          ],
          [
            9.76531,
            33.12894
          ],
          [
            9.76478,
            33.13011
          ],
          [
            9.76416,
            33.13198
          ],
          [
            9.76391,
            33.13281
          ],
          [
            9.76377,
            33.13375
          ],
          [
            9.76373,
            33.13425
          ],
          [
            9.7637,
            33.13482
          ],
          [
            9.76367,
            33.13577
          ],
          [
            9.76368,
            33.13592
          ],
          [
            9.76368,
            33.1361
          ],
          [
            9.76372,
            33.13684
          ],
          [
            9.76369,
            33.13715
          ],
          [
            9.76358,
            33.1375
          ],
          [
            9.76315,
            33.13874
          ],
          [
            9.76306,
            33.13909
          ],
          [
            9.76302,
            33.13947
          ],
          [
            9.76299,
            33.13999
          ],
          [
            9.763,
            33.1403
          ],
          [
            9.76297,
            33.14136
          ],
          [
            9.76292,
            33.14206
          ],
          [
            9.76289,
            33.14222
          ],
          [
            9.76279,
            33.14296
          ],
          [
            9.76268,
            33.14423
          ],
          [
            9.76267,
            33.14429
          ],
          [
            9.76254,
            33.14544
          ],
          [
            9.76251,
            33.14563
          ],
          [
            9.76225,
            33.1465
          ],
          [
            9.76181,
            33.14765
          ],
          [
            9.76158,
            33.14814
          ],
          [
            9.76114,
            33.14916
          ],
          [
            9.76111,
            33.14925
          ],
          [
            9.7609,
            33.14979
          ],
          [
            9.7607,
            33.15049
          ],
          [
            9.76039,
            33.15172
          ],
          [
            9.76039,
            33.15174
          ],
          [
            9.76016,
            33.15291
          ],
          [
            9.76006,
            33.15327
          ],
          [
            9.75999,
            33.15356
          ],
          [
            9.76001,
            33.15364
          ],
          [
            9.76003,
            33.15382
          ],
          [
            9.76022,
            33.15437
          ],
          [
            9.76034,
            33.15483
          ],
          [
            9.7604,
            33.15517
          ],
          [
            9.76039,
            33.15542
          ],
          [
            9.76028,
            33.15586
          ],
          [
            9.76012,
            33.15668
          ],
          [
            9.76011,
            33.15687
          ],
          [
            9.7599,
            33.15878
          ],
          [
            9.75984,
            33.15957
          ],
          [
            9.75984,
            33.15962
          ],
          [
            9.75979,
            33.16024
          ],
          [
            9.75975,
            33.16051
          ],
          [
            9.75971,
            33.16085
          ],
          [
            9.75971,
            33.16087
          ],
          [
            9.75945,
            33.16229
          ],
          [
            9.75944,
            33.16231
          ],
          [
            9.75885,
            33.16532
          ],
          [
            9.75876,
            33.16585
          ],
          [
            9.75839,
            33.16758
          ],
          [
            9.75832,
            33.16786
          ],
          [
            9.75819,
            33.16818
          ],
          [
            9.75809,
            33.16836
          ],
          [
            9.75798,
            33.16852
          ],
          [
            9.75775,
            33.1688
          ],
          [
            9.75756,
            33.16908
          ],
          [
            9.75739,
            33.16936
          ],
          [
            9.75726,
            33.16975
          ],
          [
            9.75719,
            33.17003
          ],
          [
            9.75713,
            33.17051
          ],
          [
            9.7571,
            33.17086
          ],
          [
            9.7571,
            33.17143
          ],
          [
            9.75705,
            33.17183
          ],
          [
            9.75703,
            33.17188
          ],
          [
            9.75697,
            33.17224
          ],
          [
            9.75686,
            33.17278
          ],
          [
            9.75675,
            33.17372
          ],
          [
            9.75675,
            33.17506
          ],
          [
            9.75673,
            33.17544
          ],
          [
            9.75653,
            33.17677
          ],
          [
            9.75638,
            33.17749
          ],
          [
            9.7563,
            33.17777
          ],
          [
            9.75628,
            33.17786
          ],
          [
            9.75624,
            33.17795
          ],
          [
            9.75603,
            33.17853
          ],
          [
            9.75562,
            33.17955
          ],
          [
            9.75558,
            33.17971
          ],
          [
            9.75536,
            33.18087
          ],
          [
            9.75536,
            33.18117
          ],
          [
            9.75546,
            33.18223
          ],
          [
            9.75547,
            33.18246
          ],
          [
            9.75543,
            33.18293
          ],
          [
            9.75434,
            33.18859
          ],
          [
            9.75361,
            33.19259
          ],
          [
            9.75206,
            33.2005
          ],
          [
            9.75198,
            33.20071
          ],
          [
            9.7519,
            33.20096
          ],
          [
            9.75173,
            33.2013
          ],
          [
            9.75137,
            33.20188
          ],
          [
            9.7513,
            33.20202
          ],
          [
            9.75121,
            33.20229
          ],
          [
            9.75114,
            33.20254
          ],
          [
            9.75114,
            33.20256
          ],
          [
            9.75108,
            33.20308
          ],
          [
            9.75107,
            33.20344
          ],
          [
            9.75109,
            33.20377
          ],
          [
            9.75107,
            33.2044
          ],
          [
            9.75095,
            33.20495
          ],
          [
            9.75093,
            33.20516
          ],
          [
            9.75079,
            33.20602
          ],
          [
            9.75027,
            33.20859
          ],
          [
            9.75004,
            33.20963
          ],
          [
            9.74975,
            33.21106
          ],
          [
            9.74953,
            33.21235
          ],
          [
            9.74935,
            33.21325
          ],
          [
            9.74933,
            33.21333
          ],
          [
            9.7492,
            33.21418
          ],
          [
            9.74871,
            33.21671
          ],
          [
            9.74841,
            33.21806
          ],
          [
            9.74791,
            33.21966
          ],
          [
            9.74735,
            33.22191
          ],
          [
            9.74719,
            33.22266
          ],
          [
            9.74703,
            33.22372
          ],
          [
            9.74683,
            33.22484
          ],
          [
            9.74644,
            33.22684
          ],
          [
            9.74622,
            33.22807
          ],
          [
            9.74589,
            33.23022
          ],
          [
            9.74566,
            33.23135
          ],
          [
            9.74564,
            33.23148
          ],
          [
            9.7449,
            33.2351
          ],
          [
            9.7448,
            33.23567
          ],
          [
            9.7445,
            33.23715
          ],
          [
            9.74434,
            33.23804
          ],
          [
            9.74434,
            33.23817
          ],
          [
            9.74433,
            33.23835
          ],
          [
            9.74433,
            33.23859
          ],
          [
            9.74437,
            33.23879
          ],
          [
            9.74441,
            33.23893
          ],
          [
            9.74448,
            33.23936
          ],
          [
            9.74447,
            33.23971
          ],
          [
            9.74443,
            33.24001
          ],
          [
            9.74434,
            33.24043
          ],
          [
            9.74424,
            33.24076
          ],
          [
            9.74419,
            33.24085
          ],
          [
            9.74413,
            33.241
          ],
          [
            9.74384,
            33.24157
          ],
          [
            9.74361,
            33.24206
          ],
          [
            9.74335,
            33.24288
          ],
          [
            9.74326,
            33.24321
          ],
          [
            9.74303,
            33.24446
          ],
          [
            9.74303,
            33.24448
          ],
          [
            9.7428,
            33.2457
          ],
          [
            9.74278,
            33.24583
          ],
          [
            9.7427,
            33.24624
          ],
          [
            9.7427,
            33.24626
          ],
          [
            9.74256,
            33.24713
          ],
          [
            9.74209,
            33.25055
          ],
          [
            9.74187,
            33.25175
          ],
          [
            9.74179,
            33.25232
          ],
          [
            9.74175,
            33.25288
          ],
          [
            9.74174,
            33.25361
          ],
          [
            9.74171,
            33.25397
          ],
          [
            9.74151,
            33.25517
          ],
          [
            9.7415,
            33.25519
          ],
          [
            9.74101,
            33.25783
          ],
          [
            9.74092,
            33.25818
          ],
          [
            9.74061,
            33.25995
          ],
          [
            9.74046,
            33.26069
          ],
          [
            9.7404,
            33.26103
          ],
          [
            9.74039,
            33.26105
          ],
          [
            9.73972,
            33.26443
          ],
          [
            9.73913,
            33.26771
          ],
          [
            9.73894,
            33.26866
          ],
          [
            9.73893,
            33.26869
          ],
          [
            9.7377,
            33.27506
          ],
          [
            9.7377,
            33.27508
          ],
          [
            9.73766,
            33.27525
          ],
          [
            9.73763,
            33.27543
          ],
          [
            9.73663,
            33.28056
          ],
          [
            9.73663,
            33.28058
          ],
          [
            9.73656,
            33.28094
          ],
          [
            9.73652,
            33.28111
          ],
          [
            9.73609,
            33.28334
          ],
          [
            9.73585,
            33.2843
          ],
          [
            9.73547,
            33.28656
          ],
          [
            9.73366,
            33.29591
          ],
          [
            9.7335,
            33.2968
          ],
          [
            9.73198,
            33.30443
          ],
          [
            9.73195,
            33.30461
          ],
          [
            9.73195,
            33.30462
          ],
          [
            9.73182,
            33.30504
          ],
          [
            9.73167,
            33.30545
          ],
          [
            9.73137,
            33.30614
          ],
          [
            9.73119,
            33.30671
          ],
          [
            9.73116,
            33.30685
          ],
          [
            9.73108,
            33.3071
          ],
          [
            9.73096,
            33.30755
          ],
          [
            9.7309,
            33.30775
          ],
          [
            9.73074,
            33.30855
          ],
          [
            9.73057,
            33.30954
          ],
          [
            9.73051,
            33.30998
          ],
          [
            9.73031,
            33.31117
          ],
          [
            9.73004,
            33.31238
          ],
          [
            9.72987,
            33.31328
          ],
          [
            9.72975,
            33.31439
          ],
          [
            9.72973,
            33.31448
          ],
          [
            9.72954,
            33.3157
          ],
          [
            9.72953,
            33.31573
          ],
          [
            9.72914,
            33.31786
          ],
          [
            9.7289,
            33.31903
          ],
          [
            9.72874,
            33.31941
          ],
          [
            9.72833,
            33.32056
          ],
          [
            9.72826,
            33.32081
          ],
          [
            9.72823,
            33.32107
          ],
          [
            9.72823,
            33.322
          ],
          [
            9.72816,
            33.32255
          ],
          [
            9.72798,
            33.32339
          ],
          [
            9.72762,
            33.32521
          ],
          [
            9.7276,
            33.32536
          ],
          [
            9.72743,
            33.32626
          ],
          [
            9.72691,
            33.32811
          ],
          [
            9.72672,
            33.32903
          ],
          [
            9.72618,
            33.33226
          ],
          [
            9.72587,
            33.33467
          ],
          [
            9.72582,
            33.33488
          ],
          [
            9.72571,
            33.33528
          ],
          [
            9.72536,
            33.33595
          ],
          [
            9.72528,
            33.33617
          ],
          [
            9.72525,
            33.33622
          ],
          [
            9.72517,
            33.33642
          ],
          [
            9.72513,
            33.33657
          ],
          [
            9.7251,
            33.33672
          ],
          [
            9.72509,
            33.33675
          ],
          [
            9.72507,
            33.33692
          ],
          [
            9.72507,
            33.33716
          ],
          [
            9.72512,
            33.33766
          ],
          [
            9.72512,
            33.3379
          ],
          [
            9.72511,
            33.33816
          ],
          [
            9.72506,
            33.33866
          ],
          [
            9.725,
            33.33908
          ],
          [
            9.72497,
            33.33922
          ],
          [
            9.72485,
            33.33997
          ],
          [
            9.72483,
            33.34013
          ],
          [
            9.72465,
            33.34084
          ],
          [
            9.72411,
            33.34314
          ],
          [
            9.72392,
            33.34403
          ],
          [
            9.72391,
            33.34405
          ],
          [
            9.72385,
            33.34438
          ],
          [
            9.72381,
            33.34474
          ],
          [
            9.7238,
            33.34498
          ],
          [
            9.72389,
            33.34602
          ],
          [
            9.72389,
            33.34648
          ],
          [
            9.72387,
            33.34654
          ],
          [
            9.72263,
            33.35293
          ],
          [
            9.72254,
            33.35335
          ],
          [
            9.72221,
            33.35506
          ],
          [
            9.72218,
            33.35518
          ],
          [
            9.72162,
            33.35808
          ],
          [
            9.72158,
            33.35825
          ],
          [
            9.72155,
            33.35843
          ],
          [
            9.72151,
            33.35861
          ],
          [
            9.71979,
            33.36748
          ],
          [
            9.71975,
            33.36766
          ],
          [
            9.71954,
            33.36878
          ],
          [
            9.71811,
            33.37527
          ],
          [
            9.71804,
            33.37563
          ],
          [
            9.71729,
            33.37899
          ],
          [
            9.71726,
            33.37917
          ],
          [
            9.7164,
            33.38324
          ],
          [
            9.71637,
            33.38336
          ],
          [
            9.7161,
            33.38466
          ],
          [
            9.71322,
            33.39742
          ],
          [
            9.7132,
            33.39756
          ],
          [
            9.71286,
            33.39942
          ],
          [
            9.71243,
            33.40128
          ],
          [
            9.7117,
            33.40475
          ],
          [
            9.71058,
            33.40975
          ],
          [
            9.70933,
            33.41599
          ],
          [
            9.70933,
            33.41601
          ],
          [
            9.70705,
            33.42759
          ],
          [
            9.70704,
            33.42766
          ],
          [
            9.70596,
            33.43316
          ],
          [
            9.70589,
            33.43356
          ],
          [
            9.70585,
            33.43374
          ],
          [
            9.70567,
            33.43468
          ],
          [
            9.7054,
            33.43595
          ],
          [
            9.70433,
            33.44172
          ],
          [
            9.70418,
            33.44261
          ],
          [
            9.70378,
            33.44475
          ],
          [
            9.70373,
            33.44507
          ],
          [
            9.70372,
            33.44511
          ],
          [
            9.70288,
            33.44964
          ],
          [
            9.70288,
            33.44967
          ],
          [
            9.70287,
            33.44973
          ],
          [
            9.70283,
            33.44991
          ],
          [
            9.70027,
            33.46382
          ],
          [
            9.69998,
            33.46496
          ],
          [
            9.69994,
            33.46509
          ],
          [
            9.6998,
            33.46567
          ],
          [
            9.69936,
            33.46729
          ],
          [
            9.6992,
            33.468
          ],
          [
            9.69913,
            33.46868
          ],
          [
            9.69911,
            33.46911
          ],
          [
            9.69895,
            33.47069
          ],
          [
            9.69853,
            33.47309
          ],
          [
            9.69852,
            33.47313
          ],
          [
            9.69657,
            33.48394
          ],
          [
            9.69649,
            33.48434
          ],
          [
            9.69647,
            33.48447
          ],
          [
            9.6964,
            33.48481
          ],
          [
            9.69606,
            33.48683
          ],
          [
            9.69474,
            33.4939
          ],
          [
            9.69442,
            33.49572
          ],
          [
            9.69438,
            33.4959
          ],
          [
            9.69387,
            33.49882
          ],
          [
            9.69337,
            33.50098
          ],
          [
            9.69336,
            33.50104
          ],
          [
            9.69331,
            33.50122
          ],
          [
            9.69267,
            33.50386
          ],
          [
            9.69106,
            33.51075
          ],
          [
            9.69097,
            33.5111
          ],
          [
            9.69006,
            33.51498
          ],
          [
            9.68934,
            33.51871
          ],
          [
            9.6893,
            33.51889
          ],
          [
            9.68848,
            33.52315
          ],
          [
            9.68844,
            33.52333
          ],
          [
            9.6881,
            33.5251
          ],
          [
            9.68806,
            33.52528
          ],
          [
            9.688,
            33.52564
          ],
          [
            9.6864,
            33.53371
          ],
          [
            9.68416,
            33.54602
          ],
          [
            9.68414,
            33.54609
          ],
          [
            9.68353,
            33.54914
          ],
          [
            9.6833,
            33.55016
          ],
          [
            9.68204,
            33.55727
          ],
          [
            9.68203,
            33.55735
          ],
          [
            9.68164,
            33.5591
          ],
          [
            9.68104,
            33.56214
          ],
          [
            9.68104,
            33.56216
          ],
          [
            9.681,
            33.56231
          ],
          [
            9.68062,
            33.56428
          ],
          [
            9.68021,
            33.56658
          ],
          [
            9.68018,
            33.56679
          ],
          [
            9.68022,
            33.56707
          ],
          [
            9.68025,
            33.56711
          ],
          [
            9.68299,
            33.57119
          ],
          [
            9.6831,
            33.57134
          ],
          [
            9.6832,
            33.5715
          ],
          [
            9.68555,
            33.57494
          ],
          [
            9.68508,
            33.57516
          ],
          [
            9.68072,
            33.57687
          ],
          [
            9.67739,
            33.57814
          ],
          [
            9.6767,
            33.57839
          ],
          [
            9.67453,
            33.57894
          ],
          [
            9.67432,
            33.579
          ],
          [
            9.66909,
            33.58033
          ],
          [
            9.66782,
            33.58057
          ],
          [
            9.6658,
            33.58075
          ],
          [
            9.66346,
            33.58064
          ],
          [
            9.66059,
            33.58031
          ],
          [
            9.6594,
            33.58013
          ],
          [
            9.65895,
            33.58012
          ],
          [
            9.6584,
            33.58014
          ],
          [
            9.65782,
            33.58019
          ],
          [
            9.65728,
            33.58026
          ],
          [
            9.65555,
            33.58066
          ],
          [
            9.65462,
            33.58098
          ],
          [
            9.65434,
            33.58111
          ],
          [
            9.65356,
            33.5815
          ],
          [
            9.65324,
            33.58169
          ],
          [
            9.6532,
            33.58171
          ],
          [
            9.65276,
            33.582
          ],
          [
            9.65261,
            33.58213
          ],
          [
            9.65258,
            33.58215
          ],
          [
            9.65114,
            33.58339
          ],
          [
            9.64922,
            33.58519
          ],
          [
            9.64885,
            33.58555
          ],
          [
            9.64852,
            33.58583
          ],
          [
            9.6478,
            33.58629
          ],
          [
            9.64773,
            33.58634
          ],
          [
            9.64674,
            33.5869
          ],
          [
            9.64656,
            33.58701
          ],
          [
            9.64462,
            33.58802
          ],
          [
            9.64359,
            33.58847
          ],
          [
            9.64339,
            33.58855
          ],
          [
            9.64224,
            33.58906
          ],
          [
            9.64204,
            33.58911
          ],
          [
            9.64088,
            33.58944
          ],
          [
            9.63966,
            33.58968
          ],
          [
            9.6387,
            33.58981
          ],
          [
            9.63864,
            33.58981
          ],
          [
            9.63664,
            33.58992
          ],
          [
            9.63289,
            33.59008
          ],
          [
            9.62811,
            33.59048
          ],
          [
            9.62794,
            33.5905
          ],
          [
            9.62404,
            33.59081
          ],
          [
            9.62364,
            33.59085
          ],
          [
            9.62342,
            33.59086
          ],
          [
            9.62222,
            33.59096
          ],
          [
            9.62066,
            33.59078
          ],
          [
            9.62064,
            33.59078
          ],
          [
            9.61957,
            33.59067
          ],
          [
            9.61865,
            33.59056
          ],
          [
            9.61764,
            33.59056
          ],
          [
            9.61633,
            33.59065
          ],
          [
            9.61459,
            33.59097
          ],
          [
            9.61277,
            33.59135
          ],
          [
            9.61125,
            33.5917
          ],
          [
            9.61089,
            33.59177
          ],
          [
            9.60986,
            33.59194
          ],
          [
            9.60892,
            33.59205
          ],
          [
            9.60751,
            33.59207
          ],
          [
            9.60269,
            33.59194
          ],
          [
            9.60254,
            33.59193
          ],
          [
            9.59379,
            33.59181
          ],
          [
            9.59322,
            33.59183
          ],
          [
            9.59258,
            33.59189
          ],
          [
            9.59193,
            33.59197
          ],
          [
            9.59068,
            33.59224
          ],
          [
            9.59002,
            33.59237
          ],
          [
            9.58818,
            33.59283
          ],
          [
            9.58569,
            33.59341
          ],
          [
            9.58494,
            33.59354
          ],
          [
            9.58421,
            33.59363
          ],
          [
            9.58351,
            33.59368
          ],
          [
            9.58227,
            33.59368
          ],
          [
            9.5815,
            33.59363
          ],
          [
            9.58055,
            33.59352
          ],
          [
            9.5805,
            33.59351
          ],
          [
            9.58034,
            33.59349
          ],
          [
            9.57956,
            33.59336
          ],
          [
            9.57873,
            33.59319
          ],
          [
            9.57764,
            33.59286
          ],
          [
            9.57756,
            33.59284
          ],
          [
            9.57642,
            33.59241
          ],
          [
            9.57543,
            33.59197
          ],
          [
            9.57422,
            33.59133
          ],
          [
            9.57407,
            33.5912
          ],
          [
            9.57353,
            33.59076
          ],
          [
            9.57126,
            33.58933
          ],
          [
            9.56992,
            33.58843
          ],
          [
            9.56877,
            33.58761
          ],
          [
            9.56474,
            33.5851
          ],
          [
            9.56014,
            33.58207
          ],
          [
            9.56,
            33.58197
          ],
          [
            9.55763,
            33.5804
          ],
          [
            9.55421,
            33.57821
          ],
          [
            9.55051,
            33.57569
          ],
          [
            9.54491,
            33.57199
          ],
          [
            9.54317,
            33.57065
          ],
          [
            9.54199,
            33.56947
          ],
          [
            9.54103,
            33.56816
          ],
          [
            9.54016,
            33.5663
          ],
          [
            9.5401,
            33.56613
          ],
          [
            9.53935,
            33.56425
          ],
          [
            9.5386,
            33.56296
          ],
          [
            9.53785,
            33.56151
          ],
          [
            9.53738,
            33.56037
          ],
          [
            9.53738,
            33.56035
          ],
          [
            9.53712,
            33.55919
          ],
          [
            9.53691,
            33.55626
          ],
          [
            9.53673,
            33.55512
          ],
          [
            9.53636,
            33.55416
          ],
          [
            9.53585,
            33.55266
          ],
          [
            9.53577,
            33.55239
          ],
          [
            9.53577,
            33.55225
          ],
          [
            9.5356,
            33.54937
          ],
          [
            9.53558,
            33.54919
          ],
          [
            9.53558,
            33.54911
          ],
          [
            9.53547,
            33.54755
          ],
          [
            9.53543,
            33.5474
          ],
          [
            9.53526,
            33.54666
          ],
          [
            9.53506,
            33.54601
          ],
          [
            9.53409,
            33.54395
          ],
          [
            9.53313,
            33.54263
          ],
          [
            9.53293,
            33.54243
          ],
          [
            9.53262,
            33.54207
          ],
          [
            9.53248,
            33.54192
          ],
          [
            9.53212,
            33.54151
          ],
          [
            9.53133,
            33.54084
          ],
          [
            9.52952,
            33.53961
          ],
          [
            9.52744,
            33.53868
          ],
          [
            9.52741,
            33.53866
          ],
          [
            9.52529,
            33.53777
          ],
          [
            9.52491,
            33.5376
          ],
          [
            9.51519,
            33.53354
          ],
          [
            9.50911,
            33.53106
          ],
          [
            9.50897,
            33.53101
          ],
          [
            9.50607,
            33.52982
          ],
          [
            9.50601,
            33.5298
          ],
          [
            9.50316,
            33.52859
          ],
          [
            9.50312,
            33.52858
          ],
          [
            9.50285,
            33.52846
          ],
          [
            9.49903,
            33.52689
          ],
          [
            9.4971,
            33.52587
          ],
          [
            9.49107,
            33.52224
          ],
          [
            9.48732,
            33.51989
          ],
          [
            9.48586,
            33.51901
          ],
          [
            9.48569,
            33.5189
          ],
          [
            9.48308,
            33.51731
          ],
          [
            9.4829,
            33.51721
          ],
          [
            9.4803,
            33.51565
          ],
          [
            9.47499,
            33.51276
          ],
          [
            9.47042,
            33.51035
          ],
          [
            9.46865,
            33.50949
          ],
          [
            9.46265,
            33.50639
          ],
          [
            9.46258,
            33.50635
          ],
          [
            9.46125,
            33.50567
          ],
          [
            9.46118,
            33.50563
          ],
          [
            9.45582,
            33.50289
          ],
          [
            9.45563,
            33.5028
          ],
          [
            9.45394,
            33.50193
          ],
          [
            9.45379,
            33.50186
          ],
          [
            9.45361,
            33.50176
          ],
          [
            9.44917,
            33.49947
          ],
          [
            9.44902,
            33.4994
          ],
          [
            9.44811,
            33.49892
          ],
          [
            9.44553,
            33.49761
          ],
          [
            9.44535,
            33.49751
          ],
          [
            9.44304,
            33.49634
          ],
          [
            9.44276,
            33.49622
          ],
          [
            9.44139,
            33.49559
          ],
          [
            9.44088,
            33.49542
          ],
          [
            9.44039,
            33.49523
          ],
          [
            9.44003,
            33.49511
          ],
          [
            9.43967,
            33.49502
          ],
          [
            9.43964,
            33.49501
          ],
          [
            9.43929,
            33.49492
          ],
          [
            9.43889,
            33.49483
          ],
          [
            9.4385,
            33.49478
          ],
          [
            9.43818,
            33.4947
          ],
          [
            9.4369,
            33.49451
          ],
          [
            9.43686,
            33.4945
          ],
          [
            9.43665,
            33.49447
          ],
          [
            9.43627,
            33.49443
          ],
          [
            9.43605,
            33.49442
          ],
          [
            9.43587,
            33.4944
          ],
          [
            9.43332,
            33.49441
          ],
          [
            9.43272,
            33.49448
          ],
          [
            9.43212,
            33.49453
          ],
          [
            9.43155,
            33.49465
          ],
          [
            9.43143,
            33.49467
          ],
          [
            9.42696,
            33.49565
          ],
          [
            9.41718,
            33.49792
          ],
          [
            9.41715,
            33.49793
          ],
          [
            9.4153,
            33.49835
          ],
          [
            9.41509,
            33.49838
          ],
          [
            9.41507,
            33.49839
          ],
          [
            9.41488,
            33.49841
          ],
          [
            9.41415,
            33.49853
          ],
          [
            9.41365,
            33.4986
          ],
          [
            9.41361,
            33.49861
          ],
          [
            9.41358,
            33.49861
          ],
          [
            9.41339,
            33.49864
          ],
          [
            9.41255,
            33.49872
          ],
          [
            9.40583,
            33.49885
          ],
          [
            9.3927,
            33.49891
          ],
          [
            9.39226,
            33.49892
          ],
          [
            9.39094,
            33.49892
          ],
          [
            9.38958,
            33.49896
          ],
          [
            9.38919,
            33.49896
          ],
          [
            9.38881,
            33.49895
          ],
          [
            9.38879,
            33.49894
          ],
          [
            9.38865,
            33.49894
          ],
          [
            9.38704,
            33.49878
          ],
          [
            9.38672,
            33.49873
          ],
          [
            9.38647,
            33.49868
          ],
          [
            9.38636,
            33.49865
          ],
          [
            9.38625,
            33.49864
          ],
          [
            9.38623,
            33.49864
          ],
          [
            9.38586,
            33.49858
          ],
          [
            9.38544,
            33.49849
          ],
          [
            9.385,
            33.49837
          ],
          [
            9.38498,
            33.49837
          ],
          [
            9.38477,
            33.49831
          ],
          [
            9.38451,
            33.49828
          ],
          [
            9.38357,
            33.49797
          ],
          [
            9.38284,
            33.49765
          ],
          [
            9.38281,
            33.49764
          ],
          [
            9.37225,
            33.4924
          ],
          [
            9.36434,
            33.48836
          ],
          [
            9.36432,
            33.48834
          ],
          [
            9.36048,
            33.48638
          ],
          [
            9.36027,
            33.48628
          ],
          [
            9.36011,
            33.48619
          ],
          [
            9.35788,
            33.48505
          ],
          [
            9.35753,
            33.48488
          ],
          [
            9.35752,
            33.48487
          ],
          [
            9.35709,
            33.48464
          ],
          [
            9.35636,
            33.48419
          ],
          [
            9.35614,
            33.48404
          ],
          [
            9.35612,
            33.48402
          ],
          [
            9.35581,
            33.48381
          ],
          [
            9.35577,
            33.48379
          ],
          [
            9.35534,
            33.48343
          ],
          [
            9.35501,
            33.48314
          ],
          [
            9.35269,
            33.48085
          ],
          [
            9.34918,
            33.47718
          ],
          [
            9.34897,
            33.47697
          ],
          [
            9.34852,
            33.47647
          ],
          [
            9.3485,
            33.47646
          ],
          [
            9.3481,
            33.47603
          ],
          [
            9.3477,
            33.47564
          ],
          [
            9.3471,
            33.47503
          ],
          [
            9.34589,
            33.47396
          ],
          [
            9.34436,
            33.47273
          ],
          [
            9.34279,
            33.47161
          ],
          [
            9.34211,
            33.47119
          ],
          [
            9.3405,
            33.47025
          ],
          [
            9.33967,
            33.4698
          ],
          [
            9.33907,
            33.4695
          ],
          [
            9.33834,
            33.46916
          ],
          [
            9.33746,
            33.46878
          ],
          [
            9.33694,
            33.46858
          ],
          [
            9.33534,
            33.468
          ],
          [
            9.32545,
            33.46493
          ],
          [
            9.3254,
            33.46492
          ],
          [
            9.32176,
            33.4638
          ],
          [
            9.32156,
            33.46373
          ],
          [
            9.31554,
            33.46188
          ],
          [
            9.31549,
            33.46187
          ],
          [
            9.31088,
            33.46048
          ],
          [
            9.31083,
            33.46046
          ],
          [
            9.30799,
            33.45961
          ],
          [
            9.30784,
            33.45956
          ],
          [
            9.30779,
            33.45955
          ],
          [
            9.30136,
            33.45759
          ],
          [
            9.30079,
            33.45745
          ],
          [
            9.30051,
            33.45737
          ],
          [
            9.29982,
            33.45723
          ],
          [
            9.2997,
            33.4572
          ],
          [
            9.29851,
            33.45695
          ],
          [
            9.29825,
            33.45691
          ],
          [
            9.29824,
            33.4569
          ],
          [
            9.29803,
            33.45686
          ],
          [
            9.29782,
            33.45683
          ],
          [
            9.29723,
            33.45671
          ],
          [
            9.29641,
            33.45666
          ],
          [
            9.29543,
            33.4565
          ],
          [
            9.2945,
            33.45646
          ],
          [
            9.29336,
            33.45629
          ],
          [
            9.29232,
            33.45624
          ],
          [
            9.29125,
            33.45607
          ],
          [
            9.29046,
            33.45593
          ],
          [
            9.28972,
            33.45592
          ],
          [
            9.28694,
            33.45564
          ],
          [
            9.28568,
            33.45548
          ],
          [
            9.28438,
            33.45541
          ],
          [
            9.28289,
            33.45524
          ],
          [
            9.28167,
            33.45512
          ],
          [
            9.28158,
            33.45512
          ],
          [
            9.2813,
            33.4551
          ],
          [
            9.27952,
            33.4551
          ],
          [
            9.27877,
            33.45512
          ],
          [
            9.27274,
            33.45555
          ],
          [
            9.27141,
            33.45568
          ],
          [
            9.2704,
            33.4557
          ],
          [
            9.26901,
            33.45581
          ],
          [
            9.2658,
            33.45599
          ],
          [
            9.26332,
            33.45619
          ],
          [
            9.26092,
            33.45629
          ],
          [
            9.25938,
            33.45647
          ],
          [
            9.25817,
            33.45649
          ],
          [
            9.25773,
            33.45651
          ],
          [
            9.25108,
            33.45699
          ],
          [
            9.25086,
            33.457
          ],
          [
            9.24913,
            33.45713
          ],
          [
            9.24872,
            33.45715
          ],
          [
            9.23967,
            33.45776
          ],
          [
            9.23946,
            33.45778
          ],
          [
            9.23564,
            33.45832
          ],
          [
            9.23164,
            33.45835
          ],
          [
            9.22876,
            33.45855
          ],
          [
            9.2285,
            33.45856
          ],
          [
            9.22833,
            33.45858
          ],
          [
            9.22829,
            33.45858
          ],
          [
            9.22682,
            33.45867
          ],
          [
            9.22661,
            33.45869
          ],
          [
            9.22657,
            33.45869
          ],
          [
            9.22489,
            33.4588
          ],
          [
            9.22485,
            33.4588
          ],
          [
            9.21304,
            33.45956
          ],
          [
            9.21287,
            33.45958
          ],
          [
            9.21281,
            33.45958
          ],
          [
            9.20659,
            33.46006
          ],
          [
            9.20637,
            33.46007
          ],
          [
            9.20433,
            33.46023
          ],
          [
            9.20228,
            33.46028
          ],
          [
            9.20185,
            33.4603
          ],
          [
            9.20078,
            33.46032
          ],
          [
            9.20034,
            33.46034
          ],
          [
            9.19022,
            33.4606
          ],
          [
            9.19,
            33.4606
          ],
          [
            9.18526,
            33.46072
          ],
          [
            9.18504,
            33.46072
          ],
          [
            9.17427,
            33.46102
          ],
          [
            9.17384,
            33.46104
          ],
          [
            9.17362,
            33.46104
          ],
          [
            9.1635,
            33.46133
          ],
          [
            9.16307,
            33.46135
          ],
          [
            9.16199,
            33.46137
          ],
          [
            9.16156,
            33.46139
          ],
          [
            9.16013,
            33.46142
          ],
          [
            9.15613,
            33.46155
          ],
          [
            9.15596,
            33.46155
          ],
          [
            9.15251,
            33.46166
          ],
          [
            9.15229,
            33.46166
          ],
          [
            9.14949,
            33.46175
          ],
          [
            9.14928,
            33.46175
          ],
          [
            9.14757,
            33.46181
          ],
          [
            9.14734,
            33.46181
          ],
          [
            9.14485,
            33.46189
          ],
          [
            9.1423,
            33.46189
          ],
          [
            9.1413,
            33.46191
          ],
          [
            9.1408,
            33.46193
          ],
          [
            9.1391,
            33.46194
          ],
          [
            9.139,
            33.46195
          ],
          [
            9.13839,
            33.46196
          ],
          [
            9.13666,
            33.46189
          ],
          [
            9.11968,
            33.46046
          ],
          [
            9.11947,
            33.46045
          ],
          [
            9.11668,
            33.4602
          ],
          [
            9.11647,
            33.46019
          ],
          [
            9.10767,
            33.45942
          ],
          [
            9.10746,
            33.45941
          ],
          [
            9.08914,
            33.45783
          ],
          [
            9.08794,
            33.45775
          ],
          [
            9.08678,
            33.45769
          ],
          [
            9.08665,
            33.45769
          ],
          [
            9.08643,
            33.45768
          ],
          [
            9.08471,
            33.45769
          ],
          [
            9.08385,
            33.45772
          ],
          [
            9.07937,
            33.45796
          ],
          [
            9.07903,
            33.45797
          ],
          [
            9.07867,
            33.458
          ],
          [
            9.07851,
            33.458
          ],
          [
            9.07528,
            33.45818
          ],
          [
            9.07523,
            33.45818
          ],
          [
            9.06883,
            33.45852
          ],
          [
            9.06878,
            33.45852
          ],
          [
            9.0628,
            33.45884
          ],
          [
            9.06275,
            33.45884
          ],
          [
            9.05893,
            33.45904
          ],
          [
            9.05888,
            33.45905
          ],
          [
            9.04431,
            33.45982
          ],
          [
            9.04421,
            33.45983
          ],
          [
            9.04111,
            33.46001
          ],
          [
            9.04053,
            33.46003
          ],
          [
            9.03991,
            33.46003
          ],
          [
            9.03905,
            33.45998
          ],
          [
            9.03896,
            33.45998
          ],
          [
            9.03841,
            33.45995
          ],
          [
            9.03827,
            33.45993
          ],
          [
            9.03497,
            33.45996
          ],
          [
            9.03472,
            33.45998
          ],
          [
            9.0336,
            33.46004
          ],
          [
            9.03216,
            33.46007
          ],
          [
            9.03177,
            33.4601
          ],
          [
            9.03135,
            33.46011
          ],
          [
            9.03022,
            33.46
          ],
          [
            9.02965,
            33.45992
          ],
          [
            9.02944,
            33.45992
          ],
          [
            9.02913,
            33.4599
          ],
          [
            9.02902,
            33.45988
          ],
          [
            9.02881,
            33.4598
          ],
          [
            9.02833,
            33.45958
          ],
          [
            9.028,
            33.45941
          ],
          [
            9.02777,
            33.45926
          ],
          [
            9.02757,
            33.45911
          ],
          [
            9.02726,
            33.45884
          ],
          [
            9.02714,
            33.45869
          ],
          [
            9.02704,
            33.4586
          ],
          [
            9.02657,
            33.45814
          ],
          [
            9.02628,
            33.45782
          ],
          [
            9.02621,
            33.45775
          ],
          [
            9.02602,
            33.45753
          ],
          [
            9.02592,
            33.45744
          ],
          [
            9.02578,
            33.45735
          ],
          [
            9.02559,
            33.45726
          ],
          [
            9.02503,
            33.45715
          ],
          [
            9.02494,
            33.45711
          ],
          [
            9.02503,
            33.45715
          ],
          [
            9.02474,
            33.45841
          ],
          [
            9.0247,
            33.45881
          ],
          [
            9.02457,
            33.45928
          ],
          [
            9.02456,
            33.45929
          ],
          [
            9.02456,
            33.45932
          ],
          [
            9.02404,
            33.46161
          ],
          [
            9.02394,
            33.462
          ],
          [
            9.02392,
            33.46219
          ],
          [
            9.02387,
            33.46249
          ],
          [
            9.02387,
            33.46251
          ],
          [
            9.0239,
            33.4628
          ],
          [
            9.02387,
            33.46314
          ],
          [
            9.02375,
            33.46419
          ],
          [
            9.02374,
            33.46433
          ],
          [
            9.0237,
            33.46555
          ],
          [
            9.02368,
            33.46581
          ],
          [
            9.02363,
            33.46702
          ],
          [
            9.02353,
            33.46781
          ],
          [
            9.02353,
            33.46787
          ],
          [
            9.02341,
            33.46882
          ],
          [
            9.0234,
            33.46894
          ],
          [
            9.02339,
            33.46899
          ],
          [
            9.02318,
            33.47051
          ],
          [
            9.02249,
            33.47505
          ],
          [
            9.02248,
            33.47507
          ],
          [
            9.02248,
            33.47512
          ],
          [
            9.02247,
            33.47514
          ],
          [
            9.02247,
            33.47522
          ],
          [
            9.02246,
            33.47523
          ],
          [
            9.02246,
            33.47529
          ],
          [
            9.02245,
            33.47531
          ],
          [
            9.02245,
            33.47536
          ],
          [
            9.02244,
            33.47538
          ],
          [
            9.02244,
            33.47546
          ],
          [
            9.02243,
            33.47548
          ],
          [
            9.02243,
            33.47553
          ],
          [
            9.02242,
            33.47555
          ],
          [
            9.02242,
            33.47562
          ],
          [
            9.02241,
            33.47564
          ],
          [
            9.02241,
            33.4757
          ],
          [
            9.0224,
            33.47572
          ],
          [
            9.0224,
            33.47577
          ],
          [
            9.02239,
            33.47579
          ],
          [
            9.02239,
            33.47586
          ],
          [
            9.02238,
            33.47588
          ],
          [
            9.02238,
            33.47594
          ],
          [
            9.02237,
            33.47596
          ],
          [
            9.02237,
            33.47603
          ],
          [
            9.02236,
            33.47605
          ],
          [
            9.02236,
            33.4761
          ],
          [
            9.02235,
            33.47612
          ],
          [
            9.02235,
            33.47618
          ],
          [
            9.02234,
            33.4762
          ],
          [
            9.02234,
            33.47627
          ],
          [
            9.02233,
            33.47629
          ],
          [
            9.02233,
            33.47634
          ],
          [
            9.02232,
            33.47636
          ],
          [
            9.02232,
            33.47644
          ],
          [
            9.02231,
            33.47645
          ],
          [
            9.02231,
            33.47651
          ],
          [
            9.0223,
            33.47653
          ],
          [
            9.0223,
            33.47658
          ],
          [
            9.02229,
            33.4766
          ],
          [
            9.02229,
            33.47668
          ],
          [
            9.02228,
            33.47669
          ],
          [
            9.02228,
            33.47675
          ],
          [
            9.02227,
            33.47677
          ],
          [
            9.02227,
            33.47683
          ],
          [
            9.02224,
            33.47704
          ],
          [
            9.02224,
            33.47719
          ],
          [
            9.02223,
            33.47726
          ],
          [
            9.02223,
            33.47747
          ],
          [
            9.02222,
            33.47754
          ],
          [
            9.02222,
            33.47769
          ],
          [
            9.02221,
            33.47776
          ],
          [
            9.02222,
            33.47783
          ],
          [
            9.02222,
            33.4779
          ],
          [
            9.02223,
            33.47797
          ],
          [
            9.02223,
            33.47804
          ],
          [
            9.02224,
            33.47809
          ],
          [
            9.02224,
            33.47818
          ],
          [
            9.02225,
            33.47826
          ],
          [
            9.02225,
            33.47833
          ],
          [
            9.02226,
            33.4784
          ],
          [
            9.02226,
            33.47847
          ],
          [
            9.02227,
            33.47854
          ],
          [
            9.02227,
            33.47861
          ],
          [
            9.02228,
            33.47868
          ],
          [
            9.02228,
            33.47876
          ],
          [
            9.02229,
            33.47883
          ],
          [
            9.02229,
            33.47898
          ],
          [
            9.0223,
            33.47904
          ],
          [
            9.0223,
            33.47918
          ],
          [
            9.02231,
            33.47926
          ],
          [
            9.02231,
            33.47933
          ],
          [
            9.02232,
            33.4794
          ],
          [
            9.02232,
            33.47954
          ],
          [
            9.02233,
            33.47961
          ],
          [
            9.02233,
            33.47976
          ],
          [
            9.02234,
            33.47983
          ],
          [
            9.02234,
            33.4799
          ],
          [
            9.02235,
            33.47997
          ],
          [
            9.02235,
            33.48011
          ],
          [
            9.02236,
            33.48018
          ],
          [
            9.02236,
            33.48033
          ],
          [
            9.02237,
            33.4804
          ],
          [
            9.02237,
            33.48047
          ],
          [
            9.02238,
            33.48054
          ],
          [
            9.02238,
            33.48068
          ],
          [
            9.02239,
            33.48075
          ],
          [
            9.02239,
            33.48083
          ],
          [
            9.0224,
            33.4809
          ],
          [
            9.0224,
            33.48104
          ],
          [
            9.02241,
            33.48111
          ],
          [
            9.02241,
            33.48118
          ],
          [
            9.02242,
            33.48125
          ],
          [
            9.02242,
            33.48133
          ],
          [
            9.02243,
            33.4814
          ],
          [
            9.02243,
            33.48147
          ],
          [
            9.02244,
            33.48154
          ],
          [
            9.02244,
            33.48161
          ],
          [
            9.02245,
            33.48168
          ],
          [
            9.02245,
            33.48175
          ],
          [
            9.02246,
            33.48182
          ],
          [
            9.02246,
            33.48197
          ],
          [
            9.02247,
            33.48204
          ],
          [
            9.02247,
            33.48211
          ],
          [
            9.02258,
            33.48405
          ],
          [
            9.02272,
            33.48604
          ],
          [
            9.02284,
            33.48682
          ],
          [
            9.02309,
            33.48775
          ],
          [
            9.02323,
            33.48817
          ],
          [
            9.02352,
            33.48888
          ],
          [
            9.02473,
            33.49138
          ],
          [
            9.02591,
            33.49389
          ],
          [
            9.02591,
            33.4939
          ],
          [
            9.02615,
            33.49439
          ],
          [
            9.02624,
            33.49456
          ],
          [
            9.02774,
            33.49769
          ],
          [
            9.02805,
            33.49841
          ],
          [
            9.02822,
            33.49892
          ],
          [
            9.02822,
            33.49893
          ],
          [
            9.02835,
            33.49946
          ],
          [
            9.02846,
            33.49999
          ],
          [
            9.02851,
            33.50053
          ],
          [
            9.02853,
            33.50107
          ],
          [
            9.02852,
            33.5012
          ],
          [
            9.02851,
            33.50161
          ],
          [
            9.02848,
            33.50192
          ],
          [
            9.02848,
            33.50195
          ],
          [
            9.02846,
            33.50215
          ],
          [
            9.02837,
            33.50268
          ],
          [
            9.02828,
            33.50299
          ],
          [
            9.02823,
            33.50321
          ],
          [
            9.02806,
            33.50373
          ],
          [
            9.02786,
            33.50424
          ],
          [
            9.02762,
            33.50474
          ],
          [
            9.0271,
            33.50573
          ],
          [
            9.02683,
            33.50622
          ],
          [
            9.02677,
            33.50635
          ],
          [
            9.02657,
            33.50671
          ],
          [
            9.02617,
            33.5075
          ],
          [
            9.02616,
            33.50753
          ],
          [
            9.02558,
            33.50871
          ],
          [
            9.02545,
            33.50901
          ],
          [
            9.02544,
            33.50904
          ],
          [
            9.02536,
            33.50922
          ],
          [
            9.02532,
            33.50935
          ],
          [
            9.02518,
            33.50973
          ],
          [
            9.02501,
            33.51025
          ],
          [
            9.02409,
            33.51339
          ],
          [
            9.02409,
            33.5134
          ],
          [
            9.0238,
            33.51441
          ],
          [
            9.02378,
            33.51445
          ],
          [
            9.02359,
            33.51511
          ],
          [
            9.02347,
            33.51549
          ],
          [
            9.02332,
            33.51602
          ],
          [
            9.02317,
            33.5165
          ],
          [
            9.02301,
            33.51707
          ],
          [
            9.0229,
            33.51741
          ],
          [
            9.02224,
            33.51968
          ],
          [
            9.02224,
            33.51969
          ],
          [
            9.02208,
            33.52021
          ],
          [
            9.02159,
            33.52192
          ],
          [
            9.0209,
            33.52422
          ],
          [
            9.02084,
            33.5244
          ],
          [
            9.0204,
            33.52598
          ],
          [
            9.01993,
            33.52754
          ],
          [
            9.01992,
            33.52755
          ],
          [
            9.01977,
            33.52806
          ],
          [
            9.01977,
            33.52807
          ],
          [
            9.01961,
            33.52858
          ],
          [
            9.01961,
            33.52859
          ],
          [
            9.01955,
            33.52876
          ],
          [
            9.01889,
            33.53103
          ],
          [
            9.01883,
            33.5312
          ],
          [
            9.01883,
            33.53121
          ],
          [
            9.01873,
            33.53155
          ],
          [
            9.01867,
            33.53173
          ],
          [
            9.01822,
            33.53331
          ],
          [
            9.01775,
            33.53487
          ],
          [
            9.01775,
            33.53488
          ],
          [
            9.01731,
            33.53645
          ],
          [
            9.01718,
            33.53698
          ],
          [
            9.0171,
            33.53752
          ],
          [
            9.01695,
            33.53913
          ],
          [
            9.0169,
            33.53948
          ],
          [
            9.01688,
            33.53967
          ],
          [
            9.01677,
            33.5402
          ],
          [
            9.01665,
            33.54072
          ],
          [
            9.01648,
            33.54156
          ],
          [
            9.01606,
            33.54327
          ],
          [
            9.01575,
            33.54471
          ],
          [
            9.01556,
            33.54551
          ],
          [
            9.01556,
            33.54553
          ],
          [
            9.01505,
            33.54775
          ],
          [
            9.01504,
            33.54781
          ],
          [
            9.015,
            33.54799
          ],
          [
            9.01499,
            33.54801
          ],
          [
            9.01432,
            33.55099
          ],
          [
            9.01416,
            33.55163
          ],
          [
            9.01413,
            33.55181
          ],
          [
            9.01401,
            33.55241
          ],
          [
            9.01398,
            33.55273
          ],
          [
            9.01396,
            33.55306
          ],
          [
            9.01394,
            33.55327
          ],
          [
            9.01396,
            33.55408
          ],
          [
            9.01404,
            33.55526
          ],
          [
            9.01413,
            33.55626
          ],
          [
            9.01439,
            33.55997
          ],
          [
            9.01443,
            33.56042
          ],
          [
            9.01445,
            33.56086
          ],
          [
            9.01444,
            33.56138
          ],
          [
            9.01439,
            33.5618
          ],
          [
            9.01425,
            33.56223
          ],
          [
            9.01394,
            33.56297
          ],
          [
            9.01345,
            33.56406
          ],
          [
            9.01342,
            33.56411
          ],
          [
            9.01241,
            33.56628
          ],
          [
            9.01238,
            33.56637
          ],
          [
            9.01194,
            33.56732
          ],
          [
            9.01194,
            33.56733
          ],
          [
            9.01169,
            33.56786
          ],
          [
            9.01169,
            33.56787
          ],
          [
            9.0116,
            33.5681
          ],
          [
            9.01157,
            33.56829
          ],
          [
            9.01161,
            33.56851
          ],
          [
            9.01169,
            33.5687
          ],
          [
            9.01183,
            33.56892
          ],
          [
            9.01202,
            33.56912
          ],
          [
            9.01231,
            33.56928
          ],
          [
            9.01311,
            33.56963
          ],
          [
            9.01344,
            33.56976
          ],
          [
            9.01362,
            33.56989
          ],
          [
            9.01363,
            33.56991
          ],
          [
            9.01365,
            33.56994
          ],
          [
            9.01367,
            33.56998
          ],
          [
            9.01368,
            33.57005
          ],
          [
            9.01367,
            33.57014
          ],
          [
            9.01363,
            33.57028
          ],
          [
            9.01359,
            33.57039
          ],
          [
            9.01358,
            33.57052
          ],
          [
            9.01327,
            33.57185
          ],
          [
            9.01325,
            33.57202
          ],
          [
            9.01164,
            33.58213
          ],
          [
            9.01136,
            33.58402
          ],
          [
            9.01135,
            33.58427
          ],
          [
            9.01135,
            33.58464
          ],
          [
            9.01136,
            33.58488
          ],
          [
            9.01136,
            33.58563
          ],
          [
            9.01135,
            33.58579
          ],
          [
            9.01135,
            33.58815
          ],
          [
            9.01127,
            33.58876
          ],
          [
            9.01119,
            33.58925
          ],
          [
            9.00841,
            33.59909
          ],
          [
            9.0082,
            33.60001
          ],
          [
            9.00813,
            33.6004
          ],
          [
            9.0081,
            33.60072
          ],
          [
            9.00807,
            33.60124
          ],
          [
            9.00802,
            33.60274
          ],
          [
            9.008,
            33.60452
          ],
          [
            9.00796,
            33.60614
          ],
          [
            9.00793,
            33.60849
          ],
          [
            9.00794,
            33.6099
          ],
          [
            9.00791,
            33.61334
          ],
          [
            9.00786,
            33.61448
          ],
          [
            9.00782,
            33.61487
          ],
          [
            9.00777,
            33.61514
          ],
          [
            9.00767,
            33.6155
          ],
          [
            9.00751,
            33.61594
          ],
          [
            9.00743,
            33.61611
          ],
          [
            9.00705,
            33.61683
          ],
          [
            9.00677,
            33.61727
          ],
          [
            9.00628,
            33.61811
          ],
          [
            9.00627,
            33.61811
          ],
          [
            9.00428,
            33.62146
          ],
          [
            9.00425,
            33.62152
          ],
          [
            9.00375,
            33.62236
          ],
          [
            9.00368,
            33.62249
          ],
          [
            9.00302,
            33.62362
          ],
          [
            9.00237,
            33.62469
          ],
          [
            9.00227,
            33.62487
          ],
          [
            9.00214,
            33.62508
          ],
          [
            9.00198,
            33.62531
          ],
          [
            9.00122,
            33.62661
          ],
          [
            9.00116,
            33.62673
          ],
          [
            9.00106,
            33.62689
          ],
          [
            9.00104,
            33.62693
          ],
          [
            9.00096,
            33.62706
          ],
          [
            9.00087,
            33.62724
          ],
          [
            9.00077,
            33.62741
          ],
          [
            9.00028,
            33.62855
          ],
          [
            8.99976,
            33.63001
          ],
          [
            8.99934,
            33.63112
          ],
          [
            8.9993,
            33.63121
          ],
          [
            8.9987,
            33.63293
          ],
          [
            8.99868,
            33.63297
          ],
          [
            8.99839,
            33.6338
          ],
          [
            8.99824,
            33.6342
          ],
          [
            8.99787,
            33.63526
          ],
          [
            8.99783,
            33.63535
          ],
          [
            8.99658,
            33.6388
          ],
          [
            8.99648,
            33.63911
          ],
          [
            8.9964,
            33.63932
          ],
          [
            8.99623,
            33.63984
          ],
          [
            8.99615,
            33.64004
          ],
          [
            8.99563,
            33.6415
          ],
          [
            8.9956,
            33.64157
          ],
          [
            8.99521,
            33.64264
          ],
          [
            8.99517,
            33.64277
          ],
          [
            8.99458,
            33.64444
          ],
          [
            8.99447,
            33.6448
          ],
          [
            8.99445,
            33.64491
          ],
          [
            8.9944,
            33.64513
          ],
          [
            8.99438,
            33.64537
          ],
          [
            8.99441,
            33.64566
          ],
          [
            8.99441,
            33.64573
          ],
          [
            8.99455,
            33.64631
          ],
          [
            8.99456,
            33.64633
          ],
          [
            8.99491,
            33.64759
          ],
          [
            8.99492,
            33.64764
          ],
          [
            8.99495,
            33.64775
          ],
          [
            8.99503,
            33.64817
          ],
          [
            8.99504,
            33.64829
          ],
          [
            8.99504,
            33.64856
          ],
          [
            8.995,
            33.64899
          ],
          [
            8.99497,
            33.64918
          ],
          [
            8.99495,
            33.6494
          ],
          [
            8.99447,
            33.65296
          ],
          [
            8.99444,
            33.65313
          ],
          [
            8.9937,
            33.65868
          ],
          [
            8.99353,
            33.6598
          ],
          [
            8.99352,
            33.65992
          ],
          [
            8.99305,
            33.6635
          ],
          [
            8.99304,
            33.6635
          ],
          [
            8.99286,
            33.66491
          ],
          [
            8.99285,
            33.66502
          ],
          [
            8.99248,
            33.66779
          ],
          [
            8.99236,
            33.66856
          ],
          [
            8.9923,
            33.66922
          ],
          [
            8.99227,
            33.66966
          ],
          [
            8.99225,
            33.67012
          ],
          [
            8.99229,
            33.67068
          ],
          [
            8.9923,
            33.67092
          ],
          [
            8.99241,
            33.67189
          ],
          [
            8.99242,
            33.67209
          ],
          [
            8.99243,
            33.67214
          ],
          [
            8.99245,
            33.67246
          ],
          [
            8.99245,
            33.6727
          ],
          [
            8.99241,
            33.67318
          ],
          [
            8.99237,
            33.6735
          ],
          [
            8.99228,
            33.67397
          ],
          [
            8.99135,
            33.6772
          ],
          [
            8.99086,
            33.67877
          ],
          [
            8.99056,
            33.67986
          ],
          [
            8.99056,
            33.67987
          ],
          [
            8.99059,
            33.67987
          ],
          [
            8.99061,
            33.67989
          ],
          [
            8.99063,
            33.6799
          ],
          [
            8.99064,
            33.67991
          ],
          [
            8.99065,
            33.67991
          ],
          [
            8.99066,
            33.67992
          ],
          [
            8.99066,
            33.67993
          ],
          [
            8.99067,
            33.67993
          ],
          [
            8.99067,
            33.67994
          ],
          [
            8.99068,
            33.67995
          ],
          [
            8.99068,
            33.67996
          ],
          [
            8.99069,
            33.67997
          ],
          [
            8.99069,
            33.68004
          ],
          [
            8.99074,
            33.68008
          ],
          [
            8.99084,
            33.68018
          ],
          [
            8.99087,
            33.6802
          ],
          [
            8.99092,
            33.68025
          ],
          [
            8.99098,
            33.6803
          ],
          [
            8.99568,
            33.68323
          ],
          [
            8.99575,
            33.68328
          ],
          [
            8.99585,
            33.68334
          ],
          [
            8.99602,
            33.68346
          ],
          [
            8.99808,
            33.68481
          ],
          [
            8.99866,
            33.68531
          ],
          [
            8.99912,
            33.68569
          ],
          [
            8.99967,
            33.68617
          ],
          [
            9.00087,
            33.6875
          ],
          [
            9.00142,
            33.6882
          ],
          [
            9.00164,
            33.68856
          ],
          [
            9.00175,
            33.68872
          ],
          [
            9.00176,
            33.68874
          ],
          [
            9.00183,
            33.68884
          ],
          [
            9.00218,
            33.68944
          ],
          [
            9.00231,
            33.68969
          ],
          [
            9.00232,
            33.68972
          ],
          [
            9.00262,
            33.6903
          ],
          [
            9.00299,
            33.69113
          ],
          [
            9.00323,
            33.69176
          ],
          [
            9.0034,
            33.69232
          ],
          [
            9.00356,
            33.69294
          ],
          [
            9.00359,
            33.69309
          ],
          [
            9.00375,
            33.69422
          ],
          [
            9.00379,
            33.69475
          ],
          [
            9.00379,
            33.69493
          ],
          [
            9.00382,
            33.69572
          ],
          [
            9.00369,
            33.70806
          ],
          [
            9.00368,
            33.7082
          ],
          [
            9.00366,
            33.71251
          ],
          [
            9.00364,
            33.71358
          ],
          [
            9.00359,
            33.71436
          ],
          [
            9.00359,
            33.71446
          ],
          [
            9.00354,
            33.71498
          ],
          [
            9.00347,
            33.71536
          ],
          [
            9.00345,
            33.71543
          ],
          [
            9.00325,
            33.71627
          ],
          [
            9.00323,
            33.71631
          ],
          [
            9.00292,
            33.71715
          ],
          [
            9.00267,
            33.71767
          ],
          [
            9.00233,
            33.7183
          ],
          [
            9.00113,
            33.72024
          ],
          [
            9.00113,
            33.72025
          ],
          [
            8.99917,
            33.72338
          ],
          [
            8.99857,
            33.7244
          ],
          [
            8.99856,
            33.72441
          ],
          [
            8.99703,
            33.72685
          ],
          [
            8.99696,
            33.72695
          ],
          [
            8.99416,
            33.73143
          ],
          [
            8.99416,
            33.73144
          ],
          [
            8.9941,
            33.73152
          ],
          [
            8.99374,
            33.73207
          ],
          [
            8.99362,
            33.73224
          ],
          [
            8.99339,
            33.73252
          ],
          [
            8.99304,
            33.73288
          ],
          [
            8.99267,
            33.73318
          ],
          [
            8.99234,
            33.73343
          ],
          [
            8.99201,
            33.73365
          ],
          [
            8.99167,
            33.73384
          ],
          [
            8.99125,
            33.73405
          ],
          [
            8.99109,
            33.73412
          ],
          [
            8.99075,
            33.73425
          ],
          [
            8.99023,
            33.73443
          ],
          [
            8.98983,
            33.73454
          ],
          [
            8.98946,
            33.73461
          ],
          [
            8.98943,
            33.73461
          ],
          [
            8.98656,
            33.73497
          ],
          [
            8.98626,
            33.73505
          ],
          [
            8.98625,
            33.73505
          ],
          [
            8.98625,
            33.73507
          ],
          [
            8.98623,
            33.73509
          ],
          [
            8.98623,
            33.73525
          ],
          [
            8.98625,
            33.73551
          ],
          [
            8.98638,
            33.73674
          ],
          [
            8.98643,
            33.73748
          ],
          [
            8.98661,
            33.73814
          ],
          [
            8.98667,
            33.73829
          ],
          [
            8.98697,
            33.73897
          ],
          [
            8.98734,
            33.73949
          ],
          [
            8.98785,
            33.74001
          ],
          [
            8.98868,
            33.74067
          ],
          [
            8.98882,
            33.74079
          ],
          [
            8.98978,
            33.74156
          ],
          [
            8.99091,
            33.74236
          ],
          [
            8.99233,
            33.74326
          ],
          [
            8.99334,
            33.74386
          ],
          [
            8.99438,
            33.74444
          ],
          [
            8.99823,
            33.74614
          ],
          [
            8.99852,
            33.7463
          ],
          [
            8.99975,
            33.7468
          ],
          [
            8.99988,
            33.74686
          ],
          [
            9.00006,
            33.74696
          ],
          [
            9.00029,
            33.74707
          ],
          [
            9.00063,
            33.7472
          ],
          [
            9.00142,
            33.74755
          ],
          [
            9.00245,
            33.74804
          ],
          [
            9.00451,
            33.74933
          ],
          [
            9.00524,
            33.74982
          ],
          [
            9.00537,
            33.74989
          ],
          [
            9.00605,
            33.75033
          ],
          [
            9.00617,
            33.75042
          ],
          [
            9.00756,
            33.75125
          ],
          [
            9.00835,
            33.75164
          ],
          [
            9.00967,
            33.75225
          ],
          [
            9.01023,
            33.75257
          ],
          [
            9.01023,
            33.75258
          ],
          [
            9.0104,
            33.75268
          ],
          [
            9.01072,
            33.75289
          ],
          [
            9.01286,
            33.75472
          ],
          [
            9.0136,
            33.75527
          ],
          [
            9.01416,
            33.75565
          ],
          [
            9.01481,
            33.75597
          ],
          [
            9.01517,
            33.7561
          ],
          [
            9.0163,
            33.75641
          ],
          [
            9.01635,
            33.75643
          ],
          [
            9.01871,
            33.75705
          ],
          [
            9.0227,
            33.75819
          ],
          [
            9.02296,
            33.75825
          ],
          [
            9.02342,
            33.75838
          ],
          [
            9.02338,
            33.75844
          ],
          [
            9.02335,
            33.75847
          ],
          [
            9.02332,
            33.75851
          ],
          [
            9.02329,
            33.75854
          ],
          [
            9.02301,
            33.75888
          ],
          [
            9.02096,
            33.7612
          ],
          [
            9.02093,
            33.76123
          ],
          [
            9.01832,
            33.7643
          ],
          [
            9.0171,
            33.7657
          ],
          [
            9.01345,
            33.77021
          ],
          [
            9.00927,
            33.77556
          ],
          [
            9.00691,
            33.77894
          ],
          [
            9.00688,
            33.77899
          ],
          [
            9.00637,
            33.77971
          ],
          [
            9.00613,
            33.78007
          ],
          [
            9.00605,
            33.78024
          ],
          [
            9.00599,
            33.7804
          ],
          [
            9.00595,
            33.78057
          ],
          [
            9.00589,
            33.78077
          ],
          [
            9.00593,
            33.7814
          ],
          [
            9.006,
            33.78159
          ],
          [
            9.00664,
            33.78315
          ],
          [
            9.00709,
            33.78453
          ],
          [
            9.00864,
            33.78862
          ],
          [
            9.00913,
            33.7914
          ],
          [
            9.00924,
            33.79193
          ],
          [
            9.00927,
            33.79211
          ],
          [
            9.00966,
            33.79404
          ],
          [
            9.01001,
            33.79519
          ],
          [
            9.01102,
            33.7982
          ],
          [
            9.01121,
            33.79928
          ],
          [
            9.01124,
            33.79941
          ],
          [
            9.01139,
            33.80031
          ],
          [
            9.01158,
            33.80134
          ],
          [
            9.0116,
            33.8014
          ],
          [
            9.01171,
            33.80194
          ],
          [
            9.0117,
            33.80198
          ],
          [
            9.01164,
            33.80244
          ],
          [
            9.01141,
            33.80272
          ],
          [
            9.01124,
            33.80314
          ],
          [
            9.01124,
            33.80315
          ],
          [
            9.01111,
            33.80347
          ],
          [
            9.01104,
            33.80387
          ],
          [
            9.01115,
            33.80426
          ],
          [
            9.01132,
            33.80461
          ],
          [
            9.01205,
            33.80553
          ],
          [
            9.01206,
            33.80555
          ],
          [
            9.0165,
            33.81107
          ],
          [
            9.0195,
            33.81486
          ],
          [
            9.0245,
            33.82071
          ],
          [
            9.02645,
            33.82397
          ],
          [
            9.02975,
            33.82895
          ],
          [
            9.03014,
            33.82939
          ],
          [
            9.03026,
            33.82954
          ],
          [
            9.03173,
            33.83125
          ],
          [
            9.03426,
            33.83463
          ],
          [
            9.03595,
            33.83702
          ],
          [
            9.03795,
            33.83921
          ],
          [
            9.03913,
            33.84039
          ],
          [
            9.04057,
            33.84187
          ],
          [
            9.04267,
            33.84347
          ],
          [
            9.04527,
            33.84558
          ],
          [
            9.04776,
            33.8485
          ],
          [
            9.05147,
            33.85324
          ],
          [
            9.05257,
            33.85456
          ],
          [
            9.05548,
            33.85714
          ],
          [
            9.05827,
            33.85981
          ],
          [
            9.06063,
            33.86274
          ],
          [
            9.06142,
            33.8636
          ],
          [
            9.06263,
            33.86479
          ],
          [
            9.06301,
            33.86532
          ],
          [
            9.06421,
            33.86732
          ],
          [
            9.06587,
            33.8697
          ],
          [
            9.06866,
            33.87357
          ],
          [
            9.06928,
            33.87412
          ],
          [
            9.06977,
            33.87489
          ],
          [
            9.07016,
            33.87585
          ],
          [
            9.07134,
            33.8777
          ],
          [
            9.07441,
            33.88212
          ],
          [
            9.07497,
            33.88298
          ],
          [
            9.07509,
            33.88318
          ],
          [
            9.07608,
            33.8847
          ],
          [
            9.07818,
            33.88752
          ],
          [
            9.07893,
            33.88889
          ],
          [
            9.07907,
            33.88911
          ],
          [
            9.07916,
            33.88927
          ],
          [
            9.08129,
            33.89279
          ],
          [
            9.08209,
            33.89429
          ],
          [
            9.08227,
            33.89461
          ],
          [
            9.08428,
            33.89838
          ],
          [
            9.08754,
            33.90401
          ],
          [
            9.089,
            33.90682
          ],
          [
            9.08918,
            33.90722
          ],
          [
            9.09076,
            33.91056
          ],
          [
            9.09224,
            33.9134
          ],
          [
            9.09329,
            33.91553
          ],
          [
            9.09462,
            33.9184
          ],
          [
            9.09625,
            33.9218
          ],
          [
            9.0982,
            33.92575
          ],
          [
            9.09881,
            33.92718
          ],
          [
            9.09883,
            33.92722
          ],
          [
            9.09912,
            33.9279
          ],
          [
            9.09915,
            33.92796
          ],
          [
            9.1008,
            33.93227
          ],
          [
            9.10153,
            33.93371
          ],
          [
            9.10258,
            33.93556
          ],
          [
            9.10367,
            33.93782
          ],
          [
            9.10477,
            33.93998
          ],
          [
            9.1058,
            33.94178
          ],
          [
            9.10653,
            33.94286
          ],
          [
            9.10723,
            33.94436
          ],
          [
            9.1084,
            33.94662
          ],
          [
            9.10904,
            33.94754
          ],
          [
            9.10972,
            33.94947
          ],
          [
            9.11071,
            33.95165
          ],
          [
            9.11159,
            33.95368
          ],
          [
            9.11322,
            33.95684
          ],
          [
            9.11445,
            33.95933
          ],
          [
            9.1153,
            33.96118
          ],
          [
            9.11612,
            33.96235
          ],
          [
            9.11618,
            33.96242
          ],
          [
            9.11728,
            33.96385
          ],
          [
            9.11835,
            33.96591
          ],
          [
            9.11848,
            33.96643
          ],
          [
            9.1185,
            33.96732
          ],
          [
            9.11872,
            33.96806
          ],
          [
            9.11944,
            33.96895
          ],
          [
            9.12054,
            33.97063
          ],
          [
            9.12166,
            33.97228
          ],
          [
            9.12324,
            33.97618
          ],
          [
            9.1243,
            33.97833
          ],
          [
            9.12668,
            33.98296
          ],
          [
            9.12803,
            33.98575
          ],
          [
            9.12898,
            33.98736
          ],
          [
            9.1296,
            33.98883
          ],
          [
            9.12973,
            33.98964
          ],
          [
            9.12981,
            33.99039
          ],
          [
            9.12981,
            33.99041
          ],
          [
            9.12993,
            33.99153
          ],
          [
            9.13028,
            33.99251
          ],
          [
            9.13064,
            33.99337
          ],
          [
            9.13071,
            33.99352
          ],
          [
            9.13178,
            33.99604
          ],
          [
            9.13256,
            33.99805
          ],
          [
            9.13286,
            33.99895
          ],
          [
            9.13305,
            33.99986
          ],
          [
            9.13329,
            34.00082
          ],
          [
            9.13391,
            34.00208
          ],
          [
            9.13477,
            34.00372
          ],
          [
            9.13478,
            34.00376
          ],
          [
            9.13528,
            34.0052
          ],
          [
            9.13543,
            34.00593
          ],
          [
            9.13586,
            34.00772
          ],
          [
            9.13605,
            34.00885
          ],
          [
            9.13606,
            34.00887
          ],
          [
            9.13614,
            34.00936
          ],
          [
            9.13639,
            34.01044
          ],
          [
            9.13674,
            34.01174
          ],
          [
            9.13726,
            34.01324
          ],
          [
            9.13812,
            34.01545
          ],
          [
            9.13813,
            34.01547
          ],
          [
            9.13852,
            34.01649
          ],
          [
            9.13915,
            34.01847
          ],
          [
            9.13939,
            34.01963
          ],
          [
            9.1394,
            34.01965
          ],
          [
            9.14082,
            34.02618
          ],
          [
            9.14082,
            34.0262
          ],
          [
            9.14141,
            34.02871
          ],
          [
            9.14184,
            34.03021
          ],
          [
            9.14195,
            34.03053
          ],
          [
            9.14203,
            34.03074
          ],
          [
            9.14204,
            34.03076
          ],
          [
            9.14217,
            34.03111
          ],
          [
            9.14261,
            34.03219
          ],
          [
            9.14317,
            34.03345
          ],
          [
            9.14434,
            34.03617
          ],
          [
            9.14526,
            34.03878
          ],
          [
            9.14534,
            34.03899
          ],
          [
            9.14548,
            34.03946
          ],
          [
            9.14549,
            34.03948
          ],
          [
            9.14574,
            34.04027
          ],
          [
            9.1461,
            34.04169
          ],
          [
            9.14623,
            34.0424
          ],
          [
            9.14644,
            34.04382
          ],
          [
            9.14653,
            34.04515
          ],
          [
            9.14654,
            34.04519
          ],
          [
            9.14656,
            34.04737
          ],
          [
            9.14657,
            34.04763
          ],
          [
            9.14673,
            34.04962
          ],
          [
            9.14674,
            34.04964
          ],
          [
            9.14674,
            34.04971
          ],
          [
            9.14703,
            34.05129
          ],
          [
            9.14706,
            34.05142
          ],
          [
            9.14711,
            34.0516
          ],
          [
            9.14719,
            34.05193
          ],
          [
            9.14731,
            34.05228
          ],
          [
            9.14732,
            34.0523
          ],
          [
            9.14741,
            34.05257
          ],
          [
            9.14795,
            34.05384
          ],
          [
            9.14821,
            34.05433
          ],
          [
            9.14876,
            34.05524
          ],
          [
            9.14956,
            34.05635
          ],
          [
            9.15197,
            34.05944
          ],
          [
            9.15203,
            34.05956
          ],
          [
            9.15213,
            34.05972
          ],
          [
            9.15335,
            34.06191
          ],
          [
            9.15377,
            34.06289
          ],
          [
            9.15412,
            34.06397
          ],
          [
            9.15468,
            34.06479
          ],
          [
            9.15609,
            34.06637
          ],
          [
            9.15744,
            34.0676
          ],
          [
            9.16087,
            34.07044
          ],
          [
            9.16262,
            34.0718
          ],
          [
            9.16352,
            34.07277
          ],
          [
            9.1642,
            34.07347
          ],
          [
            9.16665,
            34.0756
          ],
          [
            9.168,
            34.0763
          ],
          [
            9.16882,
            34.07717
          ],
          [
            9.16927,
            34.07828
          ],
          [
            9.17006,
            34.0798
          ],
          [
            9.17221,
            34.0826
          ],
          [
            9.17232,
            34.08276
          ],
          [
            9.17406,
            34.08508
          ],
          [
            9.17528,
            34.08705
          ],
          [
            9.17644,
            34.08928
          ],
          [
            9.17646,
            34.08931
          ],
          [
            9.17714,
            34.09085
          ],
          [
            9.17756,
            34.09211
          ],
          [
            9.17775,
            34.09252
          ],
          [
            9.17809,
            34.09313
          ],
          [
            9.1785,
            34.09379
          ],
          [
            9.17856,
            34.09457
          ],
          [
            9.17836,
            34.0959
          ],
          [
            9.17837,
            34.09676
          ],
          [
            9.17841,
            34.09791
          ],
          [
            9.1784,
            34.09794
          ],
          [
            9.17833,
            34.09863
          ],
          [
            9.17826,
            34.09894
          ],
          [
            9.17812,
            34.09944
          ],
          [
            9.1779,
            34.09979
          ],
          [
            9.17706,
            34.10054
          ],
          [
            9.17645,
            34.10114
          ],
          [
            9.17597,
            34.10152
          ],
          [
            9.17543,
            34.10209
          ],
          [
            9.17479,
            34.10258
          ],
          [
            9.17449,
            34.10275
          ],
          [
            9.17432,
            34.10286
          ],
          [
            9.17365,
            34.10324
          ],
          [
            9.17229,
            34.10444
          ],
          [
            9.1712,
            34.10544
          ],
          [
            9.17108,
            34.10561
          ],
          [
            9.17103,
            34.1057
          ],
          [
            9.17064,
            34.10633
          ],
          [
            9.17072,
            34.10886
          ],
          [
            9.17073,
            34.109
          ],
          [
            9.1706,
            34.10919
          ],
          [
            9.17045,
            34.10943
          ],
          [
            9.17041,
            34.10953
          ],
          [
            9.1704,
            34.10962
          ],
          [
            9.17045,
            34.11005
          ],
          [
            9.17063,
            34.11112
          ],
          [
            9.17067,
            34.11153
          ],
          [
            9.17067,
            34.11175
          ],
          [
            9.17066,
            34.11181
          ],
          [
            9.17064,
            34.11185
          ],
          [
            9.17062,
            34.11197
          ],
          [
            9.17058,
            34.11205
          ],
          [
            9.17052,
            34.11213
          ],
          [
            9.17041,
            34.11223
          ],
          [
            9.17032,
            34.11228
          ],
          [
            9.16831,
            34.11353
          ],
          [
            9.16697,
            34.11445
          ],
          [
            9.16667,
            34.11481
          ],
          [
            9.16646,
            34.11511
          ],
          [
            9.16628,
            34.11564
          ],
          [
            9.16616,
            34.11596
          ],
          [
            9.1659,
            34.11708
          ],
          [
            9.16554,
            34.11769
          ],
          [
            9.16549,
            34.11776
          ],
          [
            9.16542,
            34.11784
          ],
          [
            9.1653,
            34.11799
          ],
          [
            9.16471,
            34.11867
          ],
          [
            9.16425,
            34.11946
          ],
          [
            9.16355,
            34.12037
          ],
          [
            9.16347,
            34.12043
          ],
          [
            9.16255,
            34.12106
          ],
          [
            9.16195,
            34.12174
          ],
          [
            9.16189,
            34.12183
          ],
          [
            9.16187,
            34.12195
          ],
          [
            9.16188,
            34.12205
          ],
          [
            9.1619,
            34.12241
          ],
          [
            9.16193,
            34.12253
          ],
          [
            9.16196,
            34.12258
          ],
          [
            9.16198,
            34.12262
          ],
          [
            9.1622,
            34.12299
          ],
          [
            9.16256,
            34.12354
          ],
          [
            9.16421,
            34.12596
          ],
          [
            9.16519,
            34.12733
          ],
          [
            9.16601,
            34.12802
          ],
          [
            9.16708,
            34.12991
          ],
          [
            9.16747,
            34.13126
          ],
          [
            9.16775,
            34.13195
          ],
          [
            9.16901,
            34.13301
          ],
          [
            9.17016,
            34.13374
          ],
          [
            9.17017,
            34.13374
          ],
          [
            9.17144,
            34.13472
          ],
          [
            9.17165,
            34.13484
          ],
          [
            9.17178,
            34.13494
          ],
          [
            9.17188,
            34.13501
          ],
          [
            9.17208,
            34.13521
          ],
          [
            9.17219,
            34.13542
          ],
          [
            9.17225,
            34.13567
          ],
          [
            9.17228,
            34.13589
          ],
          [
            9.1722,
            34.13745
          ],
          [
            9.17216,
            34.13761
          ],
          [
            9.17207,
            34.13773
          ],
          [
            9.17181,
            34.13794
          ],
          [
            9.17171,
            34.13801
          ],
          [
            9.17165,
            34.13806
          ],
          [
            9.17129,
            34.13832
          ],
          [
            9.17073,
            34.13905
          ],
          [
            9.1706,
            34.13921
          ],
          [
            9.17041,
            34.13936
          ],
          [
            9.17009,
            34.13952
          ],
          [
            9.16961,
            34.13982
          ],
          [
            9.16956,
            34.13984
          ],
          [
            9.16928,
            34.13997
          ],
          [
            9.1692,
            34.14004
          ],
          [
            9.16838,
            34.14087
          ],
          [
            9.16825,
            34.14101
          ],
          [
            9.16783,
            34.14143
          ],
          [
            9.16726,
            34.14189
          ],
          [
            9.1656,
            34.14276
          ],
          [
            9.16349,
            34.14379
          ],
          [
            9.16343,
            34.14381
          ],
          [
            9.1623,
            34.14458
          ],
          [
            9.16122,
            34.14553
          ],
          [
            9.16037,
            34.14619
          ],
          [
            9.15977,
            34.14692
          ],
          [
            9.15968,
            34.14711
          ],
          [
            9.15966,
            34.14733
          ],
          [
            9.15967,
            34.14751
          ],
          [
            9.15976,
            34.14772
          ],
          [
            9.16033,
            34.14862
          ],
          [
            9.16053,
            34.14902
          ],
          [
            9.1606,
            34.14922
          ],
          [
            9.16077,
            34.14965
          ],
          [
            9.16114,
            34.15121
          ],
          [
            9.16144,
            34.15208
          ],
          [
            9.1616,
            34.1524
          ],
          [
            9.16234,
            34.15358
          ],
          [
            9.16274,
            34.15456
          ],
          [
            9.16274,
            34.15483
          ],
          [
            9.16266,
            34.15514
          ],
          [
            9.16266,
            34.15515
          ],
          [
            9.16219,
            34.15667
          ],
          [
            9.16195,
            34.15807
          ],
          [
            9.16178,
            34.15997
          ],
          [
            9.16172,
            34.161
          ],
          [
            9.16161,
            34.16185
          ],
          [
            9.16129,
            34.16278
          ],
          [
            9.16097,
            34.16349
          ],
          [
            9.16056,
            34.16567
          ],
          [
            9.16048,
            34.16786
          ],
          [
            9.16011,
            34.16945
          ],
          [
            9.15968,
            34.17517
          ],
          [
            9.15929,
            34.17733
          ],
          [
            9.15914,
            34.17797
          ],
          [
            9.15916,
            34.18019
          ],
          [
            9.15899,
            34.1816
          ],
          [
            9.15871,
            34.18354
          ],
          [
            9.15871,
            34.18355
          ],
          [
            9.15687,
            34.19127
          ],
          [
            9.15562,
            34.19613
          ],
          [
            9.15496,
            34.19883
          ],
          [
            9.1544,
            34.20131
          ],
          [
            9.15333,
            34.20651
          ],
          [
            9.15275,
            34.2087
          ],
          [
            9.15174,
            34.21319
          ],
          [
            9.15109,
            34.21575
          ],
          [
            9.14903,
            34.22268
          ],
          [
            9.14853,
            34.22514
          ],
          [
            9.14837,
            34.22601
          ],
          [
            9.14815,
            34.2274
          ],
          [
            9.14813,
            34.22757
          ],
          [
            9.1481,
            34.22775
          ],
          [
            9.14809,
            34.22779
          ],
          [
            9.14764,
            34.23041
          ],
          [
            9.14735,
            34.23222
          ],
          [
            9.14705,
            34.23433
          ],
          [
            9.147,
            34.23547
          ],
          [
            9.14711,
            34.23829
          ],
          [
            9.14708,
            34.23935
          ],
          [
            9.14768,
            34.23923
          ],
          [
            9.14854,
            34.23909
          ],
          [
            9.14928,
            34.23895
          ],
          [
            9.1497,
            34.23884
          ],
          [
            9.15075,
            34.23845
          ],
          [
            9.15252,
            34.23769
          ],
          [
            9.15339,
            34.23734
          ],
          [
            9.15371,
            34.23726
          ],
          [
            9.15414,
            34.23717
          ],
          [
            9.15523,
            34.23699
          ],
          [
            9.1559,
            34.23692
          ],
          [
            9.15632,
            34.23691
          ],
          [
            9.15685,
            34.23692
          ],
          [
            9.15728,
            34.23696
          ],
          [
            9.15741,
            34.23698
          ],
          [
            9.16054,
            34.23735
          ],
          [
            9.16279,
            34.23758
          ],
          [
            9.16301,
            34.23761
          ],
          [
            9.16359,
            34.23767
          ],
          [
            9.16421,
            34.23766
          ],
          [
            9.16789,
            34.23738
          ],
          [
            9.16886,
            34.23742
          ],
          [
            9.17105,
            34.23767
          ],
          [
            9.17869,
            34.23835
          ],
          [
            9.17964,
            34.23841
          ],
          [
            9.18096,
            34.23841
          ],
          [
            9.18214,
            34.23844
          ],
          [
            9.18375,
            34.23843
          ],
          [
            9.18443,
            34.23852
          ],
          [
            9.18569,
            34.23876
          ],
          [
            9.18648,
            34.23889
          ],
          [
            9.18802,
            34.23918
          ],
          [
            9.18805,
            34.23918
          ],
          [
            9.19506,
            34.24046
          ],
          [
            9.19586,
            34.24058
          ],
          [
            9.19701,
            34.24072
          ],
          [
            9.20089,
            34.24113
          ],
          [
            9.2034,
            34.24146
          ],
          [
            9.20506,
            34.24173
          ],
          [
            9.20859,
            34.24222
          ],
          [
            9.20881,
            34.24224
          ],
          [
            9.21337,
            34.24287
          ],
          [
            9.21789,
            34.24344
          ],
          [
            9.22011,
            34.24368
          ],
          [
            9.22992,
            34.24419
          ],
          [
            9.23182,
            34.24433
          ],
          [
            9.23209,
            34.24434
          ],
          [
            9.23314,
            34.24456
          ],
          [
            9.23762,
            34.24541
          ],
          [
            9.24034,
            34.24596
          ],
          [
            9.24195,
            34.24631
          ],
          [
            9.24379,
            34.24666
          ],
          [
            9.248,
            34.24759
          ],
          [
            9.24806,
            34.2476
          ],
          [
            9.24865,
            34.24774
          ],
          [
            9.24876,
            34.24776
          ],
          [
            9.25142,
            34.24835
          ],
          [
            9.25295,
            34.24866
          ],
          [
            9.25368,
            34.24878
          ],
          [
            9.25883,
            34.24981
          ],
          [
            9.27106,
            34.25218
          ],
          [
            9.27396,
            34.25282
          ],
          [
            9.28534,
            34.25441
          ],
          [
            9.28888,
            34.25483
          ],
          [
            9.29056,
            34.2551
          ],
          [
            9.29238,
            34.25542
          ],
          [
            9.30093,
            34.25662
          ],
          [
            9.30885,
            34.25788
          ],
          [
            9.30893,
            34.2579
          ],
          [
            9.30991,
            34.25806
          ],
          [
            9.31,
            34.25807
          ],
          [
            9.31021,
            34.25811
          ],
          [
            9.31312,
            34.25858
          ],
          [
            9.31602,
            34.25901
          ],
          [
            9.31721,
            34.25922
          ],
          [
            9.31791,
            34.25931
          ],
          [
            9.31913,
            34.25942
          ],
          [
            9.32087,
            34.25961
          ],
          [
            9.32319,
            34.25981
          ],
          [
            9.32405,
            34.2599
          ],
          [
            9.32529,
            34.2601
          ],
          [
            9.32649,
            34.26036
          ],
          [
            9.32864,
            34.26073
          ],
          [
            9.33299,
            34.26138
          ],
          [
            9.33735,
            34.26195
          ],
          [
            9.3398,
            34.26251
          ],
          [
            9.34025,
            34.26263
          ],
          [
            9.34287,
            34.26356
          ],
          [
            9.34342,
            34.26373
          ],
          [
            9.3436,
            34.2638
          ],
          [
            9.34532,
            34.2643
          ],
          [
            9.34751,
            34.26479
          ],
          [
            9.34794,
            34.26492
          ],
          [
            9.35358,
            34.26644
          ],
          [
            9.35831,
            34.26759
          ],
          [
            9.3667,
            34.26952
          ],
          [
            9.37505,
            34.27135
          ],
          [
            9.38088,
            34.27231
          ],
          [
            9.38638,
            34.27328
          ],
          [
            9.38666,
            34.27328
          ],
          [
            9.38924,
            34.2737
          ],
          [
            9.38933,
            34.27372
          ],
          [
            9.38976,
            34.27379
          ],
          [
            9.3899,
            34.27382
          ],
          [
            9.39144,
            34.27406
          ],
          [
            9.39123,
            34.27567
          ],
          [
            9.39106,
            34.2768
          ],
          [
            9.39091,
            34.27709
          ],
          [
            9.39085,
            34.27738
          ],
          [
            9.39077,
            34.27797
          ],
          [
            9.39076,
            34.27801
          ],
          [
            9.39057,
            34.27949
          ],
          [
            9.39055,
            34.27959
          ],
          [
            9.3904,
            34.28062
          ],
          [
            9.39024,
            34.28185
          ],
          [
            9.39023,
            34.28209
          ],
          [
            9.39021,
            34.28371
          ],
          [
            9.39018,
            34.28457
          ],
          [
            9.39014,
            34.28659
          ],
          [
            9.39013,
            34.28815
          ],
          [
            9.39014,
            34.2883
          ],
          [
            9.39016,
            34.28897
          ],
          [
            9.39086,
            34.29139
          ],
          [
            9.39089,
            34.29151
          ],
          [
            9.39198,
            34.29529
          ],
          [
            9.39201,
            34.29536
          ],
          [
            9.39202,
            34.29542
          ],
          [
            9.39206,
            34.29554
          ],
          [
            9.39356,
            34.30067
          ],
          [
            9.3936,
            34.30078
          ],
          [
            9.3939,
            34.3018
          ],
          [
            9.39405,
            34.30224
          ],
          [
            9.39408,
            34.30235
          ],
          [
            9.39464,
            34.30397
          ],
          [
            9.39468,
            34.3044
          ],
          [
            9.3947,
            34.3061
          ],
          [
            9.39475,
            34.30723
          ],
          [
            9.39472,
            34.30752
          ],
          [
            9.39455,
            34.30787
          ],
          [
            9.39454,
            34.3079
          ],
          [
            9.39439,
            34.30821
          ],
          [
            9.39432,
            34.30879
          ],
          [
            9.39438,
            34.3091
          ],
          [
            9.39432,
            34.30926
          ],
          [
            9.39433,
            34.3093
          ],
          [
            9.39433,
            34.30937
          ],
          [
            9.39435,
            34.30941
          ],
          [
            9.39448,
            34.30977
          ],
          [
            9.39473,
            34.31013
          ],
          [
            9.39529,
            34.31085
          ],
          [
            9.39566,
            34.31126
          ],
          [
            9.39567,
            34.31128
          ],
          [
            9.39577,
            34.3116
          ],
          [
            9.39579,
            34.31169
          ],
          [
            9.3958,
            34.31275
          ],
          [
            9.39583,
            34.31309
          ],
          [
            9.39613,
            34.31354
          ],
          [
            9.39628,
            34.31396
          ],
          [
            9.3963,
            34.31404
          ],
          [
            9.39636,
            34.31434
          ],
          [
            9.3967,
            34.31569
          ],
          [
            9.39671,
            34.3157
          ],
          [
            9.39743,
            34.31785
          ],
          [
            9.39803,
            34.31881
          ],
          [
            9.39915,
            34.3198
          ],
          [
            9.39983,
            34.32027
          ],
          [
            9.4,
            34.32038
          ],
          [
            9.40018,
            34.32051
          ],
          [
            9.40176,
            34.32136
          ],
          [
            9.40271,
            34.32171
          ],
          [
            9.40295,
            34.32189
          ],
          [
            9.40312,
            34.322
          ],
          [
            9.40335,
            34.32217
          ],
          [
            9.40342,
            34.32226
          ],
          [
            9.40378,
            34.32278
          ],
          [
            9.40452,
            34.32335
          ],
          [
            9.40455,
            34.32338
          ],
          [
            9.40528,
            34.32384
          ],
          [
            9.40652,
            34.32475
          ],
          [
            9.4068,
            34.32497
          ],
          [
            9.40683,
            34.32499
          ],
          [
            9.40763,
            34.32561
          ],
          [
            9.40778,
            34.32574
          ],
          [
            9.40799,
            34.32589
          ],
          [
            9.40863,
            34.3263
          ],
          [
            9.4087,
            34.32634
          ],
          [
            9.40902,
            34.32645
          ],
          [
            9.40922,
            34.32653
          ],
          [
            9.40953,
            34.32664
          ],
          [
            9.41035,
            34.32701
          ],
          [
            9.41066,
            34.3273
          ],
          [
            9.4108,
            34.32744
          ],
          [
            9.41095,
            34.32757
          ],
          [
            9.41217,
            34.32884
          ],
          [
            9.41297,
            34.32956
          ],
          [
            9.41306,
            34.32963
          ],
          [
            9.41316,
            34.32969
          ],
          [
            9.41455,
            34.33064
          ],
          [
            9.4158,
            34.33119
          ],
          [
            9.41655,
            34.33155
          ],
          [
            9.41687,
            34.33183
          ],
          [
            9.417,
            34.33208
          ],
          [
            9.41711,
            34.33227
          ],
          [
            9.41758,
            34.33289
          ],
          [
            9.41768,
            34.333
          ],
          [
            9.41782,
            34.33313
          ],
          [
            9.41801,
            34.33332
          ],
          [
            9.41833,
            34.33357
          ],
          [
            9.41836,
            34.33368
          ],
          [
            9.41846,
            34.33399
          ],
          [
            9.41882,
            34.33469
          ],
          [
            9.41885,
            34.33474
          ],
          [
            9.41908,
            34.33518
          ],
          [
            9.41918,
            34.33534
          ],
          [
            9.41927,
            34.33551
          ],
          [
            9.41956,
            34.33599
          ],
          [
            9.41966,
            34.33617
          ],
          [
            9.41968,
            34.33633
          ],
          [
            9.42167,
            34.33953
          ],
          [
            9.42367,
            34.34264
          ],
          [
            9.42387,
            34.34297
          ],
          [
            9.4251,
            34.34485
          ],
          [
            9.42532,
            34.34538
          ],
          [
            9.42533,
            34.34608
          ],
          [
            9.42543,
            34.34633
          ],
          [
            9.42555,
            34.34668
          ],
          [
            9.42573,
            34.34714
          ],
          [
            9.42592,
            34.34737
          ],
          [
            9.42649,
            34.3485
          ],
          [
            9.42712,
            34.34999
          ],
          [
            9.42857,
            34.35188
          ],
          [
            9.43011,
            34.35384
          ],
          [
            9.43034,
            34.35408
          ],
          [
            9.43078,
            34.35444
          ],
          [
            9.43138,
            34.35506
          ],
          [
            9.43168,
            34.35535
          ],
          [
            9.43197,
            34.3556
          ],
          [
            9.43222,
            34.35579
          ],
          [
            9.4323,
            34.35587
          ],
          [
            9.43242,
            34.35601
          ],
          [
            9.43264,
            34.35637
          ],
          [
            9.43273,
            34.35658
          ],
          [
            9.43281,
            34.35674
          ],
          [
            9.43282,
            34.35677
          ],
          [
            9.43291,
            34.35692
          ],
          [
            9.43302,
            34.35705
          ],
          [
            9.43305,
            34.35707
          ],
          [
            9.43317,
            34.35718
          ],
          [
            9.43331,
            34.35727
          ],
          [
            9.43347,
            34.35736
          ],
          [
            9.43367,
            34.35746
          ],
          [
            9.43374,
            34.3575
          ],
          [
            9.43382,
            34.35754
          ],
          [
            9.43399,
            34.35767
          ],
          [
            9.43414,
            34.3578
          ],
          [
            9.43455,
            34.35822
          ],
          [
            9.43497,
            34.35872
          ],
          [
            9.43499,
            34.35874
          ],
          [
            9.43545,
            34.35935
          ],
          [
            9.43555,
            34.35947
          ],
          [
            9.43555,
            34.35948
          ],
          [
            9.43557,
            34.3595
          ],
          [
            9.43603,
            34.36007
          ],
          [
            9.43625,
            34.36039
          ],
          [
            9.43627,
            34.36041
          ],
          [
            9.4363,
            34.36046
          ],
          [
            9.43658,
            34.36082
          ],
          [
            9.43693,
            34.3611
          ],
          [
            9.43728,
            34.36133
          ],
          [
            9.43729,
            34.36133
          ],
          [
            9.43754,
            34.36148
          ],
          [
            9.43832,
            34.36186
          ],
          [
            9.43863,
            34.36203
          ],
          [
            9.43902,
            34.36227
          ],
          [
            9.43976,
            34.36264
          ],
          [
            9.44006,
            34.36276
          ],
          [
            9.44043,
            34.36293
          ],
          [
            9.44046,
            34.36295
          ],
          [
            9.44065,
            34.36305
          ],
          [
            9.44129,
            34.36349
          ],
          [
            9.44165,
            34.36372
          ],
          [
            9.44249,
            34.36421
          ],
          [
            9.44288,
            34.3644
          ],
          [
            9.44309,
            34.36449
          ],
          [
            9.4433,
            34.36455
          ],
          [
            9.44361,
            34.36465
          ],
          [
            9.44449,
            34.3649
          ],
          [
            9.44496,
            34.36502
          ],
          [
            9.44521,
            34.36503
          ],
          [
            9.44567,
            34.36503
          ],
          [
            9.4459,
            34.36504
          ],
          [
            9.44612,
            34.36506
          ],
          [
            9.44636,
            34.36511
          ],
          [
            9.44653,
            34.36516
          ],
          [
            9.44677,
            34.36521
          ],
          [
            9.44701,
            34.36525
          ],
          [
            9.4475,
            34.3653
          ],
          [
            9.44776,
            34.36531
          ],
          [
            9.44796,
            34.36533
          ],
          [
            9.44801,
            34.36533
          ],
          [
            9.44829,
            34.36539
          ],
          [
            9.4484,
            34.36542
          ],
          [
            9.44849,
            34.36547
          ],
          [
            9.44858,
            34.36555
          ],
          [
            9.4487,
            34.36569
          ],
          [
            9.44889,
            34.36604
          ],
          [
            9.44934,
            34.36674
          ],
          [
            9.44967,
            34.36737
          ],
          [
            9.4498,
            34.36766
          ],
          [
            9.44997,
            34.36813
          ],
          [
            9.44998,
            34.36814
          ],
          [
            9.4501,
            34.36842
          ],
          [
            9.45017,
            34.36854
          ],
          [
            9.45028,
            34.36871
          ],
          [
            9.45033,
            34.3688
          ],
          [
            9.45044,
            34.36897
          ],
          [
            9.45061,
            34.36921
          ],
          [
            9.45084,
            34.36957
          ],
          [
            9.45091,
            34.36971
          ],
          [
            9.45098,
            34.36993
          ],
          [
            9.45098,
            34.36994
          ],
          [
            9.45108,
            34.37033
          ],
          [
            9.45112,
            34.37044
          ],
          [
            9.45114,
            34.37052
          ],
          [
            9.45135,
            34.37081
          ],
          [
            9.45145,
            34.37092
          ],
          [
            9.45151,
            34.371
          ],
          [
            9.45184,
            34.37133
          ],
          [
            9.452,
            34.37148
          ],
          [
            9.45217,
            34.37159
          ],
          [
            9.45239,
            34.3717
          ],
          [
            9.45285,
            34.37185
          ],
          [
            9.45316,
            34.37191
          ],
          [
            9.45318,
            34.37191
          ],
          [
            9.45392,
            34.37204
          ],
          [
            9.45426,
            34.37207
          ],
          [
            9.45482,
            34.37209
          ],
          [
            9.45491,
            34.3721
          ],
          [
            9.45539,
            34.37212
          ],
          [
            9.45605,
            34.37211
          ],
          [
            9.45746,
            34.37197
          ],
          [
            9.45751,
            34.37197
          ],
          [
            9.45804,
            34.37192
          ],
          [
            9.45839,
            34.3719
          ],
          [
            9.45862,
            34.37191
          ],
          [
            9.45885,
            34.37193
          ],
          [
            9.45925,
            34.372
          ],
          [
            9.45972,
            34.37207
          ],
          [
            9.46009,
            34.37207
          ],
          [
            9.46054,
            34.37204
          ],
          [
            9.46177,
            34.37199
          ],
          [
            9.46212,
            34.37199
          ],
          [
            9.46272,
            34.37197
          ],
          [
            9.46345,
            34.37198
          ],
          [
            9.4639,
            34.37203
          ],
          [
            9.46435,
            34.3721
          ],
          [
            9.46438,
            34.37211
          ],
          [
            9.46444,
            34.37211
          ],
          [
            9.46457,
            34.37213
          ],
          [
            9.46491,
            34.37216
          ],
          [
            9.46554,
            34.37219
          ],
          [
            9.46587,
            34.37215
          ],
          [
            9.46589,
            34.37188
          ],
          [
            9.46596,
            34.37183
          ],
          [
            9.46672,
            34.37216
          ],
          [
            9.46653,
            34.37212
          ],
          [
            9.4663,
            34.3721
          ],
          [
            9.46614,
            34.37211
          ],
          [
            9.46554,
            34.37219
          ],
          [
            9.46491,
            34.37216
          ],
          [
            9.46457,
            34.37213
          ],
          [
            9.46444,
            34.37211
          ],
          [
            9.46438,
            34.37211
          ],
          [
            9.46435,
            34.3721
          ],
          [
            9.4639,
            34.37203
          ],
          [
            9.46345,
            34.37198
          ],
          [
            9.46272,
            34.37197
          ],
          [
            9.46212,
            34.37199
          ],
          [
            9.46177,
            34.37199
          ],
          [
            9.46054,
            34.37204
          ],
          [
            9.46009,
            34.37207
          ],
          [
            9.45972,
            34.37207
          ],
          [
            9.45925,
            34.372
          ],
          [
            9.45885,
            34.37193
          ],
          [
            9.45862,
            34.37191
          ],
          [
            9.45839,
            34.3719
          ],
          [
            9.45804,
            34.37192
          ],
          [
            9.45751,
            34.37197
          ],
          [
            9.45746,
            34.37197
          ],
          [
            9.45605,
            34.37211
          ],
          [
            9.45539,
            34.37212
          ],
          [
            9.45491,
            34.3721
          ],
          [
            9.45482,
            34.37209
          ],
          [
            9.45426,
            34.37207
          ],
          [
            9.45392,
            34.37204
          ],
          [
            9.45318,
            34.37191
          ],
          [
            9.45316,
            34.37191
          ],
          [
            9.45285,
            34.37185
          ],
          [
            9.45239,
            34.3717
          ],
          [
            9.45217,
            34.37159
          ],
          [
            9.452,
            34.37148
          ],
          [
            9.45184,
            34.37133
          ],
          [
            9.45151,
            34.371
          ],
          [
            9.45145,
            34.37092
          ],
          [
            9.45135,
            34.37081
          ],
          [
            9.45114,
            34.37052
          ],
          [
            9.45112,
            34.37044
          ],
          [
            9.45108,
            34.37033
          ],
          [
            9.45098,
            34.36994
          ],
          [
            9.45098,
            34.36993
          ],
          [
            9.45091,
            34.36971
          ],
          [
            9.45084,
            34.36957
          ],
          [
            9.45061,
            34.36921
          ],
          [
            9.45044,
            34.36897
          ],
          [
            9.45033,
            34.3688
          ],
          [
            9.45028,
            34.36871
          ],
          [
            9.45017,
            34.36854
          ],
          [
            9.4501,
            34.36842
          ],
          [
            9.44998,
            34.36814
          ],
          [
            9.44997,
            34.36813
          ],
          [
            9.4498,
            34.36766
          ],
          [
            9.44967,
            34.36737
          ],
          [
            9.44934,
            34.36674
          ],
          [
            9.44889,
            34.36604
          ],
          [
            9.4487,
            34.36569
          ],
          [
            9.44858,
            34.36555
          ],
          [
            9.44849,
            34.36547
          ],
          [
            9.4484,
            34.36542
          ],
          [
            9.44829,
            34.36539
          ],
          [
            9.44801,
            34.36533
          ],
          [
            9.44796,
            34.36533
          ],
          [
            9.44776,
            34.36531
          ],
          [
            9.4475,
            34.3653
          ],
          [
            9.44701,
            34.36525
          ],
          [
            9.44677,
            34.36521
          ],
          [
            9.44653,
            34.36516
          ],
          [
            9.44636,
            34.36511
          ],
          [
            9.44612,
            34.36506
          ],
          [
            9.4459,
            34.36504
          ],
          [
            9.44567,
            34.36503
          ],
          [
            9.44521,
            34.36503
          ],
          [
            9.44496,
            34.36502
          ],
          [
            9.44449,
            34.3649
          ],
          [
            9.44361,
            34.36465
          ],
          [
            9.4433,
            34.36455
          ],
          [
            9.44309,
            34.36449
          ],
          [
            9.44288,
            34.3644
          ],
          [
            9.44249,
            34.36421
          ],
          [
            9.44165,
            34.36372
          ],
          [
            9.44129,
            34.36349
          ],
          [
            9.44065,
            34.36305
          ],
          [
            9.44046,
            34.36295
          ],
          [
            9.44043,
            34.36293
          ],
          [
            9.44006,
            34.36276
          ],
          [
            9.43976,
            34.36264
          ],
          [
            9.43902,
            34.36227
          ],
          [
            9.43863,
            34.36203
          ],
          [
            9.43832,
            34.36186
          ],
          [
            9.43754,
            34.36148
          ],
          [
            9.43729,
            34.36133
          ],
          [
            9.43728,
            34.36133
          ],
          [
            9.43693,
            34.3611
          ],
          [
            9.43658,
            34.36082
          ],
          [
            9.4363,
            34.36046
          ],
          [
            9.43627,
            34.36041
          ],
          [
            9.43625,
            34.36039
          ],
          [
            9.43603,
            34.36007
          ],
          [
            9.43557,
            34.3595
          ],
          [
            9.43555,
            34.35948
          ],
          [
            9.43555,
            34.35947
          ],
          [
            9.43545,
            34.35935
          ],
          [
            9.43499,
            34.35874
          ],
          [
            9.43497,
            34.35872
          ],
          [
            9.43455,
            34.35822
          ],
          [
            9.43414,
            34.3578
          ],
          [
            9.43399,
            34.35767
          ],
          [
            9.43382,
            34.35754
          ],
          [
            9.43374,
            34.3575
          ],
          [
            9.43367,
            34.35746
          ],
          [
            9.43347,
            34.35736
          ],
          [
            9.43331,
            34.35727
          ],
          [
            9.43317,
            34.35718
          ],
          [
            9.43305,
            34.35707
          ],
          [
            9.43302,
            34.35705
          ],
          [
            9.43291,
            34.35692
          ],
          [
            9.43282,
            34.35677
          ],
          [
            9.43281,
            34.35674
          ],
          [
            9.43273,
            34.35658
          ],
          [
            9.43264,
            34.35637
          ],
          [
            9.43242,
            34.35601
          ],
          [
            9.4323,
            34.35587
          ],
          [
            9.43222,
            34.35579
          ],
          [
            9.43197,
            34.3556
          ],
          [
            9.43168,
            34.35535
          ],
          [
            9.43138,
            34.35506
          ],
          [
            9.43078,
            34.35444
          ],
          [
            9.4309,
            34.35502
          ],
          [
            9.43161,
            34.35712
          ],
          [
            9.43325,
            34.36152
          ],
          [
            9.43378,
            34.36289
          ],
          [
            9.4343,
            34.36409
          ],
          [
            9.4347,
            34.36507
          ],
          [
            9.43472,
            34.36514
          ],
          [
            9.43528,
            34.36651
          ],
          [
            9.4356,
            34.36706
          ],
          [
            9.43581,
            34.36731
          ],
          [
            9.43617,
            34.36768
          ],
          [
            9.43685,
            34.36831
          ],
          [
            9.43692,
            34.36839
          ],
          [
            9.43704,
            34.36854
          ],
          [
            9.43709,
            34.36921
          ],
          [
            9.43709,
            34.36925
          ],
          [
            9.4373,
            34.37064
          ],
          [
            9.43731,
            34.37068
          ],
          [
            9.43742,
            34.37139
          ],
          [
            9.43742,
            34.37161
          ],
          [
            9.43741,
            34.37171
          ],
          [
            9.43741,
            34.3728
          ],
          [
            9.43742,
            34.37319
          ],
          [
            9.43743,
            34.37333
          ],
          [
            9.43743,
            34.37337
          ],
          [
            9.43748,
            34.37351
          ],
          [
            9.43763,
            34.374
          ],
          [
            9.43798,
            34.375
          ],
          [
            9.43814,
            34.37537
          ],
          [
            9.4384,
            34.3759
          ],
          [
            9.43895,
            34.37677
          ],
          [
            9.43942,
            34.3779
          ],
          [
            9.43956,
            34.37921
          ],
          [
            9.43961,
            34.37932
          ],
          [
            9.43961,
            34.37933
          ],
          [
            9.43965,
            34.37941
          ],
          [
            9.4399,
            34.37978
          ],
          [
            9.44041,
            34.38038
          ],
          [
            9.44054,
            34.38056
          ],
          [
            9.44077,
            34.38079
          ],
          [
            9.44132,
            34.38145
          ],
          [
            9.44138,
            34.38155
          ],
          [
            9.44146,
            34.38165
          ],
          [
            9.4415,
            34.38172
          ],
          [
            9.44157,
            34.38186
          ],
          [
            9.44158,
            34.38189
          ],
          [
            9.44311,
            34.38487
          ],
          [
            9.44313,
            34.38492
          ],
          [
            9.44342,
            34.38549
          ],
          [
            9.44345,
            34.38553
          ],
          [
            9.44437,
            34.38696
          ],
          [
            9.44448,
            34.38712
          ],
          [
            9.44458,
            34.38728
          ],
          [
            9.44645,
            34.39112
          ],
          [
            9.44654,
            34.39128
          ],
          [
            9.44725,
            34.39275
          ],
          [
            9.44798,
            34.3941
          ],
          [
            9.44892,
            34.39611
          ],
          [
            9.44977,
            34.39811
          ],
          [
            9.44645,
            34.39792
          ],
          [
            9.44628,
            34.39792
          ],
          [
            9.44607,
            34.39794
          ],
          [
            9.44588,
            34.39797
          ],
          [
            9.44583,
            34.39799
          ],
          [
            9.44578,
            34.39802
          ],
          [
            9.44574,
            34.39805
          ],
          [
            9.44567,
            34.39811
          ],
          [
            9.4454,
            34.39858
          ],
          [
            9.44511,
            34.39926
          ],
          [
            9.44478,
            34.40017
          ],
          [
            9.44451,
            34.40103
          ],
          [
            9.44439,
            34.40135
          ],
          [
            9.44423,
            34.4017
          ],
          [
            9.44414,
            34.40196
          ],
          [
            9.44399,
            34.40225
          ],
          [
            9.44327,
            34.40384
          ],
          [
            9.44293,
            34.40474
          ],
          [
            9.44276,
            34.40523
          ],
          [
            9.44272,
            34.40533
          ],
          [
            9.4424,
            34.40628
          ],
          [
            9.44224,
            34.40679
          ],
          [
            9.44222,
            34.40689
          ],
          [
            9.44215,
            34.40714
          ],
          [
            9.4421,
            34.40761
          ],
          [
            9.44207,
            34.40779
          ],
          [
            9.44206,
            34.40796
          ],
          [
            9.44205,
            34.40804
          ],
          [
            9.44202,
            34.40848
          ],
          [
            9.44193,
            34.40922
          ],
          [
            9.44193,
            34.40931
          ],
          [
            9.44186,
            34.40962
          ],
          [
            9.4418,
            34.40974
          ],
          [
            9.44184,
            34.40993
          ],
          [
            9.44166,
            34.41166
          ],
          [
            9.44164,
            34.41256
          ],
          [
            9.44163,
            34.41275
          ],
          [
            9.44176,
            34.41557
          ],
          [
            9.4417,
            34.41823
          ],
          [
            9.44159,
            34.41871
          ],
          [
            9.44139,
            34.41902
          ],
          [
            9.4396,
            34.42237
          ],
          [
            9.43874,
            34.42382
          ],
          [
            9.43815,
            34.42494
          ],
          [
            9.43807,
            34.42521
          ],
          [
            9.4369,
            34.42528
          ],
          [
            9.43543,
            34.42549
          ],
          [
            9.43498,
            34.42564
          ],
          [
            9.43468,
            34.42591
          ],
          [
            9.43463,
            34.42596
          ],
          [
            9.43437,
            34.42636
          ],
          [
            9.43439,
            34.42652
          ],
          [
            9.43453,
            34.42682
          ],
          [
            9.43466,
            34.42694
          ],
          [
            9.43544,
            34.42832
          ],
          [
            9.43551,
            34.42857
          ],
          [
            9.43556,
            34.42905
          ],
          [
            9.43559,
            34.42954
          ],
          [
            9.43556,
            34.42989
          ],
          [
            9.4352,
            34.43102
          ],
          [
            9.43514,
            34.43115
          ],
          [
            9.4349,
            34.43192
          ],
          [
            9.43486,
            34.43217
          ],
          [
            9.43486,
            34.43268
          ],
          [
            9.43431,
            34.43267
          ],
          [
            9.43427,
            34.43258
          ],
          [
            9.43411,
            34.43254
          ],
          [
            9.43407,
            34.4327
          ],
          [
            9.43431,
            34.43267
          ],
          [
            9.43486,
            34.43268
          ],
          [
            9.43486,
            34.43217
          ],
          [
            9.4349,
            34.43192
          ],
          [
            9.43514,
            34.43115
          ],
          [
            9.4352,
            34.43102
          ],
          [
            9.43556,
            34.42989
          ],
          [
            9.43559,
            34.42954
          ],
          [
            9.43556,
            34.42905
          ],
          [
            9.43551,
            34.42857
          ],
          [
            9.43544,
            34.42832
          ],
          [
            9.43466,
            34.42694
          ],
          [
            9.43453,
            34.42682
          ],
          [
            9.43439,
            34.42652
          ],
          [
            9.43437,
            34.42636
          ],
          [
            9.43463,
            34.42596
          ],
          [
            9.43468,
            34.42591
          ],
          [
            9.43498,
            34.42564
          ],
          [
            9.43543,
            34.42549
          ],
          [
            9.4369,
            34.42528
          ],
          [
            9.43807,
            34.42521
          ],
          [
            9.43815,
            34.42494
          ],
          [
            9.43874,
            34.42382
          ],
          [
            9.4396,
            34.42237
          ],
          [
            9.44139,
            34.41902
          ],
          [
            9.44159,
            34.41871
          ],
          [
            9.4417,
            34.41823
          ],
          [
            9.44176,
            34.41557
          ],
          [
            9.44163,
            34.41275
          ],
          [
            9.44164,
            34.41256
          ],
          [
            9.44166,
            34.41166
          ],
          [
            9.44184,
            34.40993
          ],
          [
            9.4418,
            34.40974
          ],
          [
            9.44186,
            34.40962
          ],
          [
            9.44193,
            34.40931
          ],
          [
            9.44193,
            34.40922
          ],
          [
            9.44202,
            34.40848
          ],
          [
            9.44205,
            34.40804
          ],
          [
            9.44206,
            34.40796
          ],
          [
            9.44207,
            34.40779
          ],
          [
            9.4421,
            34.40761
          ],
          [
            9.44215,
            34.40714
          ],
          [
            9.44222,
            34.40689
          ],
          [
            9.44224,
            34.40679
          ],
          [
            9.4424,
            34.40628
          ],
          [
            9.44272,
            34.40533
          ],
          [
            9.44276,
            34.40523
          ],
          [
            9.44293,
            34.40474
          ],
          [
            9.44327,
            34.40384
          ],
          [
            9.44399,
            34.40225
          ],
          [
            9.44414,
            34.40196
          ],
          [
            9.44423,
            34.4017
          ],
          [
            9.44439,
            34.40135
          ],
          [
            9.44451,
            34.40103
          ],
          [
            9.44478,
            34.40017
          ],
          [
            9.44511,
            34.39926
          ],
          [
            9.4454,
            34.39858
          ],
          [
            9.44567,
            34.39811
          ],
          [
            9.44574,
            34.39805
          ],
          [
            9.44578,
            34.39802
          ],
          [
            9.44583,
            34.39799
          ],
          [
            9.44588,
            34.39797
          ],
          [
            9.44607,
            34.39794
          ],
          [
            9.44628,
            34.39792
          ],
          [
            9.44645,
            34.39792
          ],
          [
            9.4499,
            34.39812
          ],
          [
            9.45177,
            34.39818
          ],
          [
            9.45199,
            34.39818
          ],
          [
            9.453,
            34.39822
          ],
          [
            9.45437,
            34.39831
          ],
          [
            9.45534,
            34.39834
          ],
          [
            9.45695,
            34.39848
          ],
          [
            9.45697,
            34.39848
          ],
          [
            9.45803,
            34.39858
          ],
          [
            9.45868,
            34.39861
          ],
          [
            9.45879,
            34.39862
          ],
          [
            9.45912,
            34.39863
          ],
          [
            9.45925,
            34.39864
          ],
          [
            9.4599,
            34.39866
          ],
          [
            9.46035,
            34.39869
          ],
          [
            9.46221,
            34.39874
          ],
          [
            9.46337,
            34.3988
          ],
          [
            9.46382,
            34.39881
          ],
          [
            9.46491,
            34.39889
          ],
          [
            9.46804,
            34.39902
          ],
          [
            9.46816,
            34.39902
          ],
          [
            9.46872,
            34.39907
          ],
          [
            9.46888,
            34.3991
          ],
          [
            9.46903,
            34.39911
          ],
          [
            9.46918,
            34.39915
          ],
          [
            9.46966,
            34.39926
          ],
          [
            9.46987,
            34.39932
          ],
          [
            9.47037,
            34.39944
          ],
          [
            9.4704,
            34.39945
          ],
          [
            9.47143,
            34.39972
          ],
          [
            9.47179,
            34.3998
          ],
          [
            9.47246,
            34.39997
          ],
          [
            9.47266,
            34.40003
          ],
          [
            9.4746,
            34.40054
          ],
          [
            9.47475,
            34.40059
          ],
          [
            9.47518,
            34.4007
          ],
          [
            9.47639,
            34.40107
          ],
          [
            9.47698,
            34.40127
          ],
          [
            9.477,
            34.40128
          ],
          [
            9.4773,
            34.40137
          ],
          [
            9.47753,
            34.40146
          ],
          [
            9.47798,
            34.4016
          ],
          [
            9.4782,
            34.40168
          ],
          [
            9.47827,
            34.40171
          ],
          [
            9.47979,
            34.40222
          ],
          [
            9.48364,
            34.40361
          ],
          [
            9.48407,
            34.40375
          ],
          [
            9.48464,
            34.40395
          ],
          [
            9.48614,
            34.40451
          ],
          [
            9.48623,
            34.40455
          ],
          [
            9.48691,
            34.40479
          ],
          [
            9.4879,
            34.40516
          ],
          [
            9.49067,
            34.40613
          ],
          [
            9.49122,
            34.40635
          ],
          [
            9.49124,
            34.40636
          ],
          [
            9.49258,
            34.40685
          ],
          [
            9.49262,
            34.40687
          ],
          [
            9.49278,
            34.40692
          ],
          [
            9.49429,
            34.40747
          ],
          [
            9.49433,
            34.40749
          ],
          [
            9.49687,
            34.40838
          ],
          [
            9.49693,
            34.40841
          ],
          [
            9.49887,
            34.40908
          ],
          [
            9.50014,
            34.40954
          ],
          [
            9.50018,
            34.40955
          ],
          [
            9.50058,
            34.40968
          ],
          [
            9.50112,
            34.40988
          ],
          [
            9.50214,
            34.41023
          ],
          [
            9.50215,
            34.41023
          ],
          [
            9.50456,
            34.41108
          ],
          [
            9.50471,
            34.41114
          ],
          [
            9.50517,
            34.41129
          ],
          [
            9.50529,
            34.41134
          ],
          [
            9.50548,
            34.41141
          ],
          [
            9.5057,
            34.41148
          ],
          [
            9.50576,
            34.41151
          ],
          [
            9.50624,
            34.41166
          ],
          [
            9.50692,
            34.41192
          ],
          [
            9.50729,
            34.41205
          ],
          [
            9.50736,
            34.41208
          ],
          [
            9.50763,
            34.41217
          ],
          [
            9.50843,
            34.41247
          ],
          [
            9.50873,
            34.41257
          ],
          [
            9.50901,
            34.41268
          ],
          [
            9.50903,
            34.41269
          ],
          [
            9.50915,
            34.41273
          ],
          [
            9.50937,
            34.41282
          ],
          [
            9.50976,
            34.41295
          ],
          [
            9.51002,
            34.41305
          ],
          [
            9.5117,
            34.41365
          ],
          [
            9.51175,
            34.41366
          ],
          [
            9.5118,
            34.41368
          ],
          [
            9.5119,
            34.41371
          ],
          [
            9.51231,
            34.41386
          ],
          [
            9.51243,
            34.41391
          ],
          [
            9.51308,
            34.41414
          ],
          [
            9.51316,
            34.41416
          ],
          [
            9.51337,
            34.41423
          ],
          [
            9.51395,
            34.41445
          ],
          [
            9.51396,
            34.41445
          ],
          [
            9.51545,
            34.41501
          ],
          [
            9.51595,
            34.41518
          ],
          [
            9.51607,
            34.41523
          ],
          [
            9.51635,
            34.41532
          ],
          [
            9.51636,
            34.41533
          ],
          [
            9.51679,
            34.41549
          ],
          [
            9.51694,
            34.41554
          ],
          [
            9.51844,
            34.41611
          ],
          [
            9.5188,
            34.41626
          ],
          [
            9.51892,
            34.4163
          ],
          [
            9.51922,
            34.41642
          ],
          [
            9.51969,
            34.41659
          ],
          [
            9.52248,
            34.41766
          ],
          [
            9.52268,
            34.41773
          ],
          [
            9.5251,
            34.41866
          ],
          [
            9.52544,
            34.41881
          ],
          [
            9.52583,
            34.41897
          ],
          [
            9.52623,
            34.41912
          ],
          [
            9.52627,
            34.41914
          ],
          [
            9.52662,
            34.41928
          ],
          [
            9.5267,
            34.41932
          ],
          [
            9.52805,
            34.41989
          ],
          [
            9.52839,
            34.42005
          ],
          [
            9.52854,
            34.42013
          ],
          [
            9.52858,
            34.42016
          ],
          [
            9.52921,
            34.42049
          ],
          [
            9.53013,
            34.421
          ],
          [
            9.53018,
            34.42102
          ],
          [
            9.53037,
            34.42112
          ],
          [
            9.53067,
            34.42125
          ],
          [
            9.53093,
            34.42135
          ],
          [
            9.53095,
            34.42136
          ],
          [
            9.53163,
            34.42156
          ],
          [
            9.53218,
            34.4217
          ],
          [
            9.53272,
            34.42186
          ],
          [
            9.53355,
            34.42205
          ],
          [
            9.5338,
            34.42213
          ],
          [
            9.53414,
            34.42222
          ],
          [
            9.53466,
            34.4224
          ],
          [
            9.53471,
            34.42241
          ],
          [
            9.5349,
            34.42249
          ],
          [
            9.53534,
            34.42265
          ],
          [
            9.5358,
            34.42285
          ],
          [
            9.53584,
            34.42286
          ],
          [
            9.53682,
            34.42326
          ],
          [
            9.53721,
            34.42343
          ],
          [
            9.53723,
            34.42343
          ],
          [
            9.53829,
            34.42386
          ],
          [
            9.53847,
            34.42394
          ],
          [
            9.53873,
            34.42408
          ],
          [
            9.53875,
            34.4241
          ],
          [
            9.53913,
            34.42436
          ],
          [
            9.53918,
            34.42441
          ],
          [
            9.53926,
            34.42448
          ],
          [
            9.53941,
            34.42463
          ],
          [
            9.53957,
            34.42483
          ],
          [
            9.53963,
            34.42493
          ],
          [
            9.53968,
            34.42503
          ],
          [
            9.53973,
            34.42511
          ],
          [
            9.53992,
            34.42555
          ],
          [
            9.54006,
            34.42592
          ],
          [
            9.54041,
            34.42678
          ],
          [
            9.54068,
            34.42739
          ],
          [
            9.54078,
            34.42766
          ],
          [
            9.54079,
            34.42767
          ],
          [
            9.5409,
            34.42797
          ],
          [
            9.54103,
            34.42827
          ],
          [
            9.54119,
            34.42868
          ],
          [
            9.54147,
            34.42935
          ],
          [
            9.54165,
            34.42971
          ],
          [
            9.54165,
            34.42972
          ],
          [
            9.5418,
            34.4301
          ],
          [
            9.54185,
            34.43016
          ],
          [
            9.54187,
            34.43019
          ],
          [
            9.54191,
            34.43022
          ],
          [
            9.54197,
            34.43025
          ],
          [
            9.54215,
            34.43026
          ],
          [
            9.54219,
            34.43025
          ],
          [
            9.54285,
            34.42992
          ],
          [
            9.54308,
            34.42982
          ],
          [
            9.54327,
            34.42976
          ],
          [
            9.54352,
            34.42967
          ],
          [
            9.54363,
            34.42966
          ],
          [
            9.54392,
            34.42961
          ],
          [
            9.54426,
            34.42959
          ],
          [
            9.54644,
            34.42957
          ],
          [
            9.5467,
            34.42954
          ],
          [
            9.5469,
            34.42949
          ],
          [
            9.54719,
            34.42944
          ],
          [
            9.54759,
            34.42934
          ],
          [
            9.54951,
            34.42871
          ],
          [
            9.54968,
            34.42867
          ],
          [
            9.55005,
            34.42861
          ],
          [
            9.55037,
            34.42861
          ],
          [
            9.55058,
            34.42863
          ],
          [
            9.55087,
            34.42869
          ],
          [
            9.55146,
            34.42889
          ],
          [
            9.55238,
            34.42927
          ],
          [
            9.56061,
            34.43255
          ],
          [
            9.56485,
            34.4343
          ],
          [
            9.56902,
            34.43598
          ],
          [
            9.57183,
            34.43714
          ],
          [
            9.57517,
            34.43858
          ],
          [
            9.58391,
            34.44221
          ],
          [
            9.584,
            34.44226
          ],
          [
            9.58551,
            34.44287
          ],
          [
            9.59182,
            34.44551
          ],
          [
            9.5989,
            34.44832
          ],
          [
            9.60211,
            34.44955
          ],
          [
            9.6025,
            34.44969
          ],
          [
            9.60266,
            34.44976
          ],
          [
            9.60416,
            34.45035
          ],
          [
            9.60555,
            34.45087
          ],
          [
            9.60564,
            34.45091
          ],
          [
            9.60575,
            34.45095
          ],
          [
            9.60582,
            34.45098
          ],
          [
            9.60594,
            34.45102
          ],
          [
            9.61149,
            34.45314
          ],
          [
            9.61169,
            34.45321
          ],
          [
            9.61538,
            34.45461
          ],
          [
            9.61606,
            34.45479
          ],
          [
            9.61634,
            34.45482
          ],
          [
            9.6189,
            34.45493
          ],
          [
            9.61899,
            34.45494
          ],
          [
            9.6193,
            34.45496
          ],
          [
            9.61997,
            34.45512
          ],
          [
            9.62,
            34.45512
          ],
          [
            9.6205,
            34.45532
          ],
          [
            9.62095,
            34.45543
          ],
          [
            9.62152,
            34.45551
          ],
          [
            9.62196,
            34.45554
          ],
          [
            9.62387,
            34.45551
          ],
          [
            9.62436,
            34.45549
          ],
          [
            9.626,
            34.45546
          ],
          [
            9.63639,
            34.45515
          ],
          [
            9.63922,
            34.45516
          ],
          [
            9.64,
            34.45528
          ],
          [
            9.64101,
            34.45546
          ],
          [
            9.64328,
            34.45594
          ],
          [
            9.64495,
            34.45637
          ],
          [
            9.64608,
            34.45673
          ],
          [
            9.64935,
            34.45789
          ],
          [
            9.65134,
            34.45868
          ],
          [
            9.65264,
            34.45923
          ],
          [
            9.65408,
            34.45988
          ],
          [
            9.65784,
            34.46236
          ],
          [
            9.65792,
            34.46243
          ],
          [
            9.65837,
            34.46297
          ],
          [
            9.65851,
            34.46323
          ],
          [
            9.65871,
            34.46356
          ],
          [
            9.65875,
            34.46361
          ],
          [
            9.66261,
            34.46993
          ],
          [
            9.66459,
            34.47333
          ],
          [
            9.66465,
            34.47342
          ],
          [
            9.66595,
            34.47566
          ],
          [
            9.66668,
            34.47696
          ],
          [
            9.66772,
            34.4787
          ],
          [
            9.66791,
            34.47899
          ],
          [
            9.66835,
            34.47936
          ],
          [
            9.66838,
            34.47937
          ],
          [
            9.66865,
            34.47952
          ],
          [
            9.669,
            34.47967
          ],
          [
            9.66933,
            34.47974
          ],
          [
            9.67002,
            34.47982
          ],
          [
            9.67125,
            34.47993
          ],
          [
            9.67768,
            34.4806
          ],
          [
            9.6802,
            34.48084
          ],
          [
            9.68097,
            34.48093
          ],
          [
            9.68674,
            34.48095
          ],
          [
            9.69651,
            34.48092
          ],
          [
            9.69808,
            34.48089
          ],
          [
            9.69874,
            34.48089
          ],
          [
            9.69881,
            34.48088
          ],
          [
            9.70205,
            34.48078
          ],
          [
            9.70371,
            34.48076
          ],
          [
            9.70393,
            34.48075
          ],
          [
            9.70489,
            34.48074
          ],
          [
            9.70813,
            34.48066
          ],
          [
            9.71051,
            34.48066
          ],
          [
            9.71322,
            34.48069
          ],
          [
            9.71553,
            34.48063
          ],
          [
            9.71594,
            34.48064
          ],
          [
            9.72418,
            34.48036
          ],
          [
            9.72756,
            34.48033
          ],
          [
            9.73337,
            34.48021
          ],
          [
            9.73503,
            34.48025
          ],
          [
            9.74041,
            34.48012
          ],
          [
            9.74715,
            34.4799
          ],
          [
            9.75438,
            34.47972
          ],
          [
            9.76645,
            34.47925
          ],
          [
            9.76877,
            34.47922
          ],
          [
            9.7737,
            34.47897
          ],
          [
            9.77374,
            34.47896
          ],
          [
            9.7927,
            34.47853
          ],
          [
            9.79398,
            34.47853
          ],
          [
            9.79487,
            34.47851
          ],
          [
            9.79551,
            34.47848
          ],
          [
            9.80338,
            34.47788
          ],
          [
            9.80576,
            34.47766
          ],
          [
            9.80668,
            34.47761
          ],
          [
            9.80818,
            34.47748
          ],
          [
            9.80833,
            34.47748
          ],
          [
            9.80848,
            34.4775
          ],
          [
            9.80858,
            34.47752
          ],
          [
            9.80874,
            34.47757
          ],
          [
            9.80875,
            34.47758
          ],
          [
            9.80892,
            34.47764
          ],
          [
            9.8095,
            34.47798
          ],
          [
            9.81164,
            34.47913
          ],
          [
            9.81333,
            34.48011
          ],
          [
            9.81442,
            34.4809
          ],
          [
            9.81601,
            34.48211
          ],
          [
            9.81742,
            34.48315
          ],
          [
            9.81804,
            34.48363
          ],
          [
            9.82046,
            34.48544
          ],
          [
            9.82066,
            34.48558
          ],
          [
            9.82154,
            34.48606
          ],
          [
            9.8216,
            34.4861
          ],
          [
            9.82209,
            34.48635
          ],
          [
            9.82299,
            34.48684
          ],
          [
            9.82316,
            34.48697
          ],
          [
            9.82332,
            34.48712
          ],
          [
            9.82367,
            34.48756
          ],
          [
            9.82391,
            34.48795
          ],
          [
            9.82472,
            34.48937
          ],
          [
            9.82523,
            34.49023
          ],
          [
            9.82532,
            34.49032
          ],
          [
            9.8254,
            34.49038
          ],
          [
            9.82553,
            34.49046
          ],
          [
            9.82563,
            34.4905
          ],
          [
            9.82599,
            34.49054
          ],
          [
            9.82618,
            34.49053
          ],
          [
            9.82674,
            34.49039
          ],
          [
            9.82706,
            34.49032
          ],
          [
            9.82749,
            34.4903
          ],
          [
            9.8277,
            34.49032
          ],
          [
            9.82781,
            34.49036
          ],
          [
            9.82785,
            34.49038
          ],
          [
            9.82807,
            34.49045
          ],
          [
            9.82838,
            34.49064
          ],
          [
            9.82859,
            34.4908
          ],
          [
            9.82874,
            34.49097
          ],
          [
            9.82888,
            34.49118
          ],
          [
            9.82904,
            34.4916
          ],
          [
            9.82961,
            34.49339
          ],
          [
            9.82973,
            34.49374
          ],
          [
            9.82981,
            34.49392
          ],
          [
            9.8299,
            34.49407
          ],
          [
            9.83013,
            34.49438
          ],
          [
            9.83378,
            34.49889
          ],
          [
            9.83448,
            34.49971
          ],
          [
            9.83504,
            34.50032
          ],
          [
            9.83506,
            34.50035
          ],
          [
            9.83614,
            34.50109
          ],
          [
            9.83688,
            34.50145
          ],
          [
            9.83709,
            34.50152
          ],
          [
            9.83737,
            34.5016
          ],
          [
            9.8376,
            34.50163
          ],
          [
            9.83781,
            34.50165
          ],
          [
            9.83858,
            34.50169
          ],
          [
            9.83914,
            34.50179
          ],
          [
            9.83977,
            34.50206
          ],
          [
            9.84053,
            34.50245
          ],
          [
            9.84156,
            34.50312
          ],
          [
            9.84237,
            34.50378
          ],
          [
            9.84328,
            34.50471
          ],
          [
            9.84522,
            34.50657
          ],
          [
            9.84556,
            34.50697
          ],
          [
            9.84573,
            34.50723
          ],
          [
            9.84655,
            34.50907
          ],
          [
            9.848,
            34.51247
          ],
          [
            9.84808,
            34.51264
          ],
          [
            9.85022,
            34.5177
          ],
          [
            9.85041,
            34.51829
          ],
          [
            9.85049,
            34.51874
          ],
          [
            9.85069,
            34.51965
          ],
          [
            9.85072,
            34.51986
          ],
          [
            9.85092,
            34.52072
          ],
          [
            9.85123,
            34.52155
          ],
          [
            9.8516,
            34.52244
          ],
          [
            9.85199,
            34.52356
          ],
          [
            9.85239,
            34.52479
          ],
          [
            9.8525,
            34.52503
          ],
          [
            9.8527,
            34.52539
          ],
          [
            9.85543,
            34.52912
          ],
          [
            9.85626,
            34.53034
          ],
          [
            9.85726,
            34.53168
          ],
          [
            9.85858,
            34.53312
          ],
          [
            9.85947,
            34.53429
          ],
          [
            9.86137,
            34.53695
          ],
          [
            9.85991,
            34.53852
          ],
          [
            9.85387,
            34.54518
          ],
          [
            9.85337,
            34.54578
          ],
          [
            9.85273,
            34.54646
          ],
          [
            9.8526,
            34.54661
          ],
          [
            9.85127,
            34.54803
          ],
          [
            9.85114,
            34.54818
          ],
          [
            9.8491,
            34.55026
          ],
          [
            9.84814,
            34.55127
          ],
          [
            9.84809,
            34.55133
          ],
          [
            9.84706,
            34.55236
          ],
          [
            9.84677,
            34.55267
          ],
          [
            9.84673,
            34.55272
          ],
          [
            9.84672,
            34.55273
          ],
          [
            9.84648,
            34.55307
          ],
          [
            9.84616,
            34.5539
          ],
          [
            9.84612,
            34.55399
          ],
          [
            9.84611,
            34.55403
          ],
          [
            9.84609,
            34.55407
          ],
          [
            9.84584,
            34.55484
          ],
          [
            9.84574,
            34.55529
          ],
          [
            9.84568,
            34.55551
          ],
          [
            9.84552,
            34.55631
          ],
          [
            9.8452,
            34.55891
          ],
          [
            9.84519,
            34.55903
          ],
          [
            9.84478,
            34.5612
          ],
          [
            9.84425,
            34.56345
          ],
          [
            9.84425,
            34.56346
          ],
          [
            9.84361,
            34.56598
          ],
          [
            9.8433,
            34.56712
          ],
          [
            9.84309,
            34.56781
          ],
          [
            9.84309,
            34.56783
          ],
          [
            9.84298,
            34.56817
          ],
          [
            9.84268,
            34.56901
          ],
          [
            9.84265,
            34.56908
          ],
          [
            9.84257,
            34.56935
          ],
          [
            9.84249,
            34.56958
          ],
          [
            9.84247,
            34.56969
          ],
          [
            9.84245,
            34.56986
          ],
          [
            9.84241,
            34.5701
          ],
          [
            9.84239,
            34.57051
          ],
          [
            9.8424,
            34.57092
          ],
          [
            9.84246,
            34.5712
          ],
          [
            9.84252,
            34.57139
          ],
          [
            9.84256,
            34.5715
          ],
          [
            9.84267,
            34.57155
          ],
          [
            9.84271,
            34.57158
          ],
          [
            9.84277,
            34.57164
          ],
          [
            9.84279,
            34.57168
          ],
          [
            9.8428,
            34.57171
          ],
          [
            9.84294,
            34.57188
          ],
          [
            9.84323,
            34.57212
          ],
          [
            9.84327,
            34.57218
          ],
          [
            9.84365,
            34.5725
          ],
          [
            9.84394,
            34.57288
          ],
          [
            9.84395,
            34.5729
          ],
          [
            9.84414,
            34.57316
          ],
          [
            9.84432,
            34.57352
          ],
          [
            9.84448,
            34.57377
          ],
          [
            9.84466,
            34.57401
          ],
          [
            9.84467,
            34.57408
          ],
          [
            9.84467,
            34.57413
          ],
          [
            9.84461,
            34.57415
          ],
          [
            9.84446,
            34.57419
          ],
          [
            9.84406,
            34.57435
          ],
          [
            9.84383,
            34.57445
          ],
          [
            9.84378,
            34.57446
          ],
          [
            9.84375,
            34.57447
          ],
          [
            9.84373,
            34.57449
          ],
          [
            9.84371,
            34.5745
          ],
          [
            9.84367,
            34.57453
          ],
          [
            9.84361,
            34.57454
          ],
          [
            9.84326,
            34.57457
          ],
          [
            9.84243,
            34.57467
          ],
          [
            9.84191,
            34.57483
          ],
          [
            9.84162,
            34.57496
          ],
          [
            9.8415,
            34.57503
          ],
          [
            9.84142,
            34.57509
          ],
          [
            9.84142,
            34.5751
          ],
          [
            9.84139,
            34.57519
          ],
          [
            9.84138,
            34.57533
          ],
          [
            9.84139,
            34.57541
          ],
          [
            9.84138,
            34.57546
          ],
          [
            9.84142,
            34.57577
          ],
          [
            9.8416,
            34.57679
          ],
          [
            9.84162,
            34.57688
          ],
          [
            9.84162,
            34.57689
          ],
          [
            9.84192,
            34.57823
          ],
          [
            9.84195,
            34.57846
          ],
          [
            9.84215,
            34.57966
          ],
          [
            9.84237,
            34.58053
          ],
          [
            9.8424,
            34.58063
          ],
          [
            9.8424,
            34.58064
          ],
          [
            9.84244,
            34.58064
          ],
          [
            9.84245,
            34.58065
          ],
          [
            9.84246,
            34.58065
          ],
          [
            9.84246,
            34.58066
          ],
          [
            9.84247,
            34.58066
          ],
          [
            9.8425,
            34.58069
          ],
          [
            9.8425,
            34.5807
          ],
          [
            9.84251,
            34.5807
          ],
          [
            9.84251,
            34.58074
          ],
          [
            9.8429,
            34.58103
          ],
          [
            9.84293,
            34.58094
          ],
          [
            9.84293,
            34.58085
          ],
          [
            9.84288,
            34.58048
          ],
          [
            9.84237,
            34.58053
          ],
          [
            9.8424,
            34.58063
          ],
          [
            9.8424,
            34.58064
          ],
          [
            9.84244,
            34.58064
          ],
          [
            9.84245,
            34.58065
          ],
          [
            9.84246,
            34.58065
          ],
          [
            9.84246,
            34.58066
          ],
          [
            9.84247,
            34.58066
          ],
          [
            9.8425,
            34.58069
          ],
          [
            9.8425,
            34.5807
          ],
          [
            9.84251,
            34.5807
          ],
          [
            9.84251,
            34.58074
          ],
          [
            9.8429,
            34.58103
          ],
          [
            9.84311,
            34.5812
          ],
          [
            9.84348,
            34.58148
          ],
          [
            9.84356,
            34.58156
          ],
          [
            9.8444,
            34.58226
          ],
          [
            9.84446,
            34.58232
          ],
          [
            9.84559,
            34.58328
          ],
          [
            9.84562,
            34.58331
          ],
          [
            9.84599,
            34.58361
          ],
          [
            9.84601,
            34.58363
          ],
          [
            9.8461,
            34.5837
          ],
          [
            9.84639,
            34.58398
          ],
          [
            9.8464,
            34.58398
          ],
          [
            9.84675,
            34.58427
          ],
          [
            9.84678,
            34.5843
          ],
          [
            9.8472,
            34.58466
          ],
          [
            9.84722,
            34.58467
          ],
          [
            9.84766,
            34.58503
          ],
          [
            9.8477,
            34.58507
          ],
          [
            9.84839,
            34.58564
          ],
          [
            9.84848,
            34.58573
          ],
          [
            9.85067,
            34.58762
          ],
          [
            9.85099,
            34.58791
          ],
          [
            9.85108,
            34.58796
          ],
          [
            9.85131,
            34.58817
          ],
          [
            9.85166,
            34.58847
          ],
          [
            9.85228,
            34.58895
          ],
          [
            9.85399,
            34.59046
          ],
          [
            9.8543,
            34.59072
          ],
          [
            9.85447,
            34.59089
          ],
          [
            9.85455,
            34.59096
          ],
          [
            9.85465,
            34.59106
          ],
          [
            9.85856,
            34.59437
          ],
          [
            9.86091,
            34.59659
          ],
          [
            9.86094,
            34.59661
          ],
          [
            9.86216,
            34.59776
          ],
          [
            9.86336,
            34.59885
          ],
          [
            9.86342,
            34.59891
          ],
          [
            9.86665,
            34.60176
          ],
          [
            9.8674,
            34.60245
          ],
          [
            9.8687,
            34.60359
          ],
          [
            9.86888,
            34.60374
          ],
          [
            9.87092,
            34.60556
          ],
          [
            9.87168,
            34.60622
          ],
          [
            9.885,
            34.6181
          ],
          [
            9.88611,
            34.61905
          ],
          [
            9.88742,
            34.62009
          ],
          [
            9.89178,
            34.62375
          ],
          [
            9.89242,
            34.62425
          ],
          [
            9.89276,
            34.62457
          ],
          [
            9.89331,
            34.62512
          ],
          [
            9.89426,
            34.62601
          ],
          [
            9.89735,
            34.62911
          ],
          [
            9.89871,
            34.63041
          ],
          [
            9.90027,
            34.632
          ],
          [
            9.90173,
            34.63338
          ],
          [
            9.90233,
            34.63403
          ],
          [
            9.90289,
            34.63459
          ],
          [
            9.90293,
            34.63464
          ],
          [
            9.90306,
            34.63477
          ],
          [
            9.90384,
            34.63549
          ],
          [
            9.90493,
            34.63657
          ],
          [
            9.90493,
            34.63658
          ],
          [
            9.90909,
            34.6407
          ],
          [
            9.90918,
            34.64078
          ],
          [
            9.91899,
            34.65051
          ],
          [
            9.91911,
            34.65064
          ],
          [
            9.91951,
            34.65104
          ],
          [
            9.91981,
            34.6513
          ],
          [
            9.92016,
            34.65157
          ],
          [
            9.92052,
            34.65181
          ],
          [
            9.92066,
            34.65189
          ],
          [
            9.92093,
            34.65203
          ],
          [
            9.92121,
            34.65215
          ],
          [
            9.92136,
            34.65219
          ],
          [
            9.92163,
            34.65235
          ],
          [
            9.92305,
            34.65306
          ],
          [
            9.92339,
            34.65328
          ],
          [
            9.92427,
            34.65402
          ],
          [
            9.92468,
            34.65453
          ],
          [
            9.92504,
            34.65512
          ],
          [
            9.92519,
            34.65547
          ],
          [
            9.92532,
            34.65589
          ],
          [
            9.92545,
            34.65639
          ],
          [
            9.92698,
            34.6613
          ],
          [
            9.92718,
            34.66183
          ],
          [
            9.92732,
            34.66212
          ],
          [
            9.92743,
            34.66233
          ],
          [
            9.92763,
            34.66267
          ],
          [
            9.92782,
            34.66297
          ],
          [
            9.92803,
            34.66321
          ],
          [
            9.92805,
            34.66325
          ],
          [
            9.92843,
            34.66368
          ],
          [
            9.9286,
            34.66385
          ],
          [
            9.92911,
            34.66431
          ],
          [
            9.92965,
            34.66472
          ],
          [
            9.92992,
            34.66487
          ],
          [
            9.93051,
            34.66524
          ],
          [
            9.93153,
            34.66593
          ],
          [
            9.93437,
            34.66777
          ],
          [
            9.93454,
            34.66787
          ],
          [
            9.93944,
            34.67113
          ],
          [
            9.94027,
            34.6717
          ],
          [
            9.94153,
            34.6725
          ],
          [
            9.94262,
            34.67327
          ],
          [
            9.94377,
            34.674
          ],
          [
            9.94434,
            34.67438
          ],
          [
            9.94476,
            34.67463
          ],
          [
            9.94497,
            34.67474
          ],
          [
            9.94519,
            34.67484
          ],
          [
            9.94571,
            34.67503
          ],
          [
            9.94647,
            34.67529
          ],
          [
            9.94792,
            34.67576
          ],
          [
            9.9481,
            34.67581
          ],
          [
            9.95049,
            34.67656
          ],
          [
            9.95152,
            34.67684
          ],
          [
            9.95153,
            34.67685
          ],
          [
            9.95251,
            34.67711
          ],
          [
            9.9636,
            34.68022
          ],
          [
            9.98368,
            34.68576
          ],
          [
            9.98421,
            34.68592
          ],
          [
            9.98423,
            34.68592
          ],
          [
            9.988,
            34.68696
          ],
          [
            9.98802,
            34.68697
          ],
          [
            9.99554,
            34.689
          ],
          [
            9.99555,
            34.689
          ],
          [
            10.00151,
            34.69061
          ],
          [
            10.00187,
            34.69072
          ],
          [
            10.00349,
            34.69115
          ],
          [
            10.00427,
            34.69138
          ],
          [
            10.00493,
            34.69163
          ],
          [
            10.00519,
            34.69174
          ],
          [
            10.00573,
            34.69202
          ],
          [
            10.00592,
            34.69213
          ],
          [
            10.00634,
            34.69239
          ],
          [
            10.00657,
            34.69255
          ],
          [
            10.00679,
            34.69275
          ],
          [
            10.00718,
            34.69307
          ],
          [
            10.00759,
            34.69349
          ],
          [
            10.0077,
            34.69363
          ],
          [
            10.00776,
            34.69369
          ],
          [
            10.00797,
            34.69397
          ],
          [
            10.00839,
            34.69461
          ],
          [
            10.00884,
            34.6954
          ],
          [
            10.00926,
            34.69609
          ],
          [
            10.01061,
            34.69841
          ],
          [
            10.01098,
            34.69907
          ],
          [
            10.01119,
            34.6994
          ],
          [
            10.01142,
            34.69981
          ],
          [
            10.01189,
            34.70056
          ],
          [
            10.01231,
            34.70109
          ],
          [
            10.01271,
            34.70152
          ],
          [
            10.01321,
            34.70196
          ],
          [
            10.01386,
            34.70242
          ],
          [
            10.01403,
            34.70253
          ],
          [
            10.01425,
            34.70266
          ],
          [
            10.0144,
            34.70274
          ],
          [
            10.01491,
            34.70298
          ],
          [
            10.01616,
            34.70354
          ],
          [
            10.01742,
            34.70408
          ],
          [
            10.01781,
            34.70426
          ],
          [
            10.01787,
            34.70428
          ],
          [
            10.01903,
            34.70478
          ],
          [
            10.02526,
            34.70764
          ],
          [
            10.0254,
            34.70769
          ],
          [
            10.0265,
            34.70821
          ],
          [
            10.02752,
            34.70866
          ],
          [
            10.02781,
            34.70878
          ],
          [
            10.02838,
            34.70906
          ],
          [
            10.03355,
            34.71145
          ],
          [
            10.03466,
            34.71201
          ],
          [
            10.03476,
            34.71205
          ],
          [
            10.04247,
            34.71565
          ],
          [
            10.04285,
            34.71584
          ],
          [
            10.0471,
            34.71786
          ],
          [
            10.04761,
            34.71809
          ],
          [
            10.04923,
            34.71887
          ],
          [
            10.05143,
            34.71987
          ],
          [
            10.05291,
            34.72058
          ],
          [
            10.05298,
            34.72062
          ],
          [
            10.05601,
            34.72203
          ],
          [
            10.05782,
            34.72291
          ],
          [
            10.05796,
            34.72296
          ],
          [
            10.06006,
            34.7239
          ],
          [
            10.06026,
            34.72402
          ],
          [
            10.06046,
            34.72413
          ],
          [
            10.06379,
            34.72564
          ],
          [
            10.06465,
            34.72605
          ],
          [
            10.06481,
            34.72612
          ],
          [
            10.06815,
            34.7277
          ],
          [
            10.06906,
            34.72811
          ],
          [
            10.07071,
            34.7289
          ],
          [
            10.07072,
            34.7289
          ],
          [
            10.07173,
            34.72936
          ],
          [
            10.07288,
            34.72991
          ],
          [
            10.07365,
            34.73026
          ],
          [
            10.07473,
            34.73078
          ],
          [
            10.07573,
            34.73124
          ],
          [
            10.07672,
            34.73172
          ],
          [
            10.07763,
            34.73213
          ],
          [
            10.08124,
            34.73386
          ],
          [
            10.08134,
            34.7339
          ],
          [
            10.08163,
            34.73405
          ],
          [
            10.08262,
            34.73451
          ],
          [
            10.08412,
            34.73524
          ],
          [
            10.08725,
            34.73668
          ],
          [
            10.08728,
            34.73669
          ],
          [
            10.0881,
            34.73707
          ],
          [
            10.08855,
            34.7373
          ],
          [
            10.0894,
            34.73768
          ],
          [
            10.09087,
            34.73839
          ],
          [
            10.09097,
            34.73843
          ],
          [
            10.09185,
            34.73884
          ],
          [
            10.09188,
            34.73886
          ],
          [
            10.09219,
            34.739
          ],
          [
            10.09221,
            34.73902
          ],
          [
            10.09229,
            34.73905
          ],
          [
            10.09255,
            34.73919
          ],
          [
            10.09287,
            34.73932
          ],
          [
            10.09311,
            34.73944
          ],
          [
            10.09365,
            34.73969
          ],
          [
            10.09378,
            34.73976
          ],
          [
            10.09379,
            34.73976
          ],
          [
            10.09443,
            34.74006
          ],
          [
            10.09457,
            34.74014
          ],
          [
            10.09477,
            34.74024
          ],
          [
            10.09515,
            34.74039
          ],
          [
            10.09526,
            34.74045
          ],
          [
            10.09551,
            34.74052
          ],
          [
            10.09567,
            34.74058
          ],
          [
            10.09568,
            34.74057
          ],
          [
            10.09569,
            34.74057
          ],
          [
            10.09569,
            34.7403
          ],
          [
            10.09568,
            34.74019
          ],
          [
            10.09565,
            34.74009
          ],
          [
            10.0956,
            34.73985
          ],
          [
            10.09559,
            34.73984
          ],
          [
            10.09505,
            34.73789
          ],
          [
            10.09493,
            34.73749
          ],
          [
            10.09434,
            34.73751
          ],
          [
            10.09438,
            34.73805
          ],
          [
            10.09442,
            34.73881
          ],
          [
            10.09443,
            34.73886
          ],
          [
            10.09448,
            34.73955
          ],
          [
            10.09449,
            34.73958
          ],
          [
            10.0945,
            34.7396
          ],
          [
            10.09458,
            34.73967
          ],
          [
            10.0946,
            34.73973
          ],
          [
            10.09458,
            34.73979
          ],
          [
            10.09443,
            34.74006
          ],
          [
            10.09457,
            34.74014
          ],
          [
            10.09477,
            34.74024
          ],
          [
            10.09515,
            34.74039
          ],
          [
            10.09526,
            34.74045
          ],
          [
            10.09551,
            34.74052
          ],
          [
            10.09567,
            34.74058
          ],
          [
            10.09568,
            34.74057
          ],
          [
            10.09569,
            34.74057
          ],
          [
            10.0957,
            34.74056
          ],
          [
            10.09571,
            34.74056
          ],
          [
            10.09572,
            34.74055
          ],
          [
            10.09573,
            34.74055
          ],
          [
            10.09574,
            34.74054
          ],
          [
            10.09585,
            34.74054
          ],
          [
            10.09586,
            34.74055
          ],
          [
            10.09588,
            34.74055
          ],
          [
            10.09589,
            34.74056
          ],
          [
            10.0959,
            34.74056
          ],
          [
            10.09592,
            34.74058
          ],
          [
            10.09593,
            34.74058
          ],
          [
            10.09594,
            34.74059
          ],
          [
            10.09594,
            34.7406
          ],
          [
            10.09595,
            34.74061
          ],
          [
            10.09596,
            34.74061
          ],
          [
            10.09596,
            34.74062
          ],
          [
            10.09597,
            34.74063
          ],
          [
            10.09597,
            34.74065
          ],
          [
            10.09598,
            34.74066
          ],
          [
            10.09598,
            34.7407
          ],
          [
            10.09632,
            34.74088
          ],
          [
            10.09657,
            34.74104
          ],
          [
            10.0968,
            34.74116
          ],
          [
            10.09711,
            34.74131
          ],
          [
            10.09829,
            34.74184
          ],
          [
            10.09836,
            34.74188
          ],
          [
            10.0985,
            34.74194
          ],
          [
            10.09911,
            34.74225
          ],
          [
            10.0997,
            34.74251
          ],
          [
            10.09978,
            34.74254
          ],
          [
            10.0998,
            34.74255
          ],
          [
            10.1004,
            34.74278
          ],
          [
            10.10044,
            34.74279
          ],
          [
            10.10076,
            34.7429
          ],
          [
            10.1015,
            34.74309
          ],
          [
            10.10163,
            34.74313
          ],
          [
            10.10363,
            34.7436
          ],
          [
            10.10365,
            34.74361
          ],
          [
            10.10368,
            34.74361
          ],
          [
            10.10408,
            34.7437
          ],
          [
            10.10419,
            34.74373
          ],
          [
            10.1079,
            34.74456
          ],
          [
            10.1116,
            34.74542
          ],
          [
            10.11162,
            34.74543
          ],
          [
            10.11307,
            34.74575
          ],
          [
            10.11368,
            34.7459
          ],
          [
            10.11383,
            34.74593
          ],
          [
            10.1143,
            34.74605
          ],
          [
            10.11451,
            34.74609
          ],
          [
            10.11725,
            34.74673
          ],
          [
            10.11888,
            34.74707
          ],
          [
            10.12071,
            34.7475
          ],
          [
            10.12133,
            34.74763
          ],
          [
            10.12134,
            34.74763
          ],
          [
            10.12166,
            34.74767
          ],
          [
            10.12202,
            34.7477
          ],
          [
            10.12251,
            34.74772
          ],
          [
            10.1352,
            34.74778
          ],
          [
            10.13798,
            34.74772
          ],
          [
            10.13818,
            34.74771
          ],
          [
            10.14646,
            34.74754
          ],
          [
            10.14856,
            34.74746
          ],
          [
            10.15973,
            34.74718
          ],
          [
            10.16012,
            34.74719
          ],
          [
            10.16025,
            34.7472
          ],
          [
            10.16051,
            34.74724
          ],
          [
            10.16091,
            34.74734
          ],
          [
            10.1614,
            34.7475
          ],
          [
            10.16257,
            34.74796
          ],
          [
            10.16841,
            34.75015
          ],
          [
            10.17059,
            34.75099
          ],
          [
            10.17078,
            34.75107
          ],
          [
            10.17858,
            34.75405
          ],
          [
            10.179,
            34.75412
          ],
          [
            10.17946,
            34.75428
          ],
          [
            10.17957,
            34.75431
          ],
          [
            10.18008,
            34.75448
          ],
          [
            10.18016,
            34.7545
          ],
          [
            10.18048,
            34.75455
          ],
          [
            10.1808,
            34.75458
          ],
          [
            10.18181,
            34.75461
          ],
          [
            10.18319,
            34.75463
          ],
          [
            10.1839,
            34.75462
          ],
          [
            10.18626,
            34.75477
          ],
          [
            10.18806,
            34.75478
          ],
          [
            10.1934,
            34.75493
          ],
          [
            10.1963,
            34.75496
          ],
          [
            10.19842,
            34.75504
          ],
          [
            10.19851,
            34.75503
          ],
          [
            10.19968,
            34.75498
          ],
          [
            10.19995,
            34.75498
          ],
          [
            10.20029,
            34.75497
          ],
          [
            10.20094,
            34.75497
          ],
          [
            10.20373,
            34.75481
          ],
          [
            10.20602,
            34.75475
          ],
          [
            10.21225,
            34.7545
          ],
          [
            10.21322,
            34.75449
          ],
          [
            10.21388,
            34.75451
          ],
          [
            10.2141,
            34.75451
          ],
          [
            10.21432,
            34.75453
          ],
          [
            10.21956,
            34.75478
          ],
          [
            10.2231,
            34.75498
          ],
          [
            10.22525,
            34.75505
          ],
          [
            10.24205,
            34.75593
          ],
          [
            10.24271,
            34.75595
          ],
          [
            10.24894,
            34.75626
          ],
          [
            10.25218,
            34.75646
          ],
          [
            10.26955,
            34.75731
          ],
          [
            10.27043,
            34.75734
          ],
          [
            10.27297,
            34.75749
          ],
          [
            10.27611,
            34.75763
          ],
          [
            10.27847,
            34.75776
          ],
          [
            10.27869,
            34.75778
          ],
          [
            10.28147,
            34.7579
          ],
          [
            10.28535,
            34.75817
          ],
          [
            10.28546,
            34.75817
          ],
          [
            10.28872,
            34.75833
          ],
          [
            10.29262,
            34.75847
          ],
          [
            10.30024,
            34.75888
          ],
          [
            10.30119,
            34.75891
          ],
          [
            10.30226,
            34.75891
          ],
          [
            10.30343,
            34.75884
          ],
          [
            10.30568,
            34.75865
          ],
          [
            10.30586,
            34.75865
          ],
          [
            10.30833,
            34.75841
          ],
          [
            10.31095,
            34.75809
          ],
          [
            10.31377,
            34.75791
          ],
          [
            10.31666,
            34.75766
          ],
          [
            10.31782,
            34.75754
          ],
          [
            10.31784,
            34.75754
          ],
          [
            10.32032,
            34.75729
          ],
          [
            10.32663,
            34.75674
          ],
          [
            10.32734,
            34.75665
          ],
          [
            10.32799,
            34.75651
          ],
          [
            10.33152,
            34.75542
          ],
          [
            10.33248,
            34.75504
          ],
          [
            10.33319,
            34.75483
          ],
          [
            10.33662,
            34.75374
          ],
          [
            10.3371,
            34.7536
          ],
          [
            10.33789,
            34.75335
          ],
          [
            10.33965,
            34.75286
          ],
          [
            10.34426,
            34.75145
          ],
          [
            10.34647,
            34.75075
          ],
          [
            10.34736,
            34.75044
          ],
          [
            10.34841,
            34.75001
          ],
          [
            10.35209,
            34.74844
          ],
          [
            10.35228,
            34.74835
          ],
          [
            10.35547,
            34.74696
          ],
          [
            10.3557,
            34.74691
          ],
          [
            10.35661,
            34.74678
          ],
          [
            10.36011,
            34.74633
          ],
          [
            10.36037,
            34.74627
          ],
          [
            10.36057,
            34.7462
          ],
          [
            10.36163,
            34.74569
          ],
          [
            10.36433,
            34.74429
          ],
          [
            10.36658,
            34.74318
          ],
          [
            10.36851,
            34.74213
          ],
          [
            10.36965,
            34.74156
          ],
          [
            10.37003,
            34.74142
          ],
          [
            10.37041,
            34.74134
          ],
          [
            10.37055,
            34.74133
          ],
          [
            10.37079,
            34.74134
          ],
          [
            10.37122,
            34.74139
          ],
          [
            10.37163,
            34.74139
          ],
          [
            10.37358,
            34.74135
          ],
          [
            10.37618,
            34.74124
          ],
          [
            10.38079,
            34.74117
          ],
          [
            10.38318,
            34.74109
          ],
          [
            10.38345,
            34.74109
          ],
          [
            10.38356,
            34.74108
          ],
          [
            10.3866,
            34.741
          ],
          [
            10.38813,
            34.74088
          ],
          [
            10.3925,
            34.74032
          ],
          [
            10.39603,
            34.73981
          ],
          [
            10.39671,
            34.7397
          ],
          [
            10.39818,
            34.73952
          ],
          [
            10.40387,
            34.7387
          ],
          [
            10.40409,
            34.73866
          ],
          [
            10.40425,
            34.73864
          ],
          [
            10.4043,
            34.73863
          ],
          [
            10.40472,
            34.73857
          ],
          [
            10.40473,
            34.73857
          ],
          [
            10.40495,
            34.73854
          ],
          [
            10.40517,
            34.73852
          ],
          [
            10.40562,
            34.73846
          ],
          [
            10.40584,
            34.73842
          ],
          [
            10.40776,
            34.7378
          ],
          [
            10.40817,
            34.73763
          ],
          [
            10.41147,
            34.73639
          ],
          [
            10.41326,
            34.73574
          ],
          [
            10.41785,
            34.73392
          ],
          [
            10.41795,
            34.73389
          ],
          [
            10.42114,
            34.7327
          ],
          [
            10.42673,
            34.7305
          ],
          [
            10.429,
            34.72963
          ],
          [
            10.43245,
            34.72826
          ],
          [
            10.43425,
            34.7275
          ],
          [
            10.43677,
            34.72652
          ],
          [
            10.43778,
            34.72616
          ],
          [
            10.43835,
            34.72601
          ],
          [
            10.43987,
            34.7258
          ],
          [
            10.44197,
            34.72561
          ],
          [
            10.44548,
            34.72522
          ],
          [
            10.44574,
            34.7252
          ],
          [
            10.44917,
            34.72481
          ],
          [
            10.45307,
            34.72432
          ],
          [
            10.45412,
            34.72422
          ],
          [
            10.458,
            34.72375
          ],
          [
            10.45862,
            34.7237
          ],
          [
            10.45949,
            34.72372
          ],
          [
            10.46613,
            34.72422
          ],
          [
            10.46641,
            34.72425
          ],
          [
            10.4706,
            34.72458
          ],
          [
            10.472,
            34.72467
          ],
          [
            10.47363,
            34.72484
          ],
          [
            10.47798,
            34.72566
          ],
          [
            10.48148,
            34.72625
          ],
          [
            10.48161,
            34.72628
          ],
          [
            10.48329,
            34.72661
          ],
          [
            10.48407,
            34.7267
          ],
          [
            10.49047,
            34.7279
          ],
          [
            10.49069,
            34.72795
          ],
          [
            10.49108,
            34.72802
          ],
          [
            10.49118,
            34.72803
          ],
          [
            10.49139,
            34.72807
          ],
          [
            10.49176,
            34.72812
          ],
          [
            10.49364,
            34.72845
          ],
          [
            10.49403,
            34.72851
          ],
          [
            10.49542,
            34.72859
          ],
          [
            10.49548,
            34.7286
          ],
          [
            10.51188,
            34.72964
          ],
          [
            10.51198,
            34.72964
          ],
          [
            10.51258,
            34.72969
          ],
          [
            10.5133,
            34.72973
          ],
          [
            10.51419,
            34.7298
          ],
          [
            10.51921,
            34.7301
          ],
          [
            10.51931,
            34.73011
          ],
          [
            10.52289,
            34.73033
          ],
          [
            10.52294,
            34.73051
          ],
          [
            10.52295,
            34.73064
          ],
          [
            10.5229,
            34.73074
          ],
          [
            10.52276,
            34.73092
          ],
          [
            10.52274,
            34.73095
          ],
          [
            10.52265,
            34.73113
          ],
          [
            10.52263,
            34.73118
          ],
          [
            10.52247,
            34.73141
          ],
          [
            10.52205,
            34.7321
          ],
          [
            10.52199,
            34.73219
          ],
          [
            10.52196,
            34.73226
          ],
          [
            10.52189,
            34.73238
          ],
          [
            10.52189,
            34.73242
          ],
          [
            10.52191,
            34.73247
          ],
          [
            10.52202,
            34.73252
          ],
          [
            10.52208,
            34.73258
          ],
          [
            10.52208,
            34.73263
          ],
          [
            10.52186,
            34.73298
          ],
          [
            10.52173,
            34.73304
          ],
          [
            10.5214,
            34.73308
          ],
          [
            10.52139,
            34.73308
          ],
          [
            10.52128,
            34.73312
          ],
          [
            10.52125,
            34.73319
          ],
          [
            10.52125,
            34.7333
          ],
          [
            10.5213,
            34.73345
          ],
          [
            10.52139,
            34.73367
          ],
          [
            10.52136,
            34.73373
          ],
          [
            10.5213,
            34.73378
          ],
          [
            10.52114,
            34.73384
          ],
          [
            10.52108,
            34.73389
          ],
          [
            10.52104,
            34.73395
          ],
          [
            10.52103,
            34.73396
          ],
          [
            10.52104,
            34.734
          ],
          [
            10.52103,
            34.73407
          ],
          [
            10.521,
            34.73412
          ],
          [
            10.52092,
            34.73419
          ],
          [
            10.52047,
            34.73477
          ],
          [
            10.52046,
            34.73478
          ],
          [
            10.52029,
            34.73491
          ],
          [
            10.51997,
            34.73507
          ],
          [
            10.51962,
            34.73534
          ],
          [
            10.51949,
            34.7355
          ],
          [
            10.51887,
            34.73529
          ],
          [
            10.51854,
            34.73514
          ],
          [
            10.51841,
            34.73504
          ],
          [
            10.51835,
            34.73501
          ],
          [
            10.51792,
            34.73449
          ],
          [
            10.5179,
            34.73444
          ],
          [
            10.51777,
            34.73422
          ],
          [
            10.51767,
            34.73387
          ],
          [
            10.51755,
            34.73364
          ],
          [
            10.51729,
            34.73329
          ],
          [
            10.517,
            34.73293
          ],
          [
            10.5168,
            34.73261
          ],
          [
            10.51671,
            34.7323
          ],
          [
            10.51663,
            34.7316
          ],
          [
            10.51655,
            34.73137
          ],
          [
            10.51654,
            34.73136
          ],
          [
            10.51652,
            34.7313
          ],
          [
            10.51632,
            34.73089
          ],
          [
            10.51608,
            34.73043
          ],
          [
            10.51589,
            34.73013
          ],
          [
            10.5157,
            34.7299
          ],
          [
            10.51921,
            34.7301
          ],
          [
            10.51931,
            34.73011
          ],
          [
            10.52402,
            34.7304
          ],
          [
            10.52428,
            34.73043
          ],
          [
            10.52463,
            34.73043
          ],
          [
            10.525,
            34.73042
          ],
          [
            10.52549,
            34.73035
          ],
          [
            10.52683,
            34.73011
          ],
          [
            10.5273,
            34.73005
          ],
          [
            10.52764,
            34.72998
          ],
          [
            10.52837,
            34.72985
          ],
          [
            10.52838,
            34.72985
          ],
          [
            10.52935,
            34.72968
          ],
          [
            10.52991,
            34.72964
          ],
          [
            10.53056,
            34.72964
          ],
          [
            10.53116,
            34.7297
          ],
          [
            10.53179,
            34.7298
          ],
          [
            10.53235,
            34.72995
          ],
          [
            10.53244,
            34.72997
          ],
          [
            10.53349,
            34.73041
          ],
          [
            10.53364,
            34.73048
          ],
          [
            10.53422,
            34.73071
          ],
          [
            10.53452,
            34.73082
          ],
          [
            10.53482,
            34.73094
          ],
          [
            10.5352,
            34.73111
          ],
          [
            10.53585,
            34.73135
          ],
          [
            10.53648,
            34.73149
          ],
          [
            10.53649,
            34.73149
          ],
          [
            10.53702,
            34.73156
          ],
          [
            10.53704,
            34.73156
          ],
          [
            10.5379,
            34.73166
          ],
          [
            10.54051,
            34.73208
          ],
          [
            10.54088,
            34.73215
          ],
          [
            10.54135,
            34.73222
          ],
          [
            10.54161,
            34.73225
          ],
          [
            10.54197,
            34.73227
          ],
          [
            10.5433,
            34.7323
          ],
          [
            10.54576,
            34.73251
          ],
          [
            10.5462,
            34.73257
          ],
          [
            10.5467,
            34.73259
          ],
          [
            10.55002,
            34.73262
          ],
          [
            10.55141,
            34.73265
          ],
          [
            10.55424,
            34.73262
          ],
          [
            10.55489,
            34.73258
          ],
          [
            10.55542,
            34.73251
          ],
          [
            10.56144,
            34.73147
          ],
          [
            10.56161,
            34.73143
          ],
          [
            10.56317,
            34.73113
          ],
          [
            10.56476,
            34.73068
          ],
          [
            10.56498,
            34.73063
          ],
          [
            10.56549,
            34.73048
          ],
          [
            10.56586,
            34.73039
          ],
          [
            10.56629,
            34.73032
          ],
          [
            10.56673,
            34.73028
          ],
          [
            10.56799,
            34.73023
          ],
          [
            10.56882,
            34.73022
          ],
          [
            10.56934,
            34.73019
          ],
          [
            10.56944,
            34.73019
          ],
          [
            10.5704,
            34.73014
          ],
          [
            10.57117,
            34.73012
          ],
          [
            10.5734,
            34.73002
          ],
          [
            10.574,
            34.73002
          ],
          [
            10.5745,
            34.73004
          ],
          [
            10.57562,
            34.73017
          ],
          [
            10.57577,
            34.73018
          ],
          [
            10.57787,
            34.73039
          ],
          [
            10.57878,
            34.73053
          ],
          [
            10.58154,
            34.73106
          ],
          [
            10.5821,
            34.73115
          ],
          [
            10.58588,
            34.73157
          ],
          [
            10.58846,
            34.7319
          ],
          [
            10.58889,
            34.73191
          ],
          [
            10.58973,
            34.7319
          ],
          [
            10.59136,
            34.73183
          ],
          [
            10.59251,
            34.7317
          ],
          [
            10.59336,
            34.73167
          ],
          [
            10.5938,
            34.73169
          ],
          [
            10.59387,
            34.73167
          ],
          [
            10.59423,
            34.7316
          ],
          [
            10.59423,
            34.73159
          ],
          [
            10.59424,
            34.73158
          ],
          [
            10.59424,
            34.73157
          ],
          [
            10.59425,
            34.73157
          ],
          [
            10.59425,
            34.73156
          ],
          [
            10.59426,
            34.73155
          ],
          [
            10.59425,
            34.73147
          ],
          [
            10.59424,
            34.73142
          ],
          [
            10.59423,
            34.73134
          ],
          [
            10.59423,
            34.73126
          ],
          [
            10.59351,
            34.72969
          ],
          [
            10.59344,
            34.72952
          ],
          [
            10.59245,
            34.72733
          ],
          [
            10.59233,
            34.72714
          ],
          [
            10.59215,
            34.72695
          ],
          [
            10.59204,
            34.72687
          ],
          [
            10.59187,
            34.72678
          ],
          [
            10.59171,
            34.72672
          ],
          [
            10.59155,
            34.72668
          ],
          [
            10.5914,
            34.72665
          ],
          [
            10.59112,
            34.72665
          ],
          [
            10.59102,
            34.72666
          ],
          [
            10.59072,
            34.72672
          ],
          [
            10.59068,
            34.72678
          ],
          [
            10.59035,
            34.72695
          ],
          [
            10.59022,
            34.72704
          ],
          [
            10.59009,
            34.72716
          ],
          [
            10.59005,
            34.72719
          ],
          [
            10.58993,
            34.72735
          ],
          [
            10.58985,
            34.72747
          ],
          [
            10.58977,
            34.72768
          ],
          [
            10.58974,
            34.72783
          ],
          [
            10.58974,
            34.72786
          ],
          [
            10.58973,
            34.72793
          ],
          [
            10.58974,
            34.72807
          ],
          [
            10.58974,
            34.72815
          ],
          [
            10.58976,
            34.72821
          ],
          [
            10.58976,
            34.72825
          ],
          [
            10.58983,
            34.72845
          ],
          [
            10.5899,
            34.72859
          ],
          [
            10.58994,
            34.72864
          ],
          [
            10.59003,
            34.72877
          ],
          [
            10.59004,
            34.72881
          ],
          [
            10.59004,
            34.72889
          ],
          [
            10.59033,
            34.72927
          ],
          [
            10.59103,
            34.73024
          ],
          [
            10.59137,
            34.73075
          ],
          [
            10.59191,
            34.73163
          ],
          [
            10.59255,
            34.73277
          ],
          [
            10.5926,
            34.73284
          ],
          [
            10.59264,
            34.73293
          ],
          [
            10.59443,
            34.73622
          ],
          [
            10.59494,
            34.73709
          ],
          [
            10.59522,
            34.73753
          ],
          [
            10.59718,
            34.7404
          ],
          [
            10.59727,
            34.74051
          ],
          [
            10.59735,
            34.74063
          ],
          [
            10.59739,
            34.7407
          ],
          [
            10.59744,
            34.74076
          ],
          [
            10.60337,
            34.74939
          ],
          [
            10.60435,
            34.75085
          ],
          [
            10.6048,
            34.75162
          ],
          [
            10.6049,
            34.75178
          ],
          [
            10.60498,
            34.75194
          ],
          [
            10.60517,
            34.75227
          ],
          [
            10.60525,
            34.75244
          ],
          [
            10.60542,
            34.75275
          ],
          [
            10.60588,
            34.75371
          ],
          [
            10.6062,
            34.75445
          ],
          [
            10.6064,
            34.75495
          ],
          [
            10.60653,
            34.7553
          ],
          [
            10.60683,
            34.75617
          ],
          [
            10.60705,
            34.75687
          ],
          [
            10.6072,
            34.75739
          ],
          [
            10.60724,
            34.75757
          ],
          [
            10.60751,
            34.75863
          ],
          [
            10.60756,
            34.7588
          ],
          [
            10.60795,
            34.76039
          ],
          [
            10.608,
            34.76056
          ],
          [
            10.60831,
            34.7618
          ],
          [
            10.60836,
            34.76197
          ],
          [
            10.6087,
            34.76338
          ],
          [
            10.60893,
            34.76426
          ],
          [
            10.60901,
            34.76462
          ],
          [
            10.61076,
            34.7716
          ],
          [
            10.61077,
            34.77166
          ],
          [
            10.61193,
            34.77624
          ],
          [
            10.61197,
            34.77642
          ],
          [
            10.6148,
            34.78764
          ],
          [
            10.61485,
            34.78781
          ],
          [
            10.61499,
            34.78838
          ],
          [
            10.61525,
            34.7892
          ],
          [
            10.61584,
            34.79083
          ],
          [
            10.61599,
            34.7912
          ],
          [
            10.61641,
            34.79212
          ],
          [
            10.61658,
            34.79245
          ],
          [
            10.61666,
            34.79263
          ],
          [
            10.61683,
            34.79295
          ],
          [
            10.61685,
            34.793
          ],
          [
            10.61747,
            34.79409
          ],
          [
            10.6179,
            34.79479
          ],
          [
            10.61836,
            34.7955
          ],
          [
            10.61878,
            34.7961
          ],
          [
            10.61882,
            34.79615
          ],
          [
            10.62332,
            34.80284
          ],
          [
            10.62342,
            34.803
          ],
          [
            10.62353,
            34.80315
          ],
          [
            10.62544,
            34.80599
          ],
          [
            10.62555,
            34.80614
          ],
          [
            10.62565,
            34.8063
          ],
          [
            10.62766,
            34.80928
          ],
          [
            10.62803,
            34.80985
          ],
          [
            10.62904,
            34.81134
          ],
          [
            10.62913,
            34.81149
          ],
          [
            10.62914,
            34.8115
          ],
          [
            10.62989,
            34.8126
          ],
          [
            10.62999,
            34.81276
          ],
          [
            10.63137,
            34.8148
          ],
          [
            10.6314,
            34.81485
          ],
          [
            10.6319,
            34.81559
          ],
          [
            10.63201,
            34.81574
          ],
          [
            10.63247,
            34.81641
          ],
          [
            10.63314,
            34.81729
          ],
          [
            10.63364,
            34.8179
          ],
          [
            10.634,
            34.81832
          ],
          [
            10.63503,
            34.81944
          ],
          [
            10.63507,
            34.81947
          ],
          [
            10.63534,
            34.81975
          ],
          [
            10.6354,
            34.8198
          ],
          [
            10.63654,
            34.82084
          ],
          [
            10.63699,
            34.82123
          ],
          [
            10.63743,
            34.82159
          ],
          [
            10.63832,
            34.82228
          ],
          [
            10.63889,
            34.82268
          ],
          [
            10.63973,
            34.82325
          ],
          [
            10.64646,
            34.82766
          ],
          [
            10.64663,
            34.82778
          ],
          [
            10.64679,
            34.82788
          ],
          [
            10.6468,
            34.82789
          ],
          [
            10.64748,
            34.82832
          ],
          [
            10.64937,
            34.82962
          ],
          [
            10.65064,
            34.83055
          ],
          [
            10.65409,
            34.83322
          ],
          [
            10.65549,
            34.83424
          ],
          [
            10.65649,
            34.8349
          ],
          [
            10.6565,
            34.83491
          ],
          [
            10.65685,
            34.83512
          ],
          [
            10.65691,
            34.83516
          ],
          [
            10.67053,
            34.84294
          ],
          [
            10.67189,
            34.84374
          ],
          [
            10.67298,
            34.84444
          ],
          [
            10.67351,
            34.84482
          ],
          [
            10.67401,
            34.8452
          ],
          [
            10.67502,
            34.84607
          ],
          [
            10.67541,
            34.84645
          ],
          [
            10.67622,
            34.84731
          ],
          [
            10.67646,
            34.84758
          ],
          [
            10.67722,
            34.84853
          ],
          [
            10.6788,
            34.85061
          ],
          [
            10.68048,
            34.85288
          ],
          [
            10.68715,
            34.86173
          ],
          [
            10.68727,
            34.86188
          ],
          [
            10.68819,
            34.8631
          ],
          [
            10.6883,
            34.86326
          ],
          [
            10.68842,
            34.86341
          ],
          [
            10.69026,
            34.86586
          ],
          [
            10.69038,
            34.86601
          ],
          [
            10.69508,
            34.87227
          ],
          [
            10.6954,
            34.87267
          ],
          [
            10.69622,
            34.87365
          ],
          [
            10.69684,
            34.87436
          ],
          [
            10.69783,
            34.87541
          ],
          [
            10.69889,
            34.87644
          ],
          [
            10.69955,
            34.87705
          ],
          [
            10.70093,
            34.87825
          ],
          [
            10.70709,
            34.88347
          ],
          [
            10.7071,
            34.88347
          ],
          [
            10.7071,
            34.88348
          ],
          [
            10.70741,
            34.88372
          ],
          [
            10.71137,
            34.88709
          ],
          [
            10.71168,
            34.88734
          ],
          [
            10.71522,
            34.89035
          ],
          [
            10.71636,
            34.89139
          ],
          [
            10.71779,
            34.89264
          ],
          [
            10.71797,
            34.89278
          ],
          [
            10.71904,
            34.89374
          ],
          [
            10.71994,
            34.8945
          ],
          [
            10.72021,
            34.89475
          ],
          [
            10.72162,
            34.89599
          ],
          [
            10.72271,
            34.89702
          ],
          [
            10.72286,
            34.89715
          ],
          [
            10.72329,
            34.89756
          ],
          [
            10.72344,
            34.89769
          ],
          [
            10.72403,
            34.89824
          ],
          [
            10.72434,
            34.89851
          ],
          [
            10.72572,
            34.89963
          ],
          [
            10.72685,
            34.90049
          ],
          [
            10.72886,
            34.90197
          ],
          [
            10.7296,
            34.90255
          ],
          [
            10.72962,
            34.90256
          ],
          [
            10.72976,
            34.90267
          ],
          [
            10.73039,
            34.9032
          ],
          [
            10.73062,
            34.90343
          ],
          [
            10.73107,
            34.90385
          ],
          [
            10.73171,
            34.9045
          ],
          [
            10.73252,
            34.90538
          ],
          [
            10.73341,
            34.90649
          ],
          [
            10.73382,
            34.90704
          ],
          [
            10.73423,
            34.90765
          ],
          [
            10.73506,
            34.90901
          ],
          [
            10.73561,
            34.91009
          ],
          [
            10.73591,
            34.91074
          ],
          [
            10.73621,
            34.91151
          ],
          [
            10.73646,
            34.9122
          ],
          [
            10.73666,
            34.91282
          ],
          [
            10.73689,
            34.91367
          ],
          [
            10.73708,
            34.9145
          ],
          [
            10.73725,
            34.91549
          ],
          [
            10.73737,
            34.9164
          ],
          [
            10.73743,
            34.91732
          ],
          [
            10.73756,
            34.92002
          ],
          [
            10.7376,
            34.92136
          ],
          [
            10.73771,
            34.92322
          ],
          [
            10.73772,
            34.92326
          ],
          [
            10.73777,
            34.92469
          ],
          [
            10.73777,
            34.92487
          ],
          [
            10.73778,
            34.92505
          ],
          [
            10.73778,
            34.92523
          ],
          [
            10.73788,
            34.92695
          ],
          [
            10.73791,
            34.92779
          ],
          [
            10.738,
            34.92941
          ],
          [
            10.73805,
            34.93071
          ],
          [
            10.73808,
            34.9312
          ],
          [
            10.73808,
            34.93138
          ],
          [
            10.73813,
            34.93246
          ],
          [
            10.73813,
            34.93264
          ],
          [
            10.73816,
            34.93354
          ],
          [
            10.73815,
            34.93473
          ],
          [
            10.73806,
            34.93563
          ],
          [
            10.73794,
            34.93643
          ],
          [
            10.7378,
            34.93713
          ],
          [
            10.73763,
            34.93783
          ],
          [
            10.73735,
            34.93869
          ],
          [
            10.73734,
            34.93871
          ],
          [
            10.73696,
            34.93981
          ],
          [
            10.73642,
            34.9412
          ],
          [
            10.73595,
            34.94247
          ],
          [
            10.73561,
            34.94372
          ],
          [
            10.73548,
            34.94428
          ],
          [
            10.73535,
            34.94509
          ],
          [
            10.73528,
            34.94589
          ],
          [
            10.73525,
            34.94659
          ],
          [
            10.73526,
            34.94752
          ],
          [
            10.73536,
            34.94846
          ],
          [
            10.73546,
            34.94911
          ],
          [
            10.73564,
            34.9499
          ],
          [
            10.73583,
            34.95056
          ],
          [
            10.73609,
            34.95133
          ],
          [
            10.73612,
            34.9514
          ],
          [
            10.73618,
            34.95157
          ],
          [
            10.73625,
            34.95174
          ],
          [
            10.7364,
            34.95214
          ],
          [
            10.737,
            34.95344
          ],
          [
            10.7378,
            34.95511
          ],
          [
            10.73818,
            34.95595
          ],
          [
            10.73825,
            34.95612
          ],
          [
            10.73826,
            34.95613
          ],
          [
            10.73845,
            34.95664
          ],
          [
            10.73855,
            34.95688
          ],
          [
            10.7388,
            34.95766
          ],
          [
            10.7388,
            34.95768
          ],
          [
            10.73896,
            34.95822
          ],
          [
            10.739,
            34.95838
          ],
          [
            10.73905,
            34.95855
          ],
          [
            10.73913,
            34.95891
          ],
          [
            10.73914,
            34.95891
          ],
          [
            10.73937,
            34.96013
          ],
          [
            10.73944,
            34.96069
          ],
          [
            10.73945,
            34.96087
          ],
          [
            10.7395,
            34.96139
          ],
          [
            10.7396,
            34.96348
          ],
          [
            10.73966,
            34.96441
          ],
          [
            10.73971,
            34.96586
          ],
          [
            10.73972,
            34.9659
          ],
          [
            10.73975,
            34.96667
          ],
          [
            10.73975,
            34.9668
          ],
          [
            10.73981,
            34.96817
          ],
          [
            10.73991,
            34.96988
          ],
          [
            10.73996,
            34.9713
          ],
          [
            10.73996,
            34.97151
          ],
          [
            10.74002,
            34.97313
          ],
          [
            10.74017,
            34.976
          ],
          [
            10.74022,
            34.97741
          ],
          [
            10.74029,
            34.9787
          ],
          [
            10.74037,
            34.98085
          ],
          [
            10.74037,
            34.98103
          ],
          [
            10.74038,
            34.98121
          ],
          [
            10.74041,
            34.98275
          ],
          [
            10.74048,
            34.98443
          ],
          [
            10.74054,
            34.98733
          ],
          [
            10.74055,
            34.98751
          ],
          [
            10.74061,
            34.99082
          ],
          [
            10.74077,
            34.99633
          ],
          [
            10.74078,
            34.9965
          ],
          [
            10.7408,
            34.99738
          ],
          [
            10.74089,
            34.99961
          ],
          [
            10.74091,
            35.00081
          ],
          [
            10.7409,
            35.00313
          ],
          [
            10.74085,
            35.00406
          ],
          [
            10.74081,
            35.00439
          ],
          [
            10.7408,
            35.00457
          ],
          [
            10.74072,
            35.00529
          ],
          [
            10.74072,
            35.00536
          ],
          [
            10.7407,
            35.00547
          ],
          [
            10.7406,
            35.00636
          ],
          [
            10.74051,
            35.0069
          ],
          [
            10.74049,
            35.00706
          ],
          [
            10.74048,
            35.00707
          ],
          [
            10.74045,
            35.00725
          ],
          [
            10.74041,
            35.00743
          ],
          [
            10.74038,
            35.00761
          ],
          [
            10.7403,
            35.00796
          ],
          [
            10.74027,
            35.00814
          ],
          [
            10.74025,
            35.00821
          ],
          [
            10.74023,
            35.00832
          ],
          [
            10.74018,
            35.00849
          ],
          [
            10.74014,
            35.00867
          ],
          [
            10.74009,
            35.00884
          ],
          [
            10.74005,
            35.00902
          ],
          [
            10.74,
            35.0092
          ],
          [
            10.73996,
            35.00937
          ],
          [
            10.7399,
            35.00955
          ],
          [
            10.7398,
            35.0099
          ],
          [
            10.73974,
            35.01007
          ],
          [
            10.73961,
            35.01052
          ],
          [
            10.73958,
            35.01059
          ],
          [
            10.73953,
            35.01077
          ],
          [
            10.73935,
            35.01129
          ],
          [
            10.73934,
            35.01134
          ],
          [
            10.73929,
            35.01146
          ],
          [
            10.73923,
            35.01163
          ],
          [
            10.73916,
            35.0118
          ],
          [
            10.73904,
            35.01215
          ],
          [
            10.73876,
            35.01283
          ],
          [
            10.73868,
            35.013
          ],
          [
            10.73858,
            35.01325
          ],
          [
            10.7375,
            35.01552
          ],
          [
            10.73741,
            35.01568
          ],
          [
            10.73709,
            35.01635
          ],
          [
            10.73702,
            35.01652
          ],
          [
            10.73664,
            35.01732
          ],
          [
            10.73663,
            35.01736
          ],
          [
            10.73655,
            35.01753
          ],
          [
            10.73638,
            35.01786
          ],
          [
            10.7359,
            35.01887
          ],
          [
            10.73573,
            35.0192
          ],
          [
            10.73541,
            35.01987
          ],
          [
            10.73524,
            35.0202
          ],
          [
            10.73508,
            35.02054
          ],
          [
            10.73491,
            35.02087
          ],
          [
            10.73459,
            35.02154
          ],
          [
            10.73455,
            35.02161
          ],
          [
            10.73395,
            35.02288
          ],
          [
            10.73394,
            35.02291
          ],
          [
            10.73379,
            35.02321
          ],
          [
            10.73377,
            35.02327
          ],
          [
            10.73371,
            35.02338
          ],
          [
            10.73291,
            35.02506
          ],
          [
            10.73284,
            35.02523
          ],
          [
            10.73251,
            35.02589
          ],
          [
            10.73147,
            35.02807
          ],
          [
            10.73144,
            35.02812
          ],
          [
            10.73139,
            35.02824
          ],
          [
            10.73123,
            35.02857
          ],
          [
            10.73122,
            35.0286
          ],
          [
            10.73099,
            35.02908
          ],
          [
            10.73082,
            35.02941
          ],
          [
            10.73058,
            35.02991
          ],
          [
            10.73041,
            35.03024
          ],
          [
            10.73033,
            35.03041
          ],
          [
            10.73024,
            35.03057
          ],
          [
            10.73017,
            35.03071
          ],
          [
            10.73016,
            35.03074
          ],
          [
            10.72989,
            35.03123
          ],
          [
            10.72972,
            35.03156
          ],
          [
            10.72965,
            35.03168
          ],
          [
            10.72963,
            35.03173
          ],
          [
            10.72913,
            35.03264
          ],
          [
            10.72908,
            35.03271
          ],
          [
            10.72899,
            35.03287
          ],
          [
            10.72889,
            35.03303
          ],
          [
            10.7287,
            35.03336
          ],
          [
            10.72867,
            35.0334
          ],
          [
            10.72833,
            35.03401
          ],
          [
            10.72819,
            35.03428
          ],
          [
            10.72795,
            35.03466
          ],
          [
            10.72758,
            35.03531
          ],
          [
            10.72748,
            35.03547
          ],
          [
            10.7273,
            35.0358
          ],
          [
            10.7272,
            35.03596
          ],
          [
            10.72702,
            35.03629
          ],
          [
            10.72692,
            35.03645
          ],
          [
            10.72674,
            35.03678
          ],
          [
            10.72664,
            35.03694
          ],
          [
            10.72655,
            35.0371
          ],
          [
            10.72645,
            35.03726
          ],
          [
            10.72636,
            35.03743
          ],
          [
            10.72596,
            35.03807
          ],
          [
            10.72587,
            35.03823
          ],
          [
            10.7256,
            35.03867
          ],
          [
            10.72557,
            35.03871
          ],
          [
            10.72547,
            35.03887
          ],
          [
            10.72536,
            35.03903
          ],
          [
            10.72526,
            35.03919
          ],
          [
            10.72515,
            35.03934
          ],
          [
            10.72498,
            35.03961
          ],
          [
            10.72458,
            35.04011
          ],
          [
            10.72445,
            35.04026
          ],
          [
            10.72444,
            35.04028
          ],
          [
            10.72409,
            35.04071
          ],
          [
            10.72384,
            35.041
          ],
          [
            10.72372,
            35.04115
          ],
          [
            10.72359,
            35.0413
          ],
          [
            10.72333,
            35.04162
          ],
          [
            10.72303,
            35.04197
          ],
          [
            10.7222,
            35.04284
          ],
          [
            10.72069,
            35.04438
          ],
          [
            10.71996,
            35.04516
          ],
          [
            10.71926,
            35.04597
          ],
          [
            10.71862,
            35.04681
          ],
          [
            10.71808,
            35.04759
          ],
          [
            10.71785,
            35.04796
          ],
          [
            10.71721,
            35.04909
          ],
          [
            10.71655,
            35.05063
          ],
          [
            10.71636,
            35.05116
          ],
          [
            10.71622,
            35.0516
          ],
          [
            10.71607,
            35.05215
          ],
          [
            10.71589,
            35.0529
          ],
          [
            10.71533,
            35.05597
          ],
          [
            10.71532,
            35.05605
          ],
          [
            10.71476,
            35.05908
          ],
          [
            10.71476,
            35.0591
          ],
          [
            10.714,
            35.06353
          ],
          [
            10.7139,
            35.06443
          ],
          [
            10.71376,
            35.06599
          ],
          [
            10.71371,
            35.06694
          ],
          [
            10.71368,
            35.06874
          ],
          [
            10.71373,
            35.07377
          ],
          [
            10.71374,
            35.07395
          ],
          [
            10.71389,
            35.08776
          ],
          [
            10.7139,
            35.0879
          ],
          [
            10.7139,
            35.08884
          ],
          [
            10.71391,
            35.08895
          ],
          [
            10.7139,
            35.08902
          ],
          [
            10.71385,
            35.09009
          ],
          [
            10.71383,
            35.09027
          ],
          [
            10.71381,
            35.09063
          ],
          [
            10.71364,
            35.09206
          ],
          [
            10.71323,
            35.0944
          ],
          [
            10.71321,
            35.09456
          ],
          [
            10.71311,
            35.09472
          ],
          [
            10.71272,
            35.09606
          ],
          [
            10.71188,
            35.09855
          ],
          [
            10.71185,
            35.09861
          ],
          [
            10.71123,
            35.10003
          ],
          [
            10.71086,
            35.10093
          ],
          [
            10.71078,
            35.1011
          ],
          [
            10.71075,
            35.10119
          ],
          [
            10.71012,
            35.10266
          ],
          [
            10.70963,
            35.10368
          ],
          [
            10.70901,
            35.10489
          ],
          [
            10.70842,
            35.10596
          ],
          [
            10.70727,
            35.10785
          ],
          [
            10.70652,
            35.10898
          ],
          [
            10.70619,
            35.10945
          ],
          [
            10.70607,
            35.1096
          ],
          [
            10.70582,
            35.10996
          ],
          [
            10.7053,
            35.11066
          ],
          [
            10.70528,
            35.11068
          ],
          [
            10.70505,
            35.11099
          ],
          [
            10.70499,
            35.11106
          ],
          [
            10.70474,
            35.1114
          ],
          [
            10.70404,
            35.11225
          ],
          [
            10.70308,
            35.11337
          ],
          [
            10.70296,
            35.11352
          ],
          [
            10.69946,
            35.1174
          ],
          [
            10.69862,
            35.1183
          ],
          [
            10.69718,
            35.11992
          ],
          [
            10.69711,
            35.11999
          ],
          [
            10.69596,
            35.12128
          ],
          [
            10.69564,
            35.12162
          ],
          [
            10.69344,
            35.12407
          ],
          [
            10.69316,
            35.12436
          ],
          [
            10.68847,
            35.12959
          ],
          [
            10.68771,
            35.13041
          ],
          [
            10.68222,
            35.13649
          ],
          [
            10.68217,
            35.13654
          ],
          [
            10.68198,
            35.13676
          ],
          [
            10.67984,
            35.13912
          ],
          [
            10.67941,
            35.13962
          ],
          [
            10.67632,
            35.14305
          ],
          [
            10.67074,
            35.149
          ],
          [
            10.67061,
            35.14915
          ],
          [
            10.67051,
            35.14924
          ],
          [
            10.67047,
            35.14929
          ],
          [
            10.6698,
            35.15002
          ],
          [
            10.66431,
            35.15585
          ],
          [
            10.66398,
            35.15622
          ],
          [
            10.66196,
            35.15836
          ],
          [
            10.66136,
            35.15902
          ],
          [
            10.6595,
            35.161
          ],
          [
            10.65944,
            35.16107
          ],
          [
            10.65829,
            35.16228
          ],
          [
            10.65803,
            35.16257
          ],
          [
            10.65718,
            35.16347
          ],
          [
            10.65632,
            35.16444
          ],
          [
            10.65586,
            35.16501
          ],
          [
            10.65564,
            35.1653
          ],
          [
            10.65494,
            35.16632
          ],
          [
            10.65463,
            35.16685
          ],
          [
            10.65457,
            35.16694
          ],
          [
            10.65444,
            35.16716
          ],
          [
            10.65425,
            35.16752
          ],
          [
            10.65406,
            35.16793
          ],
          [
            10.65399,
            35.16806
          ],
          [
            10.6537,
            35.16868
          ],
          [
            10.65346,
            35.16928
          ],
          [
            10.65316,
            35.17015
          ],
          [
            10.65296,
            35.17083
          ],
          [
            10.65267,
            35.17212
          ],
          [
            10.65164,
            35.17715
          ],
          [
            10.65163,
            35.17723
          ],
          [
            10.6516,
            35.17735
          ],
          [
            10.65131,
            35.1788
          ],
          [
            10.65131,
            35.17883
          ],
          [
            10.65096,
            35.18048
          ],
          [
            10.65048,
            35.18254
          ],
          [
            10.65008,
            35.18411
          ],
          [
            10.65007,
            35.18413
          ],
          [
            10.64997,
            35.18448
          ],
          [
            10.64984,
            35.18501
          ],
          [
            10.64974,
            35.18536
          ],
          [
            10.6497,
            35.18553
          ],
          [
            10.64894,
            35.18833
          ],
          [
            10.64885,
            35.18869
          ],
          [
            10.64885,
            35.1887
          ],
          [
            10.64878,
            35.18893
          ],
          [
            10.64871,
            35.18924
          ],
          [
            10.64787,
            35.19239
          ],
          [
            10.64783,
            35.19251
          ],
          [
            10.64644,
            35.19776
          ],
          [
            10.64621,
            35.19876
          ],
          [
            10.64605,
            35.19959
          ],
          [
            10.64592,
            35.20044
          ],
          [
            10.64592,
            35.2005
          ],
          [
            10.64577,
            35.20169
          ],
          [
            10.64573,
            35.20214
          ],
          [
            10.64569,
            35.20279
          ],
          [
            10.64566,
            35.20392
          ],
          [
            10.64568,
            35.20521
          ],
          [
            10.64569,
            35.20535
          ],
          [
            10.64571,
            35.20591
          ],
          [
            10.64633,
            35.21159
          ],
          [
            10.64633,
            35.21165
          ],
          [
            10.64768,
            35.22401
          ],
          [
            10.64769,
            35.22419
          ],
          [
            10.64857,
            35.23243
          ],
          [
            10.64858,
            35.23261
          ],
          [
            10.64868,
            35.23351
          ],
          [
            10.64873,
            35.23387
          ],
          [
            10.64901,
            35.23637
          ],
          [
            10.64904,
            35.23673
          ],
          [
            10.64921,
            35.23816
          ],
          [
            10.64935,
            35.23958
          ],
          [
            10.64956,
            35.24126
          ],
          [
            10.64958,
            35.24157
          ],
          [
            10.64968,
            35.24246
          ],
          [
            10.64969,
            35.24264
          ],
          [
            10.65014,
            35.24694
          ],
          [
            10.65015,
            35.2471
          ],
          [
            10.65028,
            35.2482
          ],
          [
            10.65031,
            35.24838
          ],
          [
            10.65101,
            35.25446
          ],
          [
            10.65106,
            35.25499
          ],
          [
            10.65125,
            35.25662
          ],
          [
            10.65154,
            35.25945
          ],
          [
            10.65168,
            35.26061
          ],
          [
            10.65176,
            35.26139
          ],
          [
            10.65179,
            35.26161
          ],
          [
            10.65186,
            35.26248
          ],
          [
            10.65212,
            35.26467
          ],
          [
            10.65225,
            35.26627
          ],
          [
            10.65229,
            35.26714
          ],
          [
            10.65226,
            35.2688
          ],
          [
            10.65224,
            35.26914
          ],
          [
            10.65223,
            35.26956
          ],
          [
            10.6521,
            35.27073
          ],
          [
            10.65106,
            35.27839
          ],
          [
            10.65101,
            35.27887
          ],
          [
            10.65066,
            35.28128
          ],
          [
            10.65058,
            35.28191
          ],
          [
            10.65057,
            35.28209
          ],
          [
            10.65052,
            35.28246
          ],
          [
            10.65051,
            35.28263
          ],
          [
            10.65046,
            35.28309
          ],
          [
            10.65036,
            35.28454
          ],
          [
            10.65034,
            35.28568
          ],
          [
            10.65032,
            35.28604
          ],
          [
            10.65037,
            35.2881
          ],
          [
            10.65053,
            35.29035
          ],
          [
            10.65073,
            35.29201
          ],
          [
            10.65081,
            35.29286
          ],
          [
            10.65086,
            35.29322
          ],
          [
            10.65096,
            35.29412
          ],
          [
            10.65098,
            35.29436
          ],
          [
            10.65122,
            35.29626
          ],
          [
            10.65223,
            35.3054
          ],
          [
            10.65226,
            35.30558
          ],
          [
            10.65233,
            35.30629
          ],
          [
            10.65243,
            35.30712
          ],
          [
            10.65245,
            35.3074
          ],
          [
            10.65252,
            35.3079
          ],
          [
            10.65261,
            35.3087
          ],
          [
            10.65266,
            35.30926
          ],
          [
            10.65269,
            35.3095
          ],
          [
            10.6527,
            35.3097
          ],
          [
            10.65274,
            35.30996
          ],
          [
            10.65279,
            35.31049
          ],
          [
            10.65294,
            35.31175
          ],
          [
            10.65306,
            35.31301
          ],
          [
            10.65333,
            35.31531
          ],
          [
            10.65343,
            35.31604
          ],
          [
            10.65364,
            35.31804
          ],
          [
            10.65387,
            35.31999
          ],
          [
            10.65419,
            35.32304
          ],
          [
            10.65435,
            35.32428
          ],
          [
            10.65477,
            35.32813
          ],
          [
            10.65489,
            35.32911
          ],
          [
            10.65489,
            35.32912
          ],
          [
            10.65515,
            35.33112
          ],
          [
            10.65519,
            35.33151
          ],
          [
            10.65544,
            35.33277
          ],
          [
            10.65597,
            35.33503
          ],
          [
            10.65718,
            35.33955
          ],
          [
            10.6572,
            35.3396
          ],
          [
            10.65764,
            35.34112
          ],
          [
            10.6583,
            35.34364
          ],
          [
            10.65882,
            35.3455
          ],
          [
            10.65945,
            35.34788
          ],
          [
            10.65948,
            35.34803
          ],
          [
            10.65953,
            35.34821
          ],
          [
            10.65999,
            35.3501
          ],
          [
            10.66003,
            35.35032
          ],
          [
            10.66007,
            35.3505
          ],
          [
            10.6601,
            35.35068
          ],
          [
            10.66014,
            35.35086
          ],
          [
            10.66017,
            35.35104
          ],
          [
            10.66021,
            35.35121
          ],
          [
            10.66044,
            35.35264
          ],
          [
            10.66046,
            35.35282
          ],
          [
            10.66048,
            35.35293
          ],
          [
            10.66077,
            35.35544
          ],
          [
            10.6609,
            35.35638
          ],
          [
            10.66109,
            35.35801
          ],
          [
            10.66109,
            35.35802
          ],
          [
            10.66173,
            35.36344
          ],
          [
            10.66176,
            35.36361
          ],
          [
            10.66206,
            35.36608
          ],
          [
            10.66218,
            35.36685
          ],
          [
            10.66235,
            35.36774
          ],
          [
            10.66264,
            35.36897
          ],
          [
            10.66306,
            35.37052
          ],
          [
            10.66335,
            35.37133
          ],
          [
            10.66335,
            35.37135
          ],
          [
            10.66439,
            35.37391
          ],
          [
            10.66542,
            35.3759
          ],
          [
            10.66551,
            35.37604
          ],
          [
            10.66561,
            35.37622
          ],
          [
            10.66645,
            35.3776
          ],
          [
            10.66647,
            35.37764
          ],
          [
            10.66732,
            35.37905
          ],
          [
            10.66741,
            35.37921
          ],
          [
            10.66751,
            35.37937
          ],
          [
            10.66753,
            35.37941
          ],
          [
            10.66809,
            35.38034
          ],
          [
            10.66818,
            35.38051
          ],
          [
            10.66915,
            35.38212
          ],
          [
            10.66958,
            35.38286
          ],
          [
            10.66963,
            35.38293
          ],
          [
            10.66963,
            35.38294
          ],
          [
            10.67055,
            35.38443
          ],
          [
            10.67139,
            35.38598
          ],
          [
            10.67209,
            35.38746
          ],
          [
            10.67279,
            35.38916
          ],
          [
            10.67322,
            35.39052
          ],
          [
            10.67363,
            35.39208
          ],
          [
            10.67387,
            35.39329
          ],
          [
            10.6739,
            35.39347
          ],
          [
            10.67433,
            35.3956
          ],
          [
            10.67439,
            35.39595
          ],
          [
            10.67457,
            35.39684
          ],
          [
            10.67463,
            35.3972
          ],
          [
            10.67467,
            35.39737
          ],
          [
            10.67468,
            35.39744
          ],
          [
            10.67468,
            35.39746
          ],
          [
            10.6747,
            35.39755
          ],
          [
            10.6747,
            35.39756
          ],
          [
            10.67474,
            35.39773
          ],
          [
            10.6749,
            35.39862
          ],
          [
            10.67501,
            35.39915
          ],
          [
            10.67517,
            35.40004
          ],
          [
            10.67538,
            35.4011
          ],
          [
            10.67548,
            35.40155
          ],
          [
            10.67568,
            35.40271
          ],
          [
            10.6758,
            35.4037
          ],
          [
            10.67585,
            35.40439
          ],
          [
            10.67589,
            35.40567
          ],
          [
            10.67587,
            35.40626
          ],
          [
            10.67583,
            35.40693
          ],
          [
            10.67579,
            35.40732
          ],
          [
            10.6757,
            35.408
          ],
          [
            10.67555,
            35.40886
          ],
          [
            10.67527,
            35.40995
          ],
          [
            10.67522,
            35.41017
          ],
          [
            10.67493,
            35.41099
          ],
          [
            10.67492,
            35.411
          ],
          [
            10.67476,
            35.41142
          ],
          [
            10.67416,
            35.41266
          ],
          [
            10.67383,
            35.41328
          ],
          [
            10.67381,
            35.41333
          ],
          [
            10.67329,
            35.41433
          ],
          [
            10.6732,
            35.41449
          ],
          [
            10.67312,
            35.41466
          ],
          [
            10.67283,
            35.41521
          ],
          [
            10.67115,
            35.41858
          ],
          [
            10.67055,
            35.4197
          ],
          [
            10.6699,
            35.42097
          ],
          [
            10.66972,
            35.4213
          ],
          [
            10.66964,
            35.42147
          ],
          [
            10.66955,
            35.42163
          ],
          [
            10.66947,
            35.4218
          ],
          [
            10.66826,
            35.42411
          ],
          [
            10.66822,
            35.42417
          ],
          [
            10.6666,
            35.42741
          ],
          [
            10.66659,
            35.42744
          ],
          [
            10.66625,
            35.42811
          ],
          [
            10.66618,
            35.42823
          ],
          [
            10.66484,
            35.43075
          ],
          [
            10.66478,
            35.43085
          ],
          [
            10.6645,
            35.43141
          ],
          [
            10.66431,
            35.43176
          ],
          [
            10.66278,
            35.43476
          ],
          [
            10.66254,
            35.43518
          ],
          [
            10.66224,
            35.43566
          ],
          [
            10.66164,
            35.43657
          ],
          [
            10.66127,
            35.43708
          ],
          [
            10.66115,
            35.43723
          ],
          [
            10.66101,
            35.43743
          ],
          [
            10.65984,
            35.43895
          ],
          [
            10.65908,
            35.43977
          ],
          [
            10.65811,
            35.44075
          ],
          [
            10.65724,
            35.44155
          ],
          [
            10.65632,
            35.44234
          ],
          [
            10.656,
            35.4426
          ],
          [
            10.65585,
            35.44273
          ],
          [
            10.6557,
            35.44285
          ],
          [
            10.65503,
            35.44335
          ],
          [
            10.65355,
            35.44441
          ],
          [
            10.65141,
            35.44583
          ],
          [
            10.6489,
            35.44741
          ],
          [
            10.64441,
            35.45034
          ],
          [
            10.64308,
            35.45125
          ],
          [
            10.64183,
            35.45223
          ],
          [
            10.64043,
            35.45351
          ],
          [
            10.63921,
            35.45482
          ],
          [
            10.63831,
            35.45588
          ],
          [
            10.63742,
            35.45711
          ],
          [
            10.63638,
            35.45886
          ],
          [
            10.63563,
            35.46041
          ],
          [
            10.63502,
            35.46207
          ],
          [
            10.63479,
            35.4629
          ],
          [
            10.63479,
            35.46292
          ],
          [
            10.6342,
            35.46505
          ],
          [
            10.63419,
            35.46507
          ],
          [
            10.63394,
            35.46594
          ],
          [
            10.63368,
            35.46693
          ],
          [
            10.63364,
            35.46711
          ],
          [
            10.63354,
            35.46746
          ],
          [
            10.63322,
            35.4687
          ],
          [
            10.63298,
            35.46957
          ],
          [
            10.63294,
            35.46974
          ],
          [
            10.6327,
            35.47062
          ],
          [
            10.63248,
            35.4715
          ],
          [
            10.63238,
            35.47185
          ],
          [
            10.63207,
            35.47309
          ],
          [
            10.63202,
            35.47326
          ],
          [
            10.63201,
            35.47331
          ],
          [
            10.62996,
            35.48089
          ],
          [
            10.6295,
            35.48271
          ],
          [
            10.62837,
            35.48691
          ],
          [
            10.62837,
            35.48693
          ],
          [
            10.62749,
            35.49021
          ],
          [
            10.62748,
            35.49027
          ],
          [
            10.62732,
            35.49083
          ],
          [
            10.6263,
            35.49466
          ],
          [
            10.62626,
            35.49479
          ],
          [
            10.62611,
            35.49541
          ],
          [
            10.62598,
            35.49601
          ],
          [
            10.62578,
            35.49703
          ],
          [
            10.62553,
            35.49874
          ],
          [
            10.62543,
            35.4999
          ],
          [
            10.62538,
            35.50064
          ],
          [
            10.62538,
            35.50072
          ],
          [
            10.62536,
            35.50108
          ],
          [
            10.62536,
            35.5012
          ],
          [
            10.62535,
            35.50126
          ],
          [
            10.62534,
            35.50202
          ],
          [
            10.62535,
            35.50289
          ],
          [
            10.62537,
            35.50324
          ],
          [
            10.62537,
            35.5033
          ],
          [
            10.62543,
            35.50437
          ],
          [
            10.62549,
            35.50507
          ],
          [
            10.62627,
            35.51189
          ],
          [
            10.62634,
            35.51241
          ],
          [
            10.62643,
            35.51326
          ],
          [
            10.62649,
            35.51395
          ],
          [
            10.62662,
            35.51597
          ],
          [
            10.62662,
            35.51615
          ],
          [
            10.62667,
            35.51745
          ],
          [
            10.62668,
            35.51986
          ],
          [
            10.62662,
            35.52159
          ],
          [
            10.62649,
            35.52368
          ],
          [
            10.62625,
            35.52601
          ],
          [
            10.62612,
            35.52697
          ],
          [
            10.62609,
            35.52714
          ],
          [
            10.62597,
            35.52798
          ],
          [
            10.62583,
            35.52877
          ],
          [
            10.62577,
            35.52917
          ],
          [
            10.62569,
            35.52957
          ],
          [
            10.62558,
            35.5302
          ],
          [
            10.62522,
            35.53192
          ],
          [
            10.62484,
            35.5335
          ],
          [
            10.62459,
            35.53445
          ],
          [
            10.62432,
            35.53538
          ],
          [
            10.6243,
            35.53547
          ],
          [
            10.62379,
            35.53721
          ],
          [
            10.62365,
            35.53764
          ],
          [
            10.62352,
            35.53808
          ],
          [
            10.62352,
            35.53809
          ],
          [
            10.62336,
            35.53865
          ],
          [
            10.62325,
            35.53899
          ],
          [
            10.62313,
            35.5394
          ],
          [
            10.62306,
            35.53961
          ],
          [
            10.62301,
            35.53981
          ],
          [
            10.62226,
            35.54228
          ],
          [
            10.62226,
            35.54229
          ],
          [
            10.62101,
            35.54648
          ],
          [
            10.62095,
            35.54665
          ],
          [
            10.62006,
            35.54962
          ],
          [
            10.62,
            35.54979
          ],
          [
            10.62,
            35.54981
          ],
          [
            10.61939,
            35.55189
          ],
          [
            10.61933,
            35.55207
          ],
          [
            10.61929,
            35.55222
          ],
          [
            10.61928,
            35.55224
          ],
          [
            10.61861,
            35.55441
          ],
          [
            10.61857,
            35.55451
          ],
          [
            10.61837,
            35.5551
          ],
          [
            10.61824,
            35.55553
          ],
          [
            10.6181,
            35.55593
          ],
          [
            10.618,
            35.55625
          ],
          [
            10.61783,
            35.55672
          ],
          [
            10.61782,
            35.55676
          ],
          [
            10.61714,
            35.55867
          ],
          [
            10.61553,
            35.56292
          ],
          [
            10.61551,
            35.56296
          ],
          [
            10.61532,
            35.56348
          ],
          [
            10.61465,
            35.56521
          ],
          [
            10.61457,
            35.56548
          ],
          [
            10.61418,
            35.56643
          ],
          [
            10.6136,
            35.56798
          ],
          [
            10.61329,
            35.5689
          ],
          [
            10.61288,
            35.56984
          ],
          [
            10.60861,
            35.58109
          ],
          [
            10.60854,
            35.58126
          ],
          [
            10.60813,
            35.5824
          ],
          [
            10.6081,
            35.58247
          ],
          [
            10.60617,
            35.58791
          ],
          [
            10.60503,
            35.59079
          ],
          [
            10.60402,
            35.59308
          ],
          [
            10.60343,
            35.59447
          ],
          [
            10.60335,
            35.59464
          ],
          [
            10.6013,
            35.59939
          ],
          [
            10.60122,
            35.59956
          ],
          [
            10.6009,
            35.60031
          ],
          [
            10.59979,
            35.60313
          ],
          [
            10.59947,
            35.60401
          ],
          [
            10.59849,
            35.60692
          ],
          [
            10.59807,
            35.60832
          ],
          [
            10.59806,
            35.60838
          ],
          [
            10.59751,
            35.61024
          ],
          [
            10.59733,
            35.61089
          ],
          [
            10.59698,
            35.61206
          ],
          [
            10.59641,
            35.61407
          ],
          [
            10.59605,
            35.61527
          ],
          [
            10.59511,
            35.61856
          ],
          [
            10.59448,
            35.62068
          ],
          [
            10.59443,
            35.62083
          ],
          [
            10.5942,
            35.62162
          ],
          [
            10.59371,
            35.62293
          ],
          [
            10.59341,
            35.62362
          ],
          [
            10.59278,
            35.62493
          ],
          [
            10.59269,
            35.62509
          ],
          [
            10.59249,
            35.62549
          ],
          [
            10.59234,
            35.62575
          ],
          [
            10.59231,
            35.62582
          ],
          [
            10.59174,
            35.62677
          ],
          [
            10.59132,
            35.62743
          ],
          [
            10.59125,
            35.62752
          ],
          [
            10.59078,
            35.6282
          ],
          [
            10.5903,
            35.62884
          ],
          [
            10.58984,
            35.62943
          ],
          [
            10.58942,
            35.62993
          ],
          [
            10.58845,
            35.63102
          ],
          [
            10.58401,
            35.63546
          ],
          [
            10.58342,
            35.63608
          ],
          [
            10.58109,
            35.6384
          ],
          [
            10.57785,
            35.64168
          ],
          [
            10.57782,
            35.64172
          ],
          [
            10.57776,
            35.64177
          ],
          [
            10.57763,
            35.64191
          ],
          [
            10.57629,
            35.64325
          ],
          [
            10.5756,
            35.64397
          ],
          [
            10.57475,
            35.64481
          ],
          [
            10.57415,
            35.64537
          ],
          [
            10.57107,
            35.64846
          ],
          [
            10.57099,
            35.64855
          ],
          [
            10.56797,
            35.65157
          ],
          [
            10.56713,
            35.65244
          ],
          [
            10.56635,
            35.65333
          ],
          [
            10.56556,
            35.65431
          ],
          [
            10.56504,
            35.655
          ],
          [
            10.56409,
            35.65642
          ],
          [
            10.5634,
            35.6576
          ],
          [
            10.56289,
            35.65856
          ],
          [
            10.56243,
            35.65957
          ],
          [
            10.56222,
            35.66007
          ],
          [
            10.56221,
            35.66008
          ],
          [
            10.56177,
            35.66127
          ],
          [
            10.56154,
            35.66197
          ],
          [
            10.56153,
            35.66202
          ],
          [
            10.56123,
            35.66305
          ],
          [
            10.56111,
            35.6635
          ],
          [
            10.56103,
            35.66392
          ],
          [
            10.56095,
            35.66428
          ],
          [
            10.56079,
            35.66511
          ],
          [
            10.56068,
            35.66589
          ],
          [
            10.5606,
            35.66668
          ],
          [
            10.5606,
            35.66676
          ],
          [
            10.56052,
            35.66805
          ],
          [
            10.56051,
            35.66887
          ],
          [
            10.56053,
            35.66986
          ],
          [
            10.56054,
            35.66996
          ],
          [
            10.56056,
            35.67177
          ],
          [
            10.56059,
            35.67287
          ],
          [
            10.56062,
            35.67565
          ],
          [
            10.56063,
            35.67588
          ],
          [
            10.56063,
            35.67678
          ],
          [
            10.56067,
            35.67813
          ],
          [
            10.56068,
            35.67891
          ],
          [
            10.56075,
            35.68029
          ],
          [
            10.56089,
            35.68161
          ],
          [
            10.56096,
            35.68207
          ],
          [
            10.56098,
            35.68226
          ],
          [
            10.56113,
            35.68319
          ],
          [
            10.56134,
            35.68428
          ],
          [
            10.56156,
            35.68519
          ],
          [
            10.56176,
            35.68595
          ],
          [
            10.56201,
            35.68682
          ],
          [
            10.56208,
            35.68699
          ],
          [
            10.5624,
            35.68789
          ],
          [
            10.56408,
            35.69307
          ],
          [
            10.56474,
            35.69532
          ],
          [
            10.56486,
            35.69588
          ],
          [
            10.56496,
            35.69646
          ],
          [
            10.56507,
            35.6973
          ],
          [
            10.56513,
            35.69807
          ],
          [
            10.56515,
            35.69891
          ],
          [
            10.56512,
            35.69986
          ],
          [
            10.56503,
            35.70083
          ],
          [
            10.56501,
            35.70089
          ],
          [
            10.56482,
            35.70194
          ],
          [
            10.56458,
            35.70288
          ],
          [
            10.56426,
            35.70389
          ],
          [
            10.56396,
            35.70467
          ],
          [
            10.56368,
            35.70529
          ],
          [
            10.56328,
            35.70608
          ],
          [
            10.56287,
            35.70681
          ],
          [
            10.56251,
            35.70735
          ],
          [
            10.5624,
            35.70753
          ],
          [
            10.56155,
            35.70866
          ],
          [
            10.561,
            35.7093
          ],
          [
            10.56052,
            35.70983
          ],
          [
            10.56043,
            35.70994
          ],
          [
            10.55944,
            35.71099
          ],
          [
            10.55843,
            35.71212
          ],
          [
            10.5578,
            35.7128
          ],
          [
            10.55725,
            35.71348
          ],
          [
            10.55688,
            35.714
          ],
          [
            10.55607,
            35.71519
          ],
          [
            10.55601,
            35.71527
          ],
          [
            10.55536,
            35.71649
          ],
          [
            10.55482,
            35.71773
          ],
          [
            10.55442,
            35.71904
          ],
          [
            10.55409,
            35.7202
          ],
          [
            10.55378,
            35.72256
          ],
          [
            10.55368,
            35.72373
          ],
          [
            10.55351,
            35.7251
          ],
          [
            10.55351,
            35.72515
          ],
          [
            10.55341,
            35.72613
          ],
          [
            10.55341,
            35.72622
          ],
          [
            10.55331,
            35.72728
          ],
          [
            10.55288,
            35.73088
          ],
          [
            10.55288,
            35.7309
          ],
          [
            10.55271,
            35.73245
          ],
          [
            10.55252,
            35.73541
          ],
          [
            10.55251,
            35.73597
          ],
          [
            10.55253,
            35.73616
          ],
          [
            10.55257,
            35.73698
          ],
          [
            10.55257,
            35.73716
          ],
          [
            10.55261,
            35.73807
          ],
          [
            10.55275,
            35.7397
          ],
          [
            10.55275,
            35.73974
          ],
          [
            10.55284,
            35.74039
          ],
          [
            10.55288,
            35.74075
          ],
          [
            10.55292,
            35.74101
          ],
          [
            10.55315,
            35.74219
          ],
          [
            10.55342,
            35.74334
          ],
          [
            10.55379,
            35.74464
          ],
          [
            10.55381,
            35.74469
          ],
          [
            10.55416,
            35.74587
          ],
          [
            10.555,
            35.74854
          ],
          [
            10.55502,
            35.74862
          ],
          [
            10.55508,
            35.74881
          ],
          [
            10.55508,
            35.74882
          ],
          [
            10.55525,
            35.74935
          ],
          [
            10.55556,
            35.75039
          ],
          [
            10.55562,
            35.75057
          ],
          [
            10.55576,
            35.75106
          ],
          [
            10.55643,
            35.75319
          ],
          [
            10.55698,
            35.75507
          ],
          [
            10.55703,
            35.75522
          ],
          [
            10.5573,
            35.7563
          ],
          [
            10.55757,
            35.75754
          ],
          [
            10.55781,
            35.75896
          ],
          [
            10.55781,
            35.75897
          ],
          [
            10.55782,
            35.75899
          ],
          [
            10.5581,
            35.76111
          ],
          [
            10.55813,
            35.76128
          ],
          [
            10.55832,
            35.76274
          ],
          [
            10.55832,
            35.76281
          ],
          [
            10.55834,
            35.76308
          ],
          [
            10.55839,
            35.76452
          ],
          [
            10.5584,
            35.76467
          ],
          [
            10.5584,
            35.76609
          ],
          [
            10.55837,
            35.76722
          ],
          [
            10.55836,
            35.7674
          ],
          [
            10.55836,
            35.76758
          ],
          [
            10.55833,
            35.76848
          ],
          [
            10.55823,
            35.76937
          ],
          [
            10.5582,
            35.76977
          ],
          [
            10.55814,
            35.77024
          ],
          [
            10.55803,
            35.7713
          ],
          [
            10.55788,
            35.77223
          ],
          [
            10.5574,
            35.77492
          ],
          [
            10.55718,
            35.77598
          ],
          [
            10.55718,
            35.77599
          ],
          [
            10.55677,
            35.77801
          ],
          [
            10.55647,
            35.77929
          ],
          [
            10.55622,
            35.78012
          ],
          [
            10.5562,
            35.78016
          ],
          [
            10.55523,
            35.7834
          ],
          [
            10.55493,
            35.78432
          ],
          [
            10.55487,
            35.78448
          ],
          [
            10.55485,
            35.78455
          ],
          [
            10.55475,
            35.78483
          ],
          [
            10.55473,
            35.78487
          ],
          [
            10.55393,
            35.78709
          ],
          [
            10.55387,
            35.78724
          ],
          [
            10.55385,
            35.78728
          ],
          [
            10.55329,
            35.78864
          ],
          [
            10.55119,
            35.7931
          ],
          [
            10.5495,
            35.79683
          ],
          [
            10.54943,
            35.797
          ],
          [
            10.54899,
            35.79796
          ],
          [
            10.54891,
            35.79818
          ],
          [
            10.54884,
            35.79835
          ],
          [
            10.54878,
            35.79853
          ],
          [
            10.54871,
            35.7987
          ],
          [
            10.54865,
            35.79887
          ],
          [
            10.54858,
            35.79904
          ],
          [
            10.54842,
            35.79952
          ],
          [
            10.54814,
            35.80049
          ],
          [
            10.54799,
            35.80096
          ],
          [
            10.54779,
            35.80174
          ],
          [
            10.54758,
            35.80285
          ],
          [
            10.54744,
            35.80374
          ],
          [
            10.54741,
            35.80398
          ],
          [
            10.54738,
            35.80416
          ],
          [
            10.54725,
            35.80535
          ],
          [
            10.54719,
            35.80679
          ],
          [
            10.54708,
            35.8081
          ],
          [
            10.54694,
            35.80936
          ],
          [
            10.54693,
            35.80939
          ],
          [
            10.54681,
            35.81022
          ],
          [
            10.54663,
            35.81107
          ],
          [
            10.54601,
            35.81365
          ],
          [
            10.54568,
            35.81521
          ],
          [
            10.54496,
            35.8184
          ],
          [
            10.54495,
            35.81847
          ],
          [
            10.54493,
            35.81854
          ],
          [
            10.54453,
            35.82031
          ],
          [
            10.54445,
            35.82059
          ],
          [
            10.54438,
            35.82087
          ],
          [
            10.54426,
            35.82141
          ],
          [
            10.54382,
            35.8229
          ],
          [
            10.54322,
            35.82468
          ],
          [
            10.54321,
            35.8247
          ],
          [
            10.54267,
            35.82604
          ],
          [
            10.54263,
            35.82616
          ],
          [
            10.5415,
            35.82854
          ],
          [
            10.5407,
            35.82996
          ],
          [
            10.53973,
            35.83148
          ],
          [
            10.539,
            35.83258
          ],
          [
            10.53813,
            35.83384
          ],
          [
            10.53707,
            35.83542
          ],
          [
            10.53706,
            35.83543
          ],
          [
            10.53596,
            35.83703
          ],
          [
            10.5347,
            35.83896
          ],
          [
            10.53322,
            35.84101
          ],
          [
            10.53101,
            35.84437
          ],
          [
            10.53009,
            35.84567
          ],
          [
            10.52947,
            35.84659
          ],
          [
            10.52767,
            35.84963
          ],
          [
            10.52691,
            35.85105
          ],
          [
            10.52631,
            35.85221
          ],
          [
            10.52544,
            35.85371
          ],
          [
            10.52534,
            35.85387
          ],
          [
            10.52525,
            35.85404
          ],
          [
            10.5251,
            35.8543
          ],
          [
            10.52447,
            35.85528
          ],
          [
            10.52445,
            35.85532
          ],
          [
            10.52367,
            35.85639
          ],
          [
            10.52303,
            35.85724
          ],
          [
            10.52221,
            35.85821
          ],
          [
            10.52217,
            35.85827
          ],
          [
            10.5217,
            35.8588
          ],
          [
            10.52166,
            35.85883
          ],
          [
            10.5214,
            35.85916
          ],
          [
            10.52058,
            35.86006
          ],
          [
            10.51881,
            35.8619
          ],
          [
            10.51764,
            35.86307
          ],
          [
            10.51723,
            35.8635
          ],
          [
            10.51716,
            35.86358
          ],
          [
            10.51479,
            35.86598
          ],
          [
            10.51459,
            35.86617
          ],
          [
            10.51383,
            35.86695
          ],
          [
            10.51342,
            35.86739
          ],
          [
            10.51231,
            35.86869
          ],
          [
            10.51228,
            35.86872
          ],
          [
            10.51166,
            35.86946
          ],
          [
            10.51157,
            35.86958
          ],
          [
            10.51109,
            35.87011
          ],
          [
            10.51014,
            35.87123
          ],
          [
            10.51002,
            35.87136
          ],
          [
            10.50954,
            35.87199
          ],
          [
            10.50915,
            35.87245
          ],
          [
            10.50876,
            35.87297
          ],
          [
            10.50859,
            35.87322
          ],
          [
            10.50819,
            35.87375
          ],
          [
            10.50789,
            35.87411
          ],
          [
            10.50775,
            35.87431
          ],
          [
            10.50621,
            35.87635
          ],
          [
            10.50609,
            35.8765
          ],
          [
            10.50609,
            35.87651
          ],
          [
            10.50449,
            35.87862
          ],
          [
            10.50419,
            35.87897
          ],
          [
            10.50379,
            35.8795
          ],
          [
            10.50347,
            35.87998
          ],
          [
            10.50321,
            35.88041
          ],
          [
            10.50297,
            35.88086
          ],
          [
            10.50279,
            35.88122
          ],
          [
            10.50254,
            35.88189
          ],
          [
            10.50241,
            35.88237
          ],
          [
            10.50228,
            35.88297
          ],
          [
            10.50219,
            35.88381
          ],
          [
            10.5021,
            35.88568
          ],
          [
            10.50205,
            35.88618
          ],
          [
            10.50204,
            35.88623
          ],
          [
            10.50202,
            35.88641
          ],
          [
            10.50202,
            35.88643
          ],
          [
            10.50198,
            35.88659
          ],
          [
            10.50193,
            35.88676
          ],
          [
            10.50181,
            35.88726
          ],
          [
            10.50169,
            35.88764
          ],
          [
            10.50161,
            35.88781
          ],
          [
            10.50153,
            35.88801
          ],
          [
            10.50146,
            35.88815
          ],
          [
            10.50135,
            35.88841
          ],
          [
            10.50108,
            35.88891
          ],
          [
            10.50073,
            35.88945
          ],
          [
            10.5007,
            35.88951
          ],
          [
            10.50021,
            35.89015
          ],
          [
            10.49964,
            35.89079
          ],
          [
            10.4984,
            35.89208
          ],
          [
            10.49779,
            35.89275
          ],
          [
            10.49724,
            35.8934
          ],
          [
            10.497,
            35.8937
          ],
          [
            10.49689,
            35.89386
          ],
          [
            10.49657,
            35.89429
          ],
          [
            10.49617,
            35.89492
          ],
          [
            10.49614,
            35.89496
          ],
          [
            10.49581,
            35.89552
          ],
          [
            10.49532,
            35.89644
          ],
          [
            10.49529,
            35.89649
          ],
          [
            10.49498,
            35.8971
          ],
          [
            10.49488,
            35.89732
          ],
          [
            10.49465,
            35.89777
          ],
          [
            10.49399,
            35.89919
          ],
          [
            10.49355,
            35.90032
          ],
          [
            10.49295,
            35.90176
          ],
          [
            10.49259,
            35.90276
          ],
          [
            10.49255,
            35.90289
          ],
          [
            10.49248,
            35.90306
          ],
          [
            10.49194,
            35.90461
          ],
          [
            10.49194,
            35.90462
          ],
          [
            10.49158,
            35.90589
          ],
          [
            10.49154,
            35.90606
          ],
          [
            10.49145,
            35.90638
          ],
          [
            10.49145,
            35.90641
          ],
          [
            10.49133,
            35.90712
          ],
          [
            10.49131,
            35.90749
          ],
          [
            10.49129,
            35.90767
          ],
          [
            10.49127,
            35.90802
          ],
          [
            10.49125,
            35.9082
          ],
          [
            10.49124,
            35.90838
          ],
          [
            10.49122,
            35.90856
          ],
          [
            10.49123,
            35.90874
          ],
          [
            10.49123,
            35.90892
          ],
          [
            10.49124,
            35.9091
          ],
          [
            10.49124,
            35.90932
          ],
          [
            10.49132,
            35.90998
          ],
          [
            10.49132,
            35.91
          ],
          [
            10.49136,
            35.91018
          ],
          [
            10.49142,
            35.91053
          ],
          [
            10.49146,
            35.91069
          ],
          [
            10.49146,
            35.91071
          ],
          [
            10.49158,
            35.91124
          ],
          [
            10.49161,
            35.91142
          ],
          [
            10.49171,
            35.91177
          ],
          [
            10.49183,
            35.91212
          ],
          [
            10.4919,
            35.91229
          ],
          [
            10.49196,
            35.91246
          ],
          [
            10.49217,
            35.91297
          ],
          [
            10.49225,
            35.91314
          ],
          [
            10.49231,
            35.91329
          ],
          [
            10.49277,
            35.91413
          ],
          [
            10.49286,
            35.91428
          ],
          [
            10.49286,
            35.91429
          ],
          [
            10.49305,
            35.91462
          ],
          [
            10.49314,
            35.91479
          ],
          [
            10.49324,
            35.91495
          ],
          [
            10.49335,
            35.9151
          ],
          [
            10.49345,
            35.91526
          ],
          [
            10.49367,
            35.91557
          ],
          [
            10.4938,
            35.91572
          ],
          [
            10.49404,
            35.91602
          ],
          [
            10.49456,
            35.91661
          ],
          [
            10.4947,
            35.91675
          ],
          [
            10.4948,
            35.91687
          ],
          [
            10.49483,
            35.91689
          ],
          [
            10.49553,
            35.91759
          ],
          [
            10.49574,
            35.91779
          ],
          [
            10.4958,
            35.91784
          ],
          [
            10.49583,
            35.91786
          ],
          [
            10.49628,
            35.91825
          ],
          [
            10.49643,
            35.91839
          ],
          [
            10.49656,
            35.9185
          ],
          [
            10.49658,
            35.91852
          ],
          [
            10.49674,
            35.91865
          ],
          [
            10.4969,
            35.91877
          ],
          [
            10.49721,
            35.91903
          ],
          [
            10.49737,
            35.91915
          ],
          [
            10.49768,
            35.91941
          ],
          [
            10.49784,
            35.91953
          ],
          [
            10.49815,
            35.91979
          ],
          [
            10.49818,
            35.91982
          ],
          [
            10.49908,
            35.92057
          ],
          [
            10.49909,
            35.92057
          ],
          [
            10.49923,
            35.9207
          ],
          [
            10.50015,
            35.92148
          ],
          [
            10.50057,
            35.9219
          ],
          [
            10.50086,
            35.92217
          ],
          [
            10.50118,
            35.92249
          ],
          [
            10.50219,
            35.92361
          ],
          [
            10.50265,
            35.92419
          ],
          [
            10.50266,
            35.9242
          ],
          [
            10.503,
            35.92465
          ],
          [
            10.50301,
            35.92466
          ],
          [
            10.50321,
            35.92497
          ],
          [
            10.50332,
            35.92512
          ],
          [
            10.50342,
            35.92528
          ],
          [
            10.50353,
            35.92544
          ],
          [
            10.50381,
            35.92593
          ],
          [
            10.50401,
            35.92625
          ],
          [
            10.5041,
            35.92642
          ],
          [
            10.50415,
            35.9265
          ],
          [
            10.50427,
            35.92675
          ],
          [
            10.50436,
            35.92691
          ],
          [
            10.50452,
            35.92725
          ],
          [
            10.50476,
            35.92772
          ],
          [
            10.50477,
            35.92775
          ],
          [
            10.50485,
            35.92792
          ],
          [
            10.50499,
            35.92826
          ],
          [
            10.50507,
            35.92843
          ],
          [
            10.50514,
            35.9286
          ],
          [
            10.50522,
            35.92877
          ],
          [
            10.50526,
            35.92887
          ],
          [
            10.5053,
            35.92893
          ],
          [
            10.50538,
            35.9291
          ],
          [
            10.50581,
            35.92993
          ],
          [
            10.50588,
            35.9301
          ],
          [
            10.50604,
            35.93044
          ],
          [
            10.50611,
            35.93061
          ],
          [
            10.50627,
            35.93094
          ],
          [
            10.50631,
            35.93104
          ],
          [
            10.50635,
            35.93111
          ],
          [
            10.50696,
            35.93238
          ],
          [
            10.50698,
            35.93243
          ],
          [
            10.50707,
            35.93259
          ],
          [
            10.50715,
            35.93276
          ],
          [
            10.50732,
            35.93309
          ],
          [
            10.50734,
            35.93312
          ],
          [
            10.5074,
            35.93326
          ],
          [
            10.50796,
            35.93444
          ],
          [
            10.50796,
            35.93445
          ],
          [
            10.50804,
            35.9346
          ],
          [
            10.50812,
            35.93477
          ],
          [
            10.50836,
            35.93524
          ],
          [
            10.50836,
            35.93525
          ],
          [
            10.50838,
            35.93527
          ],
          [
            10.50846,
            35.93544
          ],
          [
            10.50853,
            35.93557
          ],
          [
            10.50854,
            35.9356
          ],
          [
            10.50863,
            35.93577
          ],
          [
            10.50903,
            35.93661
          ],
          [
            10.5092,
            35.93694
          ],
          [
            10.50928,
            35.93711
          ],
          [
            10.50937,
            35.93727
          ],
          [
            10.50945,
            35.93744
          ],
          [
            10.50954,
            35.93761
          ],
          [
            10.50961,
            35.93778
          ],
          [
            10.50974,
            35.93804
          ],
          [
            10.50977,
            35.93811
          ],
          [
            10.50984,
            35.93825
          ],
          [
            10.50986,
            35.93828
          ],
          [
            10.50993,
            35.93845
          ],
          [
            10.50993,
            35.93846
          ],
          [
            10.50997,
            35.93858
          ],
          [
            10.50999,
            35.93862
          ],
          [
            10.51019,
            35.93913
          ],
          [
            10.51037,
            35.93964
          ],
          [
            10.51039,
            35.93968
          ],
          [
            10.51066,
            35.94088
          ],
          [
            10.51067,
            35.94089
          ],
          [
            10.51079,
            35.94159
          ],
          [
            10.51083,
            35.94177
          ],
          [
            10.51085,
            35.94189
          ],
          [
            10.51085,
            35.94195
          ],
          [
            10.51088,
            35.94249
          ],
          [
            10.51088,
            35.9435
          ],
          [
            10.51087,
            35.94357
          ],
          [
            10.51086,
            35.94375
          ],
          [
            10.51084,
            35.94393
          ],
          [
            10.51083,
            35.94411
          ],
          [
            10.5108,
            35.94441
          ],
          [
            10.51064,
            35.94533
          ],
          [
            10.51064,
            35.94535
          ],
          [
            10.51048,
            35.94591
          ],
          [
            10.51045,
            35.94606
          ],
          [
            10.51041,
            35.9462
          ],
          [
            10.51014,
            35.94698
          ],
          [
            10.51008,
            35.94709
          ],
          [
            10.50992,
            35.94743
          ],
          [
            10.50986,
            35.94757
          ],
          [
            10.50984,
            35.9476
          ],
          [
            10.50977,
            35.94777
          ],
          [
            10.50969,
            35.94794
          ],
          [
            10.50962,
            35.94811
          ],
          [
            10.50948,
            35.94834
          ],
          [
            10.50924,
            35.94877
          ],
          [
            10.50882,
            35.94938
          ],
          [
            10.50833,
            35.95001
          ],
          [
            10.50712,
            35.95129
          ],
          [
            10.50684,
            35.95155
          ],
          [
            10.50628,
            35.95214
          ],
          [
            10.50281,
            35.95564
          ],
          [
            10.50267,
            35.95577
          ],
          [
            10.50243,
            35.95601
          ],
          [
            10.50157,
            35.95673
          ],
          [
            10.50101,
            35.95717
          ],
          [
            10.50053,
            35.9575
          ],
          [
            10.49976,
            35.95799
          ],
          [
            10.49825,
            35.95879
          ],
          [
            10.49743,
            35.95913
          ],
          [
            10.49643,
            35.95947
          ],
          [
            10.49642,
            35.95948
          ],
          [
            10.49534,
            35.95982
          ],
          [
            10.49424,
            35.96005
          ],
          [
            10.4931,
            35.96024
          ],
          [
            10.48815,
            35.96066
          ],
          [
            10.48812,
            35.96067
          ],
          [
            10.48728,
            35.96079
          ],
          [
            10.48673,
            35.96088
          ],
          [
            10.48437,
            35.96136
          ],
          [
            10.48322,
            35.96172
          ],
          [
            10.48282,
            35.96186
          ],
          [
            10.48234,
            35.96206
          ],
          [
            10.48142,
            35.96242
          ],
          [
            10.48074,
            35.96271
          ],
          [
            10.47987,
            35.96312
          ],
          [
            10.47846,
            35.96388
          ],
          [
            10.47774,
            35.96431
          ],
          [
            10.47717,
            35.9647
          ],
          [
            10.47596,
            35.96549
          ],
          [
            10.47589,
            35.96554
          ],
          [
            10.47565,
            35.96569
          ],
          [
            10.47561,
            35.96571
          ],
          [
            10.47485,
            35.96621
          ],
          [
            10.4742,
            35.96659
          ],
          [
            10.47324,
            35.96712
          ],
          [
            10.47056,
            35.96831
          ],
          [
            10.47031,
            35.96843
          ],
          [
            10.46914,
            35.96894
          ],
          [
            10.46781,
            35.96949
          ],
          [
            10.46762,
            35.96958
          ],
          [
            10.46587,
            35.97033
          ],
          [
            10.46493,
            35.9707
          ],
          [
            10.46425,
            35.97103
          ],
          [
            10.46325,
            35.97145
          ],
          [
            10.4623,
            35.97189
          ],
          [
            10.46049,
            35.97289
          ],
          [
            10.45969,
            35.97335
          ],
          [
            10.45856,
            35.97407
          ],
          [
            10.45704,
            35.97513
          ],
          [
            10.45581,
            35.97606
          ],
          [
            10.45506,
            35.97672
          ],
          [
            10.4549,
            35.97685
          ],
          [
            10.45439,
            35.97729
          ],
          [
            10.45322,
            35.97842
          ],
          [
            10.45237,
            35.97933
          ],
          [
            10.45147,
            35.98039
          ],
          [
            10.45115,
            35.9808
          ],
          [
            10.45071,
            35.98134
          ],
          [
            10.44917,
            35.98352
          ],
          [
            10.44848,
            35.98456
          ],
          [
            10.44847,
            35.98458
          ],
          [
            10.44213,
            35.99417
          ],
          [
            10.44199,
            35.99442
          ],
          [
            10.4411,
            35.99571
          ],
          [
            10.44037,
            35.99681
          ],
          [
            10.43928,
            35.99837
          ],
          [
            10.43927,
            35.9984
          ],
          [
            10.43558,
            36.00372
          ],
          [
            10.43544,
            36.00391
          ],
          [
            10.43376,
            36.00641
          ],
          [
            10.43306,
            36.00736
          ],
          [
            10.43248,
            36.00826
          ],
          [
            10.43189,
            36.00913
          ],
          [
            10.43118,
            36.01026
          ],
          [
            10.43061,
            36.01126
          ],
          [
            10.4301,
            36.0122
          ],
          [
            10.4295,
            36.01343
          ],
          [
            10.42885,
            36.01488
          ],
          [
            10.42821,
            36.01661
          ],
          [
            10.42793,
            36.01755
          ],
          [
            10.42769,
            36.01829
          ],
          [
            10.42755,
            36.01885
          ],
          [
            10.42726,
            36.02011
          ],
          [
            10.42635,
            36.02436
          ],
          [
            10.4258,
            36.0268
          ],
          [
            10.42514,
            36.0287
          ],
          [
            10.42466,
            36.03
          ],
          [
            10.42407,
            36.03134
          ],
          [
            10.4235,
            36.03252
          ],
          [
            10.42271,
            36.03398
          ],
          [
            10.41784,
            36.04255
          ],
          [
            10.41675,
            36.04443
          ],
          [
            10.41524,
            36.0472
          ],
          [
            10.41456,
            36.04833
          ],
          [
            10.41438,
            36.04866
          ],
          [
            10.41396,
            36.04948
          ],
          [
            10.41392,
            36.04954
          ],
          [
            10.41337,
            36.05054
          ],
          [
            10.41257,
            36.05185
          ],
          [
            10.4115,
            36.05385
          ],
          [
            10.41068,
            36.05553
          ],
          [
            10.41028,
            36.0564
          ],
          [
            10.40965,
            36.05792
          ],
          [
            10.40964,
            36.05796
          ],
          [
            10.40908,
            36.05945
          ],
          [
            10.40854,
            36.06107
          ],
          [
            10.40836,
            36.06173
          ],
          [
            10.40775,
            36.06369
          ],
          [
            10.40764,
            36.06407
          ],
          [
            10.40719,
            36.06543
          ],
          [
            10.40714,
            36.06561
          ],
          [
            10.40649,
            36.06762
          ],
          [
            10.40538,
            36.07119
          ],
          [
            10.40532,
            36.07136
          ],
          [
            10.4051,
            36.07206
          ],
          [
            10.40508,
            36.07211
          ],
          [
            10.40429,
            36.07465
          ],
          [
            10.40428,
            36.07467
          ],
          [
            10.40368,
            36.07659
          ],
          [
            10.40358,
            36.07697
          ],
          [
            10.40301,
            36.07889
          ],
          [
            10.40263,
            36.0803
          ],
          [
            10.40244,
            36.08118
          ],
          [
            10.40198,
            36.08306
          ],
          [
            10.40186,
            36.08389
          ],
          [
            10.40183,
            36.08453
          ],
          [
            10.40177,
            36.08501
          ],
          [
            10.4017,
            36.08593
          ],
          [
            10.40168,
            36.08708
          ],
          [
            10.40169,
            36.08755
          ],
          [
            10.40169,
            36.0886
          ],
          [
            10.40175,
            36.08992
          ],
          [
            10.40184,
            36.09074
          ],
          [
            10.402,
            36.09186
          ],
          [
            10.4021,
            36.09243
          ],
          [
            10.40249,
            36.09429
          ],
          [
            10.40278,
            36.09579
          ],
          [
            10.40329,
            36.09824
          ],
          [
            10.40348,
            36.09923
          ],
          [
            10.40379,
            36.10064
          ],
          [
            10.40466,
            36.10532
          ],
          [
            10.40474,
            36.10586
          ],
          [
            10.40479,
            36.1063
          ],
          [
            10.4048,
            36.10662
          ],
          [
            10.40484,
            36.1069
          ],
          [
            10.4049,
            36.10779
          ],
          [
            10.40498,
            36.11049
          ],
          [
            10.40502,
            36.11141
          ],
          [
            10.40502,
            36.11226
          ],
          [
            10.40515,
            36.11473
          ],
          [
            10.40531,
            36.11914
          ],
          [
            10.40546,
            36.12109
          ],
          [
            10.40564,
            36.1227
          ],
          [
            10.40588,
            36.12429
          ],
          [
            10.40612,
            36.12569
          ],
          [
            10.40638,
            36.12688
          ],
          [
            10.4065,
            36.12758
          ],
          [
            10.40671,
            36.12852
          ],
          [
            10.40761,
            36.13307
          ],
          [
            10.4079,
            36.13471
          ],
          [
            10.40839,
            36.13699
          ],
          [
            10.40887,
            36.13937
          ],
          [
            10.40904,
            36.14011
          ],
          [
            10.40941,
            36.14141
          ],
          [
            10.40958,
            36.14205
          ],
          [
            10.41035,
            36.14421
          ],
          [
            10.41089,
            36.14547
          ],
          [
            10.41134,
            36.1464
          ],
          [
            10.41219,
            36.14805
          ],
          [
            10.41321,
            36.14988
          ],
          [
            10.41426,
            36.15155
          ],
          [
            10.41532,
            36.15335
          ],
          [
            10.41775,
            36.15725
          ],
          [
            10.41899,
            36.1593
          ],
          [
            10.42033,
            36.16161
          ],
          [
            10.42035,
            36.16165
          ],
          [
            10.42171,
            36.164
          ],
          [
            10.42251,
            36.16534
          ],
          [
            10.42347,
            36.16701
          ],
          [
            10.42402,
            36.1683
          ],
          [
            10.42436,
            36.16918
          ],
          [
            10.42494,
            36.17058
          ],
          [
            10.4264,
            36.17482
          ],
          [
            10.42647,
            36.175
          ],
          [
            10.42744,
            36.17778
          ],
          [
            10.42812,
            36.17991
          ],
          [
            10.42981,
            36.18469
          ],
          [
            10.43083,
            36.18742
          ],
          [
            10.43179,
            36.18982
          ],
          [
            10.43235,
            36.19152
          ],
          [
            10.43277,
            36.19336
          ],
          [
            10.4328,
            36.19362
          ],
          [
            10.43283,
            36.1938
          ],
          [
            10.43287,
            36.19416
          ],
          [
            10.43295,
            36.19475
          ],
          [
            10.43289,
            36.19618
          ],
          [
            10.43276,
            36.19778
          ],
          [
            10.43261,
            36.19905
          ],
          [
            10.43236,
            36.20047
          ],
          [
            10.43218,
            36.2011
          ],
          [
            10.43212,
            36.20127
          ],
          [
            10.43202,
            36.20162
          ],
          [
            10.432,
            36.20167
          ],
          [
            10.43191,
            36.20197
          ],
          [
            10.43185,
            36.20214
          ],
          [
            10.4318,
            36.20232
          ],
          [
            10.43152,
            36.2032
          ],
          [
            10.43073,
            36.20501
          ],
          [
            10.43014,
            36.20616
          ],
          [
            10.42923,
            36.20751
          ],
          [
            10.42818,
            36.2087
          ],
          [
            10.42794,
            36.20893
          ],
          [
            10.42714,
            36.20974
          ],
          [
            10.42638,
            36.21045
          ],
          [
            10.42328,
            36.21318
          ],
          [
            10.42203,
            36.21433
          ],
          [
            10.42069,
            36.21587
          ],
          [
            10.4203,
            36.21635
          ],
          [
            10.4197,
            36.21718
          ],
          [
            10.41952,
            36.21741
          ],
          [
            10.4189,
            36.21846
          ],
          [
            10.41807,
            36.22001
          ],
          [
            10.41702,
            36.22212
          ],
          [
            10.41665,
            36.22277
          ],
          [
            10.41655,
            36.22293
          ],
          [
            10.41637,
            36.22326
          ],
          [
            10.41541,
            36.22492
          ],
          [
            10.41423,
            36.22732
          ],
          [
            10.41352,
            36.22892
          ],
          [
            10.41329,
            36.22952
          ],
          [
            10.41312,
            36.23039
          ],
          [
            10.41309,
            36.23129
          ],
          [
            10.41312,
            36.23219
          ],
          [
            10.4132,
            36.23256
          ],
          [
            10.41323,
            36.23273
          ],
          [
            10.41336,
            36.23334
          ],
          [
            10.41371,
            36.23425
          ],
          [
            10.41374,
            36.2343
          ],
          [
            10.41418,
            36.23518
          ],
          [
            10.41484,
            36.23617
          ],
          [
            10.41511,
            36.23648
          ],
          [
            10.41544,
            36.23681
          ],
          [
            10.4155,
            36.23688
          ],
          [
            10.41552,
            36.23689
          ],
          [
            10.41558,
            36.23695
          ],
          [
            10.41558,
            36.23696
          ],
          [
            10.41564,
            36.23702
          ],
          [
            10.41655,
            36.2378
          ],
          [
            10.41687,
            36.23806
          ],
          [
            10.41711,
            36.23822
          ],
          [
            10.41757,
            36.2385
          ],
          [
            10.41763,
            36.23853
          ],
          [
            10.41775,
            36.23861
          ],
          [
            10.41793,
            36.23872
          ],
          [
            10.41811,
            36.23882
          ],
          [
            10.41846,
            36.23904
          ],
          [
            10.41864,
            36.23914
          ],
          [
            10.41882,
            36.23925
          ],
          [
            10.41901,
            36.23935
          ],
          [
            10.41933,
            36.23954
          ],
          [
            10.41936,
            36.23957
          ],
          [
            10.41969,
            36.23981
          ],
          [
            10.41985,
            36.23994
          ],
          [
            10.4205,
            36.24043
          ],
          [
            10.42081,
            36.24069
          ],
          [
            10.42097,
            36.24081
          ],
          [
            10.42119,
            36.24099
          ],
          [
            10.4214,
            36.24122
          ],
          [
            10.42144,
            36.24127
          ],
          [
            10.42172,
            36.24156
          ],
          [
            10.42228,
            36.24229
          ],
          [
            10.42281,
            36.24307
          ],
          [
            10.4237,
            36.24463
          ],
          [
            10.42455,
            36.24633
          ],
          [
            10.42503,
            36.24754
          ],
          [
            10.42557,
            36.24901
          ],
          [
            10.42596,
            36.25053
          ],
          [
            10.42607,
            36.25108
          ],
          [
            10.42665,
            36.25348
          ],
          [
            10.42669,
            36.25362
          ],
          [
            10.42715,
            36.25564
          ],
          [
            10.42716,
            36.25566
          ],
          [
            10.42754,
            36.25727
          ],
          [
            10.42788,
            36.25856
          ],
          [
            10.42835,
            36.26003
          ],
          [
            10.42884,
            36.2614
          ],
          [
            10.42961,
            36.26316
          ],
          [
            10.42961,
            36.26317
          ],
          [
            10.43014,
            36.26443
          ],
          [
            10.43022,
            36.2646
          ],
          [
            10.43154,
            36.26773
          ],
          [
            10.43221,
            36.26918
          ],
          [
            10.43286,
            36.27081
          ],
          [
            10.43387,
            36.27322
          ],
          [
            10.43413,
            36.27388
          ],
          [
            10.43419,
            36.27405
          ],
          [
            10.43419,
            36.27406
          ],
          [
            10.43458,
            36.2751
          ],
          [
            10.43494,
            36.27615
          ],
          [
            10.43543,
            36.27768
          ],
          [
            10.43659,
            36.2818
          ],
          [
            10.43682,
            36.28267
          ],
          [
            10.43708,
            36.28352
          ],
          [
            10.43743,
            36.28459
          ],
          [
            10.43859,
            36.28788
          ],
          [
            10.43964,
            36.2907
          ],
          [
            10.44009,
            36.29202
          ],
          [
            10.44011,
            36.29207
          ],
          [
            10.4408,
            36.29429
          ],
          [
            10.44134,
            36.29622
          ],
          [
            10.44161,
            36.29728
          ],
          [
            10.44194,
            36.29847
          ],
          [
            10.44196,
            36.29857
          ],
          [
            10.44231,
            36.29981
          ],
          [
            10.44252,
            36.30049
          ],
          [
            10.44255,
            36.30057
          ],
          [
            10.44296,
            36.3019
          ],
          [
            10.44327,
            36.30277
          ],
          [
            10.44384,
            36.30426
          ],
          [
            10.44384,
            36.30427
          ],
          [
            10.44387,
            36.30436
          ],
          [
            10.44457,
            36.30595
          ],
          [
            10.4475,
            36.312
          ],
          [
            10.44773,
            36.3125
          ],
          [
            10.44938,
            36.31584
          ],
          [
            10.4495,
            36.31606
          ],
          [
            10.44967,
            36.3164
          ],
          [
            10.44998,
            36.31698
          ],
          [
            10.45028,
            36.31744
          ],
          [
            10.45052,
            36.31786
          ],
          [
            10.45073,
            36.3182
          ],
          [
            10.45124,
            36.31898
          ],
          [
            10.45164,
            36.31955
          ],
          [
            10.45169,
            36.3196
          ],
          [
            10.45226,
            36.32032
          ],
          [
            10.45273,
            36.32087
          ],
          [
            10.45372,
            36.3219
          ],
          [
            10.45488,
            36.32296
          ],
          [
            10.4551,
            36.32313
          ],
          [
            10.45538,
            36.32337
          ],
          [
            10.45642,
            36.32415
          ],
          [
            10.4573,
            36.32474
          ],
          [
            10.45799,
            36.32517
          ],
          [
            10.45865,
            36.32554
          ],
          [
            10.45991,
            36.32621
          ],
          [
            10.46116,
            36.32678
          ],
          [
            10.46189,
            36.32707
          ],
          [
            10.463,
            36.32748
          ],
          [
            10.46377,
            36.32775
          ],
          [
            10.46567,
            36.32834
          ],
          [
            10.46572,
            36.32835
          ],
          [
            10.46755,
            36.32891
          ],
          [
            10.46775,
            36.32898
          ],
          [
            10.47089,
            36.32993
          ],
          [
            10.4717,
            36.33016
          ],
          [
            10.47332,
            36.33067
          ],
          [
            10.47482,
            36.33111
          ],
          [
            10.47591,
            36.33146
          ],
          [
            10.47592,
            36.33146
          ],
          [
            10.47612,
            36.33152
          ],
          [
            10.4763,
            36.33159
          ],
          [
            10.47653,
            36.33166
          ],
          [
            10.47704,
            36.33184
          ],
          [
            10.47805,
            36.33224
          ],
          [
            10.47858,
            36.33247
          ],
          [
            10.47968,
            36.33299
          ],
          [
            10.48046,
            36.33341
          ],
          [
            10.48109,
            36.33377
          ],
          [
            10.48198,
            36.33433
          ],
          [
            10.48306,
            36.3351
          ],
          [
            10.48413,
            36.33595
          ],
          [
            10.48508,
            36.33682
          ],
          [
            10.4864,
            36.33821
          ],
          [
            10.48786,
            36.33998
          ],
          [
            10.48917,
            36.34181
          ],
          [
            10.49078,
            36.34427
          ],
          [
            10.49078,
            36.34428
          ],
          [
            10.49162,
            36.34562
          ],
          [
            10.49163,
            36.34563
          ],
          [
            10.4922,
            36.34655
          ],
          [
            10.49221,
            36.34656
          ],
          [
            10.49956,
            36.35826
          ],
          [
            10.4999,
            36.35877
          ],
          [
            10.50055,
            36.3597
          ],
          [
            10.50131,
            36.36069
          ],
          [
            10.50171,
            36.36118
          ],
          [
            10.50218,
            36.36173
          ],
          [
            10.50291,
            36.36254
          ],
          [
            10.50375,
            36.36338
          ],
          [
            10.50389,
            36.36351
          ],
          [
            10.50425,
            36.36387
          ],
          [
            10.50473,
            36.36431
          ],
          [
            10.50562,
            36.36508
          ],
          [
            10.50655,
            36.36583
          ],
          [
            10.50716,
            36.36629
          ],
          [
            10.50836,
            36.36714
          ],
          [
            10.5094,
            36.36782
          ],
          [
            10.50985,
            36.3681
          ],
          [
            10.51127,
            36.36892
          ],
          [
            10.51501,
            36.3709
          ],
          [
            10.51621,
            36.37158
          ],
          [
            10.51669,
            36.37187
          ],
          [
            10.51754,
            36.37241
          ],
          [
            10.51758,
            36.37243
          ],
          [
            10.51826,
            36.37287
          ],
          [
            10.51901,
            36.37341
          ],
          [
            10.52038,
            36.37444
          ],
          [
            10.52354,
            36.37698
          ],
          [
            10.52375,
            36.37714
          ],
          [
            10.52685,
            36.37966
          ],
          [
            10.52832,
            36.38088
          ],
          [
            10.52979,
            36.38216
          ],
          [
            10.53152,
            36.38375
          ],
          [
            10.53209,
            36.38429
          ],
          [
            10.53649,
            36.38864
          ],
          [
            10.53664,
            36.38878
          ],
          [
            10.53761,
            36.38975
          ],
          [
            10.53799,
            36.39011
          ],
          [
            10.53825,
            36.39038
          ],
          [
            10.53895,
            36.39106
          ],
          [
            10.53912,
            36.39124
          ],
          [
            10.53916,
            36.39127
          ],
          [
            10.53933,
            36.39144
          ],
          [
            10.53937,
            36.39149
          ],
          [
            10.54046,
            36.39253
          ],
          [
            10.54095,
            36.39295
          ],
          [
            10.5416,
            36.39347
          ],
          [
            10.54224,
            36.39394
          ],
          [
            10.54281,
            36.39431
          ],
          [
            10.54327,
            36.39459
          ],
          [
            10.54374,
            36.39486
          ],
          [
            10.54454,
            36.39527
          ],
          [
            10.54511,
            36.39554
          ],
          [
            10.5459,
            36.39588
          ],
          [
            10.54717,
            36.39639
          ],
          [
            10.54808,
            36.39679
          ],
          [
            10.54831,
            36.3969
          ],
          [
            10.54879,
            36.39715
          ],
          [
            10.54973,
            36.3977
          ],
          [
            10.54974,
            36.39771
          ],
          [
            10.55018,
            36.39801
          ],
          [
            10.55061,
            36.39833
          ],
          [
            10.55113,
            36.39875
          ],
          [
            10.55161,
            36.39918
          ],
          [
            10.55215,
            36.39974
          ],
          [
            10.55255,
            36.40021
          ],
          [
            10.553,
            36.4008
          ],
          [
            10.55305,
            36.40086
          ],
          [
            10.55326,
            36.40116
          ],
          [
            10.55347,
            36.4015
          ],
          [
            10.55378,
            36.40206
          ],
          [
            10.55403,
            36.40261
          ],
          [
            10.55419,
            36.403
          ],
          [
            10.5544,
            36.4036
          ],
          [
            10.55454,
            36.40413
          ],
          [
            10.55454,
            36.40414
          ],
          [
            10.5546,
            36.4044
          ],
          [
            10.55472,
            36.40526
          ],
          [
            10.55474,
            36.40549
          ],
          [
            10.55477,
            36.4061
          ],
          [
            10.55477,
            36.40646
          ],
          [
            10.55476,
            36.40668
          ],
          [
            10.55476,
            36.40688
          ],
          [
            10.55472,
            36.40724
          ],
          [
            10.55455,
            36.40843
          ],
          [
            10.55453,
            36.40861
          ],
          [
            10.55387,
            36.41255
          ],
          [
            10.55379,
            36.41321
          ],
          [
            10.55377,
            36.4138
          ],
          [
            10.55379,
            36.41426
          ],
          [
            10.55384,
            36.41489
          ],
          [
            10.55397,
            36.4155
          ],
          [
            10.55448,
            36.41727
          ],
          [
            10.55465,
            36.41798
          ],
          [
            10.55474,
            36.41872
          ],
          [
            10.55477,
            36.4195
          ],
          [
            10.55476,
            36.41999
          ],
          [
            10.55475,
            36.42017
          ],
          [
            10.55458,
            36.42113
          ],
          [
            10.5543,
            36.42201
          ],
          [
            10.55379,
            36.42349
          ],
          [
            10.55358,
            36.42428
          ],
          [
            10.55348,
            36.42488
          ],
          [
            10.55343,
            36.4255
          ],
          [
            10.55343,
            36.42624
          ],
          [
            10.55351,
            36.42688
          ],
          [
            10.55359,
            36.42737
          ],
          [
            10.5536,
            36.42739
          ],
          [
            10.55398,
            36.4286
          ],
          [
            10.55432,
            36.42928
          ],
          [
            10.55467,
            36.42987
          ],
          [
            10.5547,
            36.42991
          ],
          [
            10.5548,
            36.43007
          ],
          [
            10.55499,
            36.43035
          ],
          [
            10.55502,
            36.43038
          ],
          [
            10.55526,
            36.43068
          ],
          [
            10.55539,
            36.43083
          ],
          [
            10.55545,
            36.43091
          ],
          [
            10.55608,
            36.43154
          ],
          [
            10.55621,
            36.43168
          ],
          [
            10.55641,
            36.43188
          ],
          [
            10.55665,
            36.43209
          ],
          [
            10.55709,
            36.4325
          ],
          [
            10.55724,
            36.43263
          ],
          [
            10.55739,
            36.43277
          ],
          [
            10.55754,
            36.4329
          ],
          [
            10.55798,
            36.43331
          ],
          [
            10.55828,
            36.43357
          ],
          [
            10.55956,
            36.43473
          ],
          [
            10.55975,
            36.43492
          ],
          [
            10.56091,
            36.43602
          ],
          [
            10.56099,
            36.43609
          ],
          [
            10.56117,
            36.43627
          ],
          [
            10.56283,
            36.43784
          ],
          [
            10.56366,
            36.43875
          ],
          [
            10.56431,
            36.43967
          ],
          [
            10.56446,
            36.4399
          ],
          [
            10.56455,
            36.44005
          ],
          [
            10.56499,
            36.44087
          ],
          [
            10.56514,
            36.44119
          ],
          [
            10.56556,
            36.44218
          ],
          [
            10.56565,
            36.44247
          ],
          [
            10.56594,
            36.44368
          ],
          [
            10.56594,
            36.44373
          ],
          [
            10.56604,
            36.44466
          ],
          [
            10.56605,
            36.44525
          ],
          [
            10.56603,
            36.44582
          ],
          [
            10.56591,
            36.44689
          ],
          [
            10.56551,
            36.44926
          ],
          [
            10.56546,
            36.44963
          ],
          [
            10.56543,
            36.45058
          ],
          [
            10.56543,
            36.45075
          ],
          [
            10.56548,
            36.45159
          ],
          [
            10.56561,
            36.4524
          ],
          [
            10.56569,
            36.45274
          ],
          [
            10.56602,
            36.45391
          ],
          [
            10.5664,
            36.45504
          ],
          [
            10.56688,
            36.4566
          ],
          [
            10.56697,
            36.45686
          ],
          [
            10.56723,
            36.45789
          ],
          [
            10.56736,
            36.45846
          ],
          [
            10.56747,
            36.45914
          ],
          [
            10.56751,
            36.45949
          ],
          [
            10.56752,
            36.45967
          ],
          [
            10.56758,
            36.46024
          ],
          [
            10.5676,
            36.4609
          ],
          [
            10.56758,
            36.46237
          ],
          [
            10.56751,
            36.46399
          ],
          [
            10.56751,
            36.46489
          ],
          [
            10.56754,
            36.46545
          ],
          [
            10.56767,
            36.46661
          ],
          [
            10.56775,
            36.46707
          ],
          [
            10.56787,
            36.46764
          ],
          [
            10.56802,
            36.46822
          ],
          [
            10.56819,
            36.4688
          ],
          [
            10.56951,
            36.47266
          ],
          [
            10.56978,
            36.47359
          ],
          [
            10.56994,
            36.47424
          ],
          [
            10.57012,
            36.47508
          ],
          [
            10.57015,
            36.47526
          ],
          [
            10.57017,
            36.47532
          ],
          [
            10.57025,
            36.47576
          ],
          [
            10.57039,
            36.47674
          ],
          [
            10.5705,
            36.47785
          ],
          [
            10.57054,
            36.47851
          ],
          [
            10.57055,
            36.47983
          ],
          [
            10.57053,
            36.48027
          ],
          [
            10.57053,
            36.48037
          ],
          [
            10.57051,
            36.48083
          ],
          [
            10.57042,
            36.48183
          ],
          [
            10.57037,
            36.48226
          ],
          [
            10.5703,
            36.4827
          ],
          [
            10.5703,
            36.48271
          ],
          [
            10.57024,
            36.48305
          ],
          [
            10.57021,
            36.48326
          ],
          [
            10.56996,
            36.48447
          ],
          [
            10.56971,
            36.48544
          ],
          [
            10.56941,
            36.4864
          ],
          [
            10.56911,
            36.48727
          ],
          [
            10.56868,
            36.48833
          ],
          [
            10.56835,
            36.48906
          ],
          [
            10.5681,
            36.48958
          ],
          [
            10.56799,
            36.48978
          ],
          [
            10.56798,
            36.48981
          ],
          [
            10.56772,
            36.4903
          ],
          [
            10.56721,
            36.4912
          ],
          [
            10.56616,
            36.49287
          ],
          [
            10.56105,
            36.50057
          ],
          [
            10.56095,
            36.50073
          ],
          [
            10.5609,
            36.5008
          ],
          [
            10.55981,
            36.50248
          ],
          [
            10.55944,
            36.50308
          ],
          [
            10.55894,
            36.50394
          ],
          [
            10.55884,
            36.5041
          ],
          [
            10.55868,
            36.5044
          ],
          [
            10.55858,
            36.50457
          ],
          [
            10.55834,
            36.50501
          ],
          [
            10.55797,
            36.50573
          ],
          [
            10.55734,
            36.50709
          ],
          [
            10.55647,
            36.5091
          ],
          [
            10.55643,
            36.50921
          ],
          [
            10.55562,
            36.51111
          ],
          [
            10.55493,
            36.51279
          ],
          [
            10.55487,
            36.51292
          ],
          [
            10.55452,
            36.51376
          ],
          [
            10.55361,
            36.51585
          ],
          [
            10.55358,
            36.51591
          ],
          [
            10.55347,
            36.51617
          ],
          [
            10.55343,
            36.51625
          ],
          [
            10.55336,
            36.51642
          ],
          [
            10.55252,
            36.5183
          ],
          [
            10.55184,
            36.51965
          ],
          [
            10.55067,
            36.52173
          ],
          [
            10.55046,
            36.52207
          ],
          [
            10.55031,
            36.52233
          ],
          [
            10.54956,
            36.52351
          ],
          [
            10.54955,
            36.52352
          ],
          [
            10.5493,
            36.52391
          ],
          [
            10.54869,
            36.5248
          ],
          [
            10.54758,
            36.52632
          ],
          [
            10.54657,
            36.52764
          ],
          [
            10.54377,
            36.5312
          ],
          [
            10.54334,
            36.53178
          ],
          [
            10.54179,
            36.53401
          ],
          [
            10.54124,
            36.53477
          ],
          [
            10.54086,
            36.53526
          ],
          [
            10.54011,
            36.53612
          ],
          [
            10.5399,
            36.53634
          ],
          [
            10.53975,
            36.53651
          ],
          [
            10.53932,
            36.53694
          ],
          [
            10.53719,
            36.53896
          ],
          [
            10.53652,
            36.53966
          ],
          [
            10.53566,
            36.54065
          ],
          [
            10.53509,
            36.54139
          ],
          [
            10.53508,
            36.54139
          ],
          [
            10.53474,
            36.54188
          ],
          [
            10.5343,
            36.54257
          ],
          [
            10.53373,
            36.54356
          ],
          [
            10.53353,
            36.54396
          ],
          [
            10.53274,
            36.54563
          ],
          [
            10.53203,
            36.54718
          ],
          [
            10.5318,
            36.54765
          ],
          [
            10.53173,
            36.54782
          ],
          [
            10.53159,
            36.54811
          ],
          [
            10.53157,
            36.54816
          ],
          [
            10.53052,
            36.55039
          ],
          [
            10.53025,
            36.55089
          ],
          [
            10.52973,
            36.55179
          ],
          [
            10.52929,
            36.55249
          ],
          [
            10.52923,
            36.5526
          ],
          [
            10.52897,
            36.55297
          ],
          [
            10.52848,
            36.55363
          ],
          [
            10.52783,
            36.55447
          ],
          [
            10.52729,
            36.55511
          ],
          [
            10.52455,
            36.55825
          ],
          [
            10.52359,
            36.55946
          ],
          [
            10.5228,
            36.5605
          ],
          [
            10.52171,
            36.56188
          ],
          [
            10.52094,
            36.5628
          ],
          [
            10.52013,
            36.56372
          ],
          [
            10.51936,
            36.56452
          ],
          [
            10.51849,
            36.56537
          ],
          [
            10.51758,
            36.5662
          ],
          [
            10.51625,
            36.56732
          ],
          [
            10.51545,
            36.56793
          ],
          [
            10.51417,
            36.56885
          ],
          [
            10.51339,
            36.56937
          ],
          [
            10.51202,
            36.57023
          ],
          [
            10.51201,
            36.57024
          ],
          [
            10.51094,
            36.57085
          ],
          [
            10.50907,
            36.57182
          ],
          [
            10.50367,
            36.57431
          ],
          [
            10.50229,
            36.57497
          ],
          [
            10.5013,
            36.57548
          ],
          [
            10.49912,
            36.57667
          ],
          [
            10.4976,
            36.57759
          ],
          [
            10.49609,
            36.57856
          ],
          [
            10.4951,
            36.57922
          ],
          [
            10.4914,
            36.58175
          ],
          [
            10.49061,
            36.58227
          ],
          [
            10.48911,
            36.58322
          ],
          [
            10.48675,
            36.58463
          ],
          [
            10.48635,
            36.58485
          ],
          [
            10.48615,
            36.58497
          ],
          [
            10.48507,
            36.58557
          ],
          [
            10.48322,
            36.58656
          ],
          [
            10.48061,
            36.58787
          ],
          [
            10.47921,
            36.58853
          ],
          [
            10.47775,
            36.58919
          ],
          [
            10.47767,
            36.58922
          ],
          [
            10.47598,
            36.58996
          ],
          [
            10.47416,
            36.5907
          ],
          [
            10.47139,
            36.59175
          ],
          [
            10.46456,
            36.59418
          ],
          [
            10.4634,
            36.59461
          ],
          [
            10.46252,
            36.59496
          ],
          [
            10.46152,
            36.59538
          ],
          [
            10.46006,
            36.59605
          ],
          [
            10.45862,
            36.59678
          ],
          [
            10.45667,
            36.59788
          ],
          [
            10.45544,
            36.59865
          ],
          [
            10.45264,
            36.60055
          ],
          [
            10.45221,
            36.60083
          ],
          [
            10.45199,
            36.60099
          ],
          [
            10.45097,
            36.60162
          ],
          [
            10.45029,
            36.60202
          ],
          [
            10.44911,
            36.60263
          ],
          [
            10.44839,
            36.60297
          ],
          [
            10.44715,
            36.60347
          ],
          [
            10.44714,
            36.60347
          ],
          [
            10.44675,
            36.60362
          ],
          [
            10.44572,
            36.60397
          ],
          [
            10.44466,
            36.60427
          ],
          [
            10.44392,
            36.60446
          ],
          [
            10.44359,
            36.60453
          ],
          [
            10.44359,
            36.60454
          ],
          [
            10.44337,
            36.60458
          ],
          [
            10.44303,
            36.60466
          ],
          [
            10.44294,
            36.60467
          ],
          [
            10.44166,
            36.6049
          ],
          [
            10.44163,
            36.6049
          ],
          [
            10.44097,
            36.605
          ],
          [
            10.44095,
            36.605
          ],
          [
            10.43986,
            36.60516
          ],
          [
            10.43984,
            36.60516
          ],
          [
            10.4392,
            36.60526
          ],
          [
            10.43888,
            36.60532
          ],
          [
            10.43832,
            36.60541
          ],
          [
            10.4383,
            36.60542
          ],
          [
            10.43786,
            36.6055
          ],
          [
            10.43765,
            36.60555
          ],
          [
            10.43751,
            36.60557
          ],
          [
            10.43722,
            36.60565
          ],
          [
            10.4371,
            36.60567
          ],
          [
            10.437,
            36.6057
          ],
          [
            10.43679,
            36.60575
          ],
          [
            10.4367,
            36.60578
          ],
          [
            10.43637,
            36.60587
          ],
          [
            10.43631,
            36.60589
          ],
          [
            10.43616,
            36.60593
          ],
          [
            10.43595,
            36.606
          ],
          [
            10.43592,
            36.606
          ],
          [
            10.43553,
            36.60613
          ],
          [
            10.43552,
            36.60613
          ],
          [
            10.43514,
            36.60627
          ],
          [
            10.43512,
            36.60627
          ],
          [
            10.43411,
            36.60667
          ],
          [
            10.43392,
            36.60676
          ],
          [
            10.43377,
            36.60682
          ],
          [
            10.43372,
            36.60685
          ],
          [
            10.43334,
            36.60703
          ],
          [
            10.43329,
            36.60705
          ],
          [
            10.4324,
            36.60752
          ],
          [
            10.43223,
            36.60762
          ],
          [
            10.43222,
            36.60763
          ],
          [
            10.43186,
            36.60785
          ],
          [
            10.43178,
            36.60789
          ],
          [
            10.43168,
            36.60796
          ],
          [
            10.43112,
            36.60832
          ],
          [
            10.4311,
            36.60834
          ],
          [
            10.43093,
            36.60845
          ],
          [
            10.43091,
            36.60847
          ],
          [
            10.43048,
            36.60877
          ],
          [
            10.43025,
            36.60892
          ],
          [
            10.42995,
            36.60913
          ],
          [
            10.42992,
            36.60916
          ],
          [
            10.42981,
            36.60923
          ],
          [
            10.42975,
            36.60928
          ],
          [
            10.42941,
            36.60952
          ],
          [
            10.42932,
            36.60959
          ],
          [
            10.42824,
            36.61036
          ],
          [
            10.42807,
            36.61047
          ],
          [
            10.42774,
            36.6107
          ],
          [
            10.42773,
            36.61071
          ],
          [
            10.42756,
            36.61082
          ],
          [
            10.42739,
            36.61094
          ],
          [
            10.42621,
            36.61171
          ],
          [
            10.42617,
            36.61173
          ],
          [
            10.42555,
            36.61212
          ],
          [
            10.42546,
            36.61217
          ],
          [
            10.4251,
            36.61239
          ],
          [
            10.42492,
            36.61249
          ],
          [
            10.42486,
            36.61253
          ],
          [
            10.42405,
            36.61299
          ],
          [
            10.42239,
            36.61386
          ],
          [
            10.42108,
            36.6145
          ],
          [
            10.42105,
            36.61451
          ],
          [
            10.42047,
            36.61478
          ],
          [
            10.42046,
            36.61478
          ],
          [
            10.41934,
            36.61526
          ],
          [
            10.41633,
            36.61647
          ],
          [
            10.41627,
            36.61649
          ],
          [
            10.41607,
            36.61657
          ],
          [
            10.41588,
            36.61666
          ],
          [
            10.41468,
            36.61714
          ],
          [
            10.41448,
            36.61723
          ],
          [
            10.41368,
            36.61755
          ],
          [
            10.41348,
            36.61764
          ],
          [
            10.41345,
            36.61765
          ],
          [
            10.41289,
            36.61789
          ],
          [
            10.41271,
            36.61796
          ],
          [
            10.41249,
            36.61806
          ],
          [
            10.41229,
            36.61814
          ],
          [
            10.4121,
            36.61823
          ],
          [
            10.41197,
            36.61828
          ],
          [
            10.4119,
            36.61832
          ],
          [
            10.4117,
            36.6184
          ],
          [
            10.41112,
            36.61867
          ],
          [
            10.41073,
            36.61884
          ],
          [
            10.41063,
            36.61889
          ],
          [
            10.41053,
            36.61893
          ],
          [
            10.41034,
            36.61903
          ],
          [
            10.40942,
            36.61945
          ],
          [
            10.40937,
            36.61948
          ],
          [
            10.40879,
            36.61975
          ],
          [
            10.4087,
            36.6198
          ],
          [
            10.4086,
            36.61984
          ],
          [
            10.40763,
            36.62029
          ],
          [
            10.4076,
            36.62031
          ],
          [
            10.40642,
            36.62092
          ],
          [
            10.40408,
            36.6222
          ],
          [
            10.40273,
            36.62299
          ],
          [
            10.40173,
            36.6236
          ],
          [
            10.39983,
            36.6248
          ],
          [
            10.39834,
            36.6258
          ],
          [
            10.39674,
            36.62693
          ],
          [
            10.3964,
            36.62716
          ],
          [
            10.39639,
            36.62717
          ],
          [
            10.39528,
            36.62799
          ],
          [
            10.39524,
            36.62801
          ],
          [
            10.39327,
            36.62948
          ],
          [
            10.39326,
            36.62948
          ],
          [
            10.39248,
            36.63007
          ],
          [
            10.39228,
            36.63021
          ],
          [
            10.39192,
            36.63048
          ],
          [
            10.39145,
            36.63081
          ],
          [
            10.39135,
            36.63089
          ],
          [
            10.39095,
            36.63117
          ],
          [
            10.3909,
            36.63121
          ],
          [
            10.39011,
            36.63177
          ],
          [
            10.38989,
            36.63191
          ],
          [
            10.3896,
            36.63212
          ],
          [
            10.38956,
            36.63214
          ],
          [
            10.38937,
            36.63226
          ],
          [
            10.38925,
            36.63235
          ],
          [
            10.38833,
            36.63296
          ],
          [
            10.38628,
            36.63424
          ],
          [
            10.38508,
            36.63494
          ],
          [
            10.38502,
            36.63498
          ],
          [
            10.38387,
            36.63564
          ],
          [
            10.382,
            36.63664
          ],
          [
            10.37998,
            36.63766
          ],
          [
            10.37961,
            36.63786
          ],
          [
            10.37888,
            36.63828
          ],
          [
            10.3784,
            36.63858
          ],
          [
            10.37823,
            36.6387
          ],
          [
            10.37818,
            36.63874
          ],
          [
            10.37806,
            36.63882
          ],
          [
            10.37796,
            36.6389
          ],
          [
            10.3779,
            36.63894
          ],
          [
            10.37742,
            36.63933
          ],
          [
            10.37721,
            36.63951
          ],
          [
            10.37711,
            36.63961
          ],
          [
            10.37692,
            36.63978
          ],
          [
            10.37656,
            36.64015
          ],
          [
            10.37643,
            36.6403
          ],
          [
            10.37637,
            36.64036
          ],
          [
            10.37578,
            36.64103
          ],
          [
            10.37524,
            36.64168
          ],
          [
            10.37502,
            36.64192
          ],
          [
            10.37497,
            36.64198
          ],
          [
            10.37469,
            36.64228
          ],
          [
            10.37418,
            36.64276
          ],
          [
            10.37353,
            36.6433
          ],
          [
            10.37283,
            36.64379
          ],
          [
            10.37235,
            36.64409
          ],
          [
            10.37181,
            36.64439
          ],
          [
            10.37155,
            36.64452
          ],
          [
            10.37073,
            36.64488
          ],
          [
            10.37002,
            36.64514
          ],
          [
            10.37001,
            36.64514
          ],
          [
            10.36944,
            36.64532
          ],
          [
            10.36853,
            36.64554
          ],
          [
            10.3679,
            36.64565
          ],
          [
            10.36602,
            36.6459
          ],
          [
            10.36589,
            36.64591
          ],
          [
            10.36562,
            36.64595
          ],
          [
            10.36502,
            36.64602
          ],
          [
            10.36412,
            36.64617
          ],
          [
            10.36322,
            36.64638
          ],
          [
            10.36301,
            36.64644
          ],
          [
            10.36295,
            36.64645
          ],
          [
            10.36252,
            36.64657
          ],
          [
            10.3621,
            36.6467
          ],
          [
            10.36182,
            36.6468
          ],
          [
            10.36126,
            36.64702
          ],
          [
            10.36086,
            36.64719
          ],
          [
            10.35791,
            36.64851
          ],
          [
            10.35672,
            36.64907
          ],
          [
            10.35647,
            36.6492
          ],
          [
            10.35607,
            36.64939
          ],
          [
            10.35557,
            36.64965
          ],
          [
            10.35506,
            36.64994
          ],
          [
            10.35447,
            36.65031
          ],
          [
            10.35399,
            36.65064
          ],
          [
            10.3531,
            36.65132
          ],
          [
            10.35289,
            36.6515
          ],
          [
            10.35259,
            36.65178
          ],
          [
            10.35201,
            36.65235
          ],
          [
            10.35145,
            36.65294
          ],
          [
            10.35074,
            36.65374
          ],
          [
            10.35031,
            36.65425
          ],
          [
            10.34542,
            36.66028
          ],
          [
            10.34533,
            36.66038
          ],
          [
            10.34414,
            36.66182
          ],
          [
            10.34309,
            36.66304
          ],
          [
            10.34229,
            36.66394
          ],
          [
            10.34215,
            36.66408
          ],
          [
            10.34202,
            36.66423
          ],
          [
            10.34136,
            36.66493
          ],
          [
            10.34089,
            36.66541
          ],
          [
            10.34021,
            36.66607
          ],
          [
            10.33971,
            36.66653
          ],
          [
            10.33878,
            36.66735
          ],
          [
            10.33803,
            36.66796
          ],
          [
            10.33728,
            36.66854
          ],
          [
            10.33491,
            36.67026
          ],
          [
            10.33423,
            36.67073
          ],
          [
            10.33373,
            36.67109
          ],
          [
            10.33357,
            36.67122
          ],
          [
            10.3329,
            36.6717
          ],
          [
            10.33288,
            36.67172
          ],
          [
            10.33242,
            36.67205
          ],
          [
            10.33241,
            36.67206
          ],
          [
            10.33207,
            36.6723
          ],
          [
            10.33197,
            36.67238
          ],
          [
            10.33174,
            36.67254
          ],
          [
            10.33158,
            36.67267
          ],
          [
            10.33113,
            36.673
          ],
          [
            10.33108,
            36.67303
          ],
          [
            10.33092,
            36.67316
          ],
          [
            10.33043,
            36.67353
          ],
          [
            10.33041,
            36.67355
          ],
          [
            10.33027,
            36.67365
          ],
          [
            10.33011,
            36.67378
          ],
          [
            10.32995,
            36.6739
          ],
          [
            10.32949,
            36.67427
          ],
          [
            10.32933,
            36.67439
          ],
          [
            10.32901,
            36.67465
          ],
          [
            10.32885,
            36.67477
          ],
          [
            10.32669,
            36.67658
          ],
          [
            10.32665,
            36.67662
          ],
          [
            10.3248,
            36.67819
          ],
          [
            10.3247,
            36.67829
          ],
          [
            10.32417,
            36.67876
          ],
          [
            10.32262,
            36.68024
          ],
          [
            10.32153,
            36.68136
          ],
          [
            10.32118,
            36.68168
          ],
          [
            10.32025,
            36.68264
          ],
          [
            10.32015,
            36.68273
          ],
          [
            10.32014,
            36.68275
          ],
          [
            10.31864,
            36.68432
          ],
          [
            10.317,
            36.68597
          ],
          [
            10.31554,
            36.68734
          ],
          [
            10.3145,
            36.68824
          ],
          [
            10.31333,
            36.68921
          ],
          [
            10.31294,
            36.68952
          ],
          [
            10.31261,
            36.68976
          ],
          [
            10.31223,
            36.69006
          ],
          [
            10.31059,
            36.69127
          ],
          [
            10.30872,
            36.69258
          ],
          [
            10.3081,
            36.69303
          ],
          [
            10.30741,
            36.69356
          ],
          [
            10.30652,
            36.69428
          ],
          [
            10.30558,
            36.69509
          ],
          [
            10.30435,
            36.69623
          ],
          [
            10.3042,
            36.69636
          ],
          [
            10.30368,
            36.69685
          ],
          [
            10.30258,
            36.69785
          ],
          [
            10.30136,
            36.69891
          ],
          [
            10.30087,
            36.69931
          ],
          [
            10.30078,
            36.69939
          ],
          [
            10.30019,
            36.69986
          ],
          [
            10.29969,
            36.70024
          ],
          [
            10.29877,
            36.70091
          ],
          [
            10.29752,
            36.70177
          ],
          [
            10.29613,
            36.70266
          ],
          [
            10.29174,
            36.7053
          ],
          [
            10.29058,
            36.70609
          ],
          [
            10.29039,
            36.70624
          ],
          [
            10.29019,
            36.70638
          ],
          [
            10.2895,
            36.70693
          ],
          [
            10.28894,
            36.7074
          ],
          [
            10.28839,
            36.7079
          ],
          [
            10.2883,
            36.70797
          ],
          [
            10.28809,
            36.70817
          ],
          [
            10.28775,
            36.70846
          ],
          [
            10.28692,
            36.7092
          ],
          [
            10.28615,
            36.70983
          ],
          [
            10.28534,
            36.71044
          ],
          [
            10.28503,
            36.71066
          ],
          [
            10.28461,
            36.71094
          ],
          [
            10.28352,
            36.71161
          ],
          [
            10.28319,
            36.7118
          ],
          [
            10.28215,
            36.71234
          ],
          [
            10.28144,
            36.71268
          ],
          [
            10.28059,
            36.71304
          ],
          [
            10.28009,
            36.71324
          ],
          [
            10.27934,
            36.71352
          ],
          [
            10.27832,
            36.71385
          ],
          [
            10.27424,
            36.71506
          ],
          [
            10.27349,
            36.71533
          ],
          [
            10.27341,
            36.71535
          ],
          [
            10.27225,
            36.71576
          ],
          [
            10.27149,
            36.71605
          ],
          [
            10.27124,
            36.71616
          ],
          [
            10.27053,
            36.71645
          ],
          [
            10.27052,
            36.71646
          ],
          [
            10.27005,
            36.71668
          ],
          [
            10.26996,
            36.71673
          ],
          [
            10.26982,
            36.71679
          ],
          [
            10.26925,
            36.71709
          ],
          [
            10.26901,
            36.7172
          ],
          [
            10.26869,
            36.71736
          ],
          [
            10.26835,
            36.71757
          ],
          [
            10.26776,
            36.71787
          ],
          [
            10.26665,
            36.71854
          ],
          [
            10.26443,
            36.71999
          ],
          [
            10.26267,
            36.72117
          ],
          [
            10.26103,
            36.72223
          ],
          [
            10.25855,
            36.72372
          ],
          [
            10.25663,
            36.72471
          ],
          [
            10.25485,
            36.7255
          ],
          [
            10.25393,
            36.72588
          ],
          [
            10.25157,
            36.72675
          ],
          [
            10.2514,
            36.7268
          ],
          [
            10.25114,
            36.72689
          ],
          [
            10.24942,
            36.72744
          ],
          [
            10.24784,
            36.72786
          ],
          [
            10.24729,
            36.72799
          ],
          [
            10.24683,
            36.72808
          ],
          [
            10.24597,
            36.72827
          ],
          [
            10.24462,
            36.72854
          ],
          [
            10.24285,
            36.72884
          ],
          [
            10.23931,
            36.72938
          ],
          [
            10.23763,
            36.72969
          ],
          [
            10.23605,
            36.73008
          ],
          [
            10.235,
            36.73039
          ],
          [
            10.22946,
            36.73227
          ],
          [
            10.22799,
            36.73275
          ],
          [
            10.22712,
            36.73305
          ],
          [
            10.22694,
            36.73312
          ],
          [
            10.22692,
            36.73313
          ],
          [
            10.22612,
            36.73345
          ],
          [
            10.22603,
            36.73348
          ],
          [
            10.22551,
            36.73369
          ],
          [
            10.22476,
            36.73404
          ],
          [
            10.22473,
            36.73405
          ],
          [
            10.22438,
            36.73422
          ],
          [
            10.22435,
            36.73424
          ],
          [
            10.22434,
            36.73424
          ],
          [
            10.22415,
            36.73433
          ],
          [
            10.22396,
            36.73443
          ],
          [
            10.22389,
            36.73446
          ],
          [
            10.22224,
            36.73533
          ],
          [
            10.22183,
            36.73558
          ],
          [
            10.21938,
            36.73715
          ],
          [
            10.21813,
            36.73812
          ],
          [
            10.21779,
            36.73841
          ],
          [
            10.21706,
            36.73909
          ],
          [
            10.21569,
            36.74047
          ],
          [
            10.21367,
            36.74255
          ],
          [
            10.21354,
            36.7427
          ],
          [
            10.21352,
            36.74271
          ],
          [
            10.2134,
            36.74284
          ],
          [
            10.21317,
            36.74307
          ],
          [
            10.21282,
            36.74345
          ],
          [
            10.21125,
            36.74509
          ],
          [
            10.2104,
            36.74603
          ],
          [
            10.20828,
            36.74826
          ],
          [
            10.20761,
            36.749
          ],
          [
            10.2051,
            36.75157
          ],
          [
            10.20369,
            36.75313
          ],
          [
            10.20344,
            36.75345
          ],
          [
            10.20342,
            36.75348
          ],
          [
            10.20329,
            36.75363
          ],
          [
            10.20259,
            36.75452
          ],
          [
            10.20175,
            36.75575
          ],
          [
            10.20135,
            36.75639
          ],
          [
            10.20099,
            36.75701
          ],
          [
            10.20078,
            36.75743
          ],
          [
            10.2002,
            36.75849
          ],
          [
            10.20019,
            36.7585
          ],
          [
            10.19941,
            36.7598
          ],
          [
            10.19939,
            36.75982
          ],
          [
            10.19902,
            36.76041
          ],
          [
            10.19829,
            36.76163
          ],
          [
            10.19792,
            36.76221
          ],
          [
            10.19745,
            36.76288
          ],
          [
            10.19691,
            36.7636
          ],
          [
            10.1966,
            36.76416
          ],
          [
            10.19638,
            36.76463
          ],
          [
            10.19619,
            36.76522
          ],
          [
            10.19618,
            36.76524
          ],
          [
            10.1961,
            36.76551
          ],
          [
            10.19595,
            36.76629
          ],
          [
            10.19592,
            36.76665
          ],
          [
            10.19591,
            36.76711
          ],
          [
            10.19594,
            36.76747
          ],
          [
            10.19596,
            36.76758
          ],
          [
            10.19596,
            36.76761
          ],
          [
            10.19599,
            36.76775
          ],
          [
            10.19603,
            36.76802
          ],
          [
            10.19605,
            36.7682
          ],
          [
            10.19608,
            36.76834
          ],
          [
            10.19608,
            36.76835
          ],
          [
            10.19622,
            36.76888
          ],
          [
            10.19626,
            36.769
          ],
          [
            10.19648,
            36.76951
          ],
          [
            10.19754,
            36.7718
          ],
          [
            10.19781,
            36.77243
          ],
          [
            10.19788,
            36.77261
          ],
          [
            10.19795,
            36.77284
          ],
          [
            10.19803,
            36.77326
          ],
          [
            10.19804,
            36.77387
          ],
          [
            10.19801,
            36.7742
          ],
          [
            10.19798,
            36.77434
          ],
          [
            10.19794,
            36.77448
          ],
          [
            10.19779,
            36.77487
          ],
          [
            10.19775,
            36.77495
          ],
          [
            10.19738,
            36.77583
          ],
          [
            10.1972,
            36.7764
          ],
          [
            10.19711,
            36.77684
          ],
          [
            10.19711,
            36.77729
          ],
          [
            10.1971,
            36.77747
          ],
          [
            10.1971,
            36.77768
          ],
          [
            10.19711,
            36.77797
          ],
          [
            10.19711,
            36.77826
          ],
          [
            10.19714,
            36.77929
          ],
          [
            10.19715,
            36.77942
          ],
          [
            10.19718,
            36.78096
          ],
          [
            10.19719,
            36.78114
          ],
          [
            10.19719,
            36.7815
          ],
          [
            10.1972,
            36.78155
          ],
          [
            10.19719,
            36.78161
          ],
          [
            10.19719,
            36.78175
          ],
          [
            10.19718,
            36.78181
          ],
          [
            10.19718,
            36.78187
          ],
          [
            10.19716,
            36.78195
          ],
          [
            10.19714,
            36.78208
          ],
          [
            10.19708,
            36.78227
          ],
          [
            10.19704,
            36.78238
          ],
          [
            10.19698,
            36.78248
          ],
          [
            10.19695,
            36.78254
          ],
          [
            10.19692,
            36.78259
          ],
          [
            10.19677,
            36.78281
          ],
          [
            10.19668,
            36.7829
          ],
          [
            10.19664,
            36.78295
          ],
          [
            10.1965,
            36.78309
          ],
          [
            10.19646,
            36.78312
          ],
          [
            10.1964,
            36.78318
          ],
          [
            10.19594,
            36.78355
          ],
          [
            10.19574,
            36.78372
          ],
          [
            10.19549,
            36.78396
          ],
          [
            10.19516,
            36.78436
          ],
          [
            10.19325,
            36.78642
          ],
          [
            10.19298,
            36.78673
          ],
          [
            10.19285,
            36.78689
          ],
          [
            10.19273,
            36.78705
          ],
          [
            10.19252,
            36.78738
          ],
          [
            10.19238,
            36.78763
          ],
          [
            10.19224,
            36.78791
          ],
          [
            10.1921,
            36.78825
          ],
          [
            10.19174,
            36.78965
          ],
          [
            10.19172,
            36.78969
          ],
          [
            10.19145,
            36.79075
          ],
          [
            10.19096,
            36.79227
          ],
          [
            10.19086,
            36.79263
          ],
          [
            10.19008,
            36.79581
          ],
          [
            10.19002,
            36.79602
          ],
          [
            10.18934,
            36.79872
          ],
          [
            10.18929,
            36.79895
          ],
          [
            10.18914,
            36.7995
          ],
          [
            10.18898,
            36.80019
          ],
          [
            10.18894,
            36.80039
          ],
          [
            10.18886,
            36.80088
          ],
          [
            10.18879,
            36.80147
          ],
          [
            10.18878,
            36.8016
          ],
          [
            10.1887,
            36.80231
          ],
          [
            10.18867,
            36.80252
          ],
          [
            10.18866,
            36.80268
          ],
          [
            10.18867,
            36.80293
          ],
          [
            10.18869,
            36.80317
          ],
          [
            10.18873,
            36.80351
          ],
          [
            10.18874,
            36.80364
          ],
          [
            10.18873,
            36.80414
          ],
          [
            10.18879,
            36.80431
          ],
          [
            10.18877,
            36.80521
          ],
          [
            10.18878,
            36.80534
          ],
          [
            10.18885,
            36.80544
          ],
          [
            10.1888,
            36.80584
          ],
          [
            10.18872,
            36.80618
          ],
          [
            10.18863,
            36.80676
          ],
          [
            10.18863,
            36.80681
          ],
          [
            10.18829,
            36.8088
          ],
          [
            10.18821,
            36.80933
          ],
          [
            10.1882,
            36.80934
          ],
          [
            10.18793,
            36.8093
          ],
          [
            10.1879,
            36.80929
          ],
          [
            10.18785,
            36.80928
          ],
          [
            10.18778,
            36.80924
          ],
          [
            10.18775,
            36.80921
          ],
          [
            10.18772,
            36.80915
          ],
          [
            10.1877,
            36.80909
          ],
          [
            10.18766,
            36.80901
          ],
          [
            10.18759,
            36.80894
          ],
          [
            10.1864,
            36.80882
          ],
          [
            10.18629,
            36.8088
          ],
          [
            10.18517,
            36.80869
          ],
          [
            10.18501,
            36.80868
          ],
          [
            10.18486,
            36.80868
          ],
          [
            10.18402,
            36.8086
          ],
          [
            10.18396,
            36.8086
          ],
          [
            10.18391,
            36.80859
          ],
          [
            10.18388,
            36.80859
          ],
          [
            10.18329,
            36.80854
          ],
          [
            10.18267,
            36.80847
          ],
          [
            10.18148,
            36.80836
          ],
          [
            10.18137,
            36.80799
          ],
          [
            10.18137,
            36.80792
          ],
          [
            10.18135,
            36.80771
          ],
          [
            10.18135,
            36.80747
          ],
          [
            10.18138,
            36.80735
          ],
          [
            10.18138,
            36.80729
          ],
          [
            10.18163,
            36.80652
          ]
        ]
      }
    },
    {
      "type": "Feature",
      "properties": {
        "name": "Ksar Ghilane",
        "type": "point"
      },
      "geometry": {
        "type": "Point",
        "coordinates": [
          9.629816,
          32.9931949
        ]
      }
    },
    {
      "type": "Feature",
      "properties": {
        "name": "Douz",
        "type": "point"
      },
      "geometry": {
        "type": "Point",
        "coordinates": [
          9.0249412,
          33.4571124
        ]
      }
    },
    {
      "type": "Feature",
      "properties": {
        "name": "Tunis",
        "type": "point"
      },
      "geometry": {
        "type": "Point",
        "coordinates": [
          10.1816339,
          36.8065165
        ]
      }
    }
  ]
}